"","Terra ID","HCA Permit No","Temp Site No","Borden No","Artifact No","Unit Type*","Unit No","Level No","Min Depth (m)","Max Depth (m)","Screen Size (mm)","Material","Type","Subtype 1*","Subtype 2","Cortex Count","BRF Count*","Fine cutting","Heavy cutting","Acute angle scraping","Steep angle scraping","Spokeshave","Perforating","Other","Count","Weight (g)","Max Size (mm)","Length (mm)","Width (mm)","Thickness (mm)","Remarks","Collection Date (yyyy/mm/dd)","Cat Initials","photo flag","photo location 1","photo location 2","RBCM number","Material colour (primary)","Material colour (secondary)","Colour relationship","IS.","IS N","IS E","Fragment"
"1","17-1062-020","2017-0190",NA,"EfRc-4",1,"EU","1",2,0.2,0.25,NA,"fgv","debitage","shatter",NA,0,NA,0,0,0,0,0,0,0,4,1.99,35,0,0,0,NA,"2019/10/03","NHW",FALSE,NA,NA,45,"black",NA,NA,NA,NA,NA,FALSE
"2","17-1062-020","2017-0190",NA,"EfRc-4",2,"EU","1",2,0.2,0.25,NA,"fgv","debitage","prb",NA,0,NA,0,0,0,0,0,0,0,6,0.79,20,0,0,0,NA,"2017/09/28","NHW",FALSE,NA,NA,46,"black",NA,"solid",0,0,0,FALSE
"3","17-1062-020","2017-0190",NA,"EfRc-4",3,"EU","1",3,0.25,0.3,NA,"fgv","debitage","prb",NA,1,2,0,0,0,0,0,0,0,6,6.17,35,0,0,0,NA,"2017/09/28","NHW",FALSE,NA,NA,47,"black",NA,"solid",0,0,0,FALSE
"4","17-1062-020","2017-0190",NA,"EfRc-4",4,"EU","1",3,0.25,0.3,NA,"fgv","debitage","shatter",NA,0,NA,0,0,0,0,0,0,0,2,0.13,20,0,0,0,NA,"2017/09/28","NHW",FALSE,NA,NA,48,"black",NA,"solid",0,0,0,FALSE
"5","17-1062-020","2017-0190",NA,"EfRc-4",5,"EU","1",3,0.25,0.3,NA,"fgv","formal tool","scraper","unifacial",0,NA,0,0,0,1,0,0,0,1,8.58,NA,33.04,23.36,8.54,"Unifacially retouched end-scraper.  Lateral margins exhibit crushing consistent with hafting.  Wear/microflaking on both faces indicates use with a plane/chisel action.","2017/09/28","NHW",TRUE,NA,NA,49,"black",NA,"solid",0,0,0,FALSE
"6","17-1062-020","2017-0190",NA,"EfRc-4",6,"EU","1",3,0.25,0.3,NA,"fgv","expedient tool","retouched","unifacial",0,NA,1,0,0,0,0,0,0,1,7.49,NA,41.36,32.74,4.76,NA,"2017/09/28","NHW",TRUE,NA,NA,50,"black",NA,"solid",0,0,0,FALSE
"7","17-1062-020","2017-0190",NA,"EfRc-4",7,"EU","1",4,0.3,0.35,NA,"fgv","debitage","shatter",NA,0,NA,0,0,0,0,0,0,0,5,0.16,10,0,0,0,NA,"2017/09/28","NHW",FALSE,NA,NA,51,"black",NA,"solid",0,0,0,FALSE
"8","17-1062-020","2017-0190",NA,"EfRc-4",8,"EU","1",4,0.3,0.35,NA,"fgv","debitage","prb",NA,0,3,0,0,0,0,0,0,0,13,5.69,25,0,0,0,NA,"2017/09/28","NHW",FALSE,NA,NA,52,"black",NA,"solid",0,0,0,FALSE
"9","17-1062-020","2017-0190",NA,"EfRc-4",9,"EU","1",5,0.35,0.4,NA,"fgv","debitage","shatter",NA,0,NA,0,0,0,0,0,0,0,4,0.17,15,0,0,0,NA,"2017/09/28","NHW",FALSE,NA,NA,53,"black",NA,"solid",0,0,0,FALSE
"10","17-1062-020","2017-0190",NA,"EfRc-4",10,"EU","1",5,0.35,0.4,NA,"fgv","debitage","prb",NA,0,NA,0,0,0,0,0,0,0,3,0.19,15,0,0,0,NA,"2017/09/28","NHW",FALSE,NA,NA,54,"black",NA,"solid",0,0,0,FALSE
"11","17-1062-020","2017-0190",NA,"EfRc-4",11,"EU","1",5,0.35,0.4,NA,"fgv","expedient tool","utilized",NA,0,NA,1,0,0,0,0,0,0,1,0.57,NA,26.78,15.47,1.61,"Very ephemeral microflaking, some polish","2017/09/28","NHW",TRUE,NA,NA,55,"black",NA,"solid",0,0,0,FALSE
"12","17-1062-020","2017-0190",NA,"EfRc-4",13,"EU","1",6,0.4,0.45,NA,"fgv","debitage","prb",NA,0,NA,0,0,0,0,0,0,0,1,0.58,20,0,0,0,NA,"2017/09/28","NHW",FALSE,NA,NA,56,"black",NA,"solid",0,0,0,FALSE
"13","17-1062-020","2017-0190",NA,"EfRc-4",36,"EU","1",6,0.35,0.4,NA,"fgv","debitage","shatter",NA,0,NA,0,0,0,0,0,0,0,1,0.05,10,0,0,0,NA,"2019/10/03","NHW",FALSE,NA,NA,57,"black",NA,"solid",0,0,0,FALSE
"14","17-1062-020","2017-0190",NA,"EfRc-4",14,"EU","1",7,0.45,0.5,NA,"fgv","debitage","prb",NA,0,NA,0,0,0,0,0,0,0,2,1.19,25,0,0,0,NA,"2017/09/28","NHW",FALSE,NA,NA,58,"black",NA,"solid",0,0,0,FALSE
"15","17-1062-020","2017-0190",NA,"EfRc-4",15,"EU","1",8,0.5,0.55,NA,"fgv","debitage","prb",NA,0,1,0,0,0,0,0,0,0,2,0.8,25,0,0,0,NA,"2017/09/28","NHW",FALSE,NA,NA,59,"black",NA,"solid",0,0,0,FALSE
"16","17-1062-020","2017-0190",NA,"EfRc-4",16,"EU","1",9,0.55,0.6,NA,"fgv","debitage","shatter",NA,0,NA,0,0,0,0,0,0,0,1,0.4,20,0,0,0,NA,"2017/09/28","NHW",FALSE,NA,NA,60,"black",NA,"solid",0,0,0,FALSE
"17","17-1062-020","2017-0190",NA,"EfRc-4",17,"EU","1",9,0.55,0.6,NA,"fgv","debitage","prb",NA,0,NA,0,0,0,0,0,0,0,2,0.8,25,0,0,0,NA,"2017/09/28","NHW",FALSE,NA,NA,61,"black",NA,"solid",0,0,0,FALSE
"18","17-1062-020","2017-0190",NA,"EfRc-4",19,"EU","1",10,0.6,0.65,NA,"other","non-flaked stone artifact","hammerstone",NA,1,NA,0,0,0,0,0,0,0,1,450,NA,93.5,76.33,57.87,"Minor impact damage on ""tip"" of pyramidal hammerstone.
Weight is approximate (exceeds scale's maximum capacity).","2017/09/28","NHW",FALSE,NA,NA,62,"grey","dark grey","speckled",0,0,0,FALSE
"19","17-1062-020","2017-0190",NA,"EfRc-4",20,"EU","1",10,0.6,0.65,NA,"fgv","debitage","shatter",NA,0,NA,0,0,0,0,0,0,0,2,0.45,20,0,0,0,NA,"2017/09/28","NHW",FALSE,NA,NA,63,"black",NA,"solid",0,0,0,FALSE
"20","17-1062-020","2017-0190",NA,"EfRc-4",21,"EU","1",12,0.7,0.75,NA,"fgv","debitage","prb",NA,0,NA,0,0,0,0,0,0,0,1,0.03,10,0,0,0,NA,"2017/09/28","NHW",FALSE,NA,NA,64,"black",NA,"solid",0,0,0,FALSE
"21","17-1062-020","2017-0190",NA,"EfRc-4",22,"EU","1",NA,0,0.75,NA,"fgv","debitage","shatter",NA,0,NA,0,0,0,0,0,0,0,1,0.26,20,0,0,0,NA,"2017/09/28","NHW",FALSE,NA,NA,65,"black",NA,"solid",0,0,0,FALSE
"22","17-1062-020","2017-0190",NA,"EfRc-4",23,"EU","2",6,0.4,0.45,NA,"fgv","debitage","shatter",NA,0,NA,0,0,0,0,0,0,0,1,2.01,45,0,0,0,"Some trample damage evident on both lateral margins","2017/09/28","NHW",FALSE,NA,NA,66,"black",NA,"solid",0,0,0,FALSE
"23","17-1062-020","2017-0190",NA,"EfRc-4",24,"EU","3",4,0.4,0.45,NA,"other","expedient tool","utilized",NA,0,NA,0,0,1,0,0,0,0,1,34.63,NA,55.39,33.24,17.94,"Material likely novaculite.  Edge were indicates planing/whittling action transverse to edge axis.","2019/10/03","NHW",TRUE,NA,NA,67,"light grey","grey","banded",0,0,0,FALSE
"24","17-1062-020","2017-0190",NA,"EfRc-4",37,"EU","3",4,0.4,0.5,NA,"other","non-flaked stone artifact","abrader",NA,1,NA,0,0,0,0,0,0,0,1,1200,NA,166.13,128,53.55,"Refit pieces (n = 2) - post-depositional breakage.

Material is likely coarse-grained volcanic; basalt/andesite.
One very flat, smooth surface with multiple parallel grooves.","2019/10/03","NHW",TRUE,NA,NA,68,"black",NA,"solid",0,0,0,FALSE
"25","17-1062-020","2017-0190",NA,"EfRc-4",25,"EU","4",2,0.15,0.2,NA,"fgv","debitage","prb",NA,0,NA,0,0,0,0,0,0,0,1,0.88,25,0,0,0,NA,"2019/10/03","NHW",FALSE,NA,NA,69,"black",NA,"solid",0,0,0,FALSE
"26","17-1062-020","2017-0190",NA,"EfRc-4",26,"EU","4",2,0.15,0.2,NA,"fgv","debitage","shatter",NA,0,NA,0,0,0,0,0,0,0,2,0.23,15,0,0,0,NA,"2019/10/03","NHW",FALSE,NA,NA,70,"black",NA,"solid",0,0,0,FALSE
"27","17-1062-020","2017-0190",NA,"EfRc-4",27,"EU","4",3,0.2,0.25,NA,"fgv","debitage","prb",NA,0,2,0,0,0,0,0,0,0,4,1.14,25,0,0,0,NA,"2019/10/03","NHW",FALSE,NA,NA,71,"black",NA,"solid",0,0,0,FALSE
"28","17-1062-020","2017-0190",NA,"EfRc-4",28,"EU","4",3,0.2,0.25,NA,"fgv","debitage","shatter",NA,0,NA,0,0,0,0,0,0,0,2,0.39,20,0,0,0,NA,"2019/10/03","NHW",FALSE,NA,NA,72,"black",NA,"solid",0,0,0,FALSE
"29","17-1062-020","2017-0190",NA,"EfRc-4",29,"EU","4",4,0.25,0.3,NA,"fgv","debitage","shatter",NA,0,NA,0,0,0,0,0,0,0,8,1.49,20,0,0,0,NA,"2019/10/03","NHW",FALSE,NA,NA,73,"black",NA,"solid",0,0,0,FALSE
"30","17-1062-020","2017-0190",NA,"EfRc-4",30,"EU","4",4,0.25,0.3,NA,"fgv","debitage","prb",NA,0,1,0,0,0,0,0,0,0,7,2.83,25,0,0,0,NA,"2019/10/03","NHW",FALSE,NA,NA,74,"black",NA,"solid",0,0,0,FALSE
"31","17-1062-020","2017-0190",NA,"EfRc-4",31,"EU","4",4,0.25,0.3,NA,"fgv","expedient tool","retouched","unifacial",0,NA,2,0,0,0,0,0,0,1,0.48,NA,16.1,14.31,1.84,"Fine marginal flaking to form adjacent cutting edges; one concave, one convex.","2019/10/03","NHW",TRUE,NA,NA,75,"black",NA,"solid",0,0,0,TRUE
"32","17-1062-020","2017-0190",NA,"EfRc-4",32,"EU","4",4,0.25,0.3,NA,"other","other","other",NA,0,NA,0,0,0,0,0,0,0,1,0.63,20,0,0,0,"Appears to be a small chunk of ochre - bright red dust/clay comes off when rubbed.  Dark inclusions observed under magnification.","2019/10/03","NHW",TRUE,NA,NA,76,"red",NA,"solid",0,0,0,FALSE
"33","17-1062-020","2017-0190",NA,"EfRc-4",33,"EU","4",5,0.3,0.35,NA,"fgv","debitage","prb",NA,0,NA,0,0,0,0,0,0,0,1,0.03,10,0,0,0,NA,"2019/10/03","NHW",FALSE,NA,NA,77,"black",NA,"solid",0,0,0,FALSE
"34","17-1062-020","2017-0190",NA,"EfRc-4",34,"EU","4",5,0.3,0.35,NA,"fgv","debitage","shatter",NA,0,NA,0,0,0,0,0,0,0,1,0.05,10,0,0,0,NA,"2019/10/03","NHW",FALSE,NA,NA,78,"black",NA,"solid",0,0,0,FALSE
"35","17-1062-020","2017-0190",NA,"EfRc-4",35,"EU","4",5,0.3,0.35,NA,"chalcedony","debitage","shatter",NA,1,NA,0,0,0,0,0,0,0,1,0.51,15,0,0,0,NA,"2019/10/03","NHW",TRUE,NA,NA,79,"white","yellow","mottled",0,0,0,FALSE
"36","17-1062-020","2017-0190",NA,"EfRc-4",38,"EU","6",2,0.15,0.2,NA,"fgv","debitage","shatter",NA,0,NA,0,0,0,0,0,0,0,1,0.48,25,0,0,0,NA,"2019/10/05","NHW",FALSE,NA,NA,80,"black",NA,"solid",0,0,0,FALSE
"37","17-1062-020","2017-0190",NA,"EfRc-4",39,"EU","6",3,0.2,0.25,NA,"fgv","debitage","shatter",NA,0,NA,0,0,0,0,0,0,0,8,0.99,20,0,0,0,NA,"2019/10/05","NHW",FALSE,NA,NA,81,"black",NA,"solid",0,0,0,FALSE
"38","17-1062-020","2017-0190",NA,"EfRc-4",40,"EU","6",3,0.2,0.25,NA,"fgv","debitage","prb",NA,0,7,0,0,0,0,0,0,0,13,1.33,20,0,0,0,NA,"2019/10/05","NHW",FALSE,NA,NA,82,"black",NA,"solid",0,0,0,FALSE
"39","17-1062-020","2017-0190",NA,"EfRc-4",41,"EU","6",3,0.2,0.25,NA,"fgv","expedient tool","retouched","unifacial",0,NA,1,0,0,0,0,0,0,1,1.16,NA,32.04,14.45,3.25,"Backed knife.  Unmodified cutting edge opposite deliberately blunted margin.","2019/10/05","NHW",TRUE,NA,NA,83,"black",NA,"solid",0,0,0,FALSE
"40","17-1062-020","2017-0190",NA,"EfRc-4",42,"EU","6",3,0.2,0.25,NA,"fgv","expedient tool","retouched","unifacial",0,NA,0,0,1,0,0,0,0,1,12.37,NA,35.61,27.51,8.52,NA,"2019/10/05","NHW",TRUE,NA,NA,84,"black",NA,"solid",0,0,0,TRUE
"41","17-1062-020","2017-0190",NA,"EfRc-4",44,"EU","6",4,0.25,0.3,NA,"fgv","debitage","shatter",NA,0,NA,0,0,0,0,0,0,0,28,20.01,55,0,0,0,NA,"2019/10/05","NHW",FALSE,NA,NA,85,"black",NA,"solid",0,0,0,FALSE
"42","17-1062-020","2017-0190",NA,"EfRc-4",45,"EU","6",4,0.25,0.3,NA,"fgv","debitage","prb",NA,1,9,0,0,0,0,0,0,0,27,19,50,0,0,0,NA,"2019/10/05","NHW",FALSE,NA,NA,86,"black",NA,"solid",0,0,0,FALSE
"43","17-1062-020","2017-0190",NA,"EfRc-4",47,"EU","6",5,0.3,0.35,NA,"fgv","debitage","shatter",NA,1,NA,0,0,0,0,0,0,0,10,1.07,20,0,0,0,NA,"2019/10/05","NHW",FALSE,NA,NA,87,"black",NA,"solid",0,0,0,FALSE
"44","17-1062-020","2017-0190",NA,"EfRc-4",48,"EU","6",5,0.3,0.35,NA,"fgv","debitage","prb",NA,0,8,0,0,0,0,0,0,0,17,4.16,35,0,0,0,NA,"2019/10/05","NHW",FALSE,NA,NA,88,"black",NA,"solid",0,0,0,FALSE
"45","17-1062-020","2017-0190",NA,"EfRc-4",50,"EU","6",6,0.35,0.4,NA,"fgv","debitage","prb",NA,0,NA,0,0,0,0,0,0,0,1,0.22,20,0,0,0,NA,"2019/10/05","NHW",FALSE,NA,NA,89,"black",NA,"solid",0,0,0,FALSE
"46","17-1062-020","2017-0190",NA,"EfRc-4",51,"EU","6",6,0.35,0.4,NA,"fgv","debitage","shatter",NA,0,NA,0,0,0,0,0,0,0,1,0.03,15,0,0,0,NA,"2019/10/05","NHW",FALSE,NA,NA,90,"black",NA,"solid",0,0,0,FALSE
"47","17-1062-020","2017-0190",NA,"EfRc-4",52,"EU","6",7,0.4,0.45,NA,"fgv","debitage","prb",NA,0,NA,0,0,0,0,0,0,0,4,1.48,25,0,0,0,NA,"2019/10/05","NHW",FALSE,NA,NA,91,"black",NA,"solid",0,0,0,FALSE
"48","17-1062-020","2017-0190",NA,"EfRc-4",53,"EU","9",2,0.15,0.2,NA,"fgv","debitage","shatter",NA,0,NA,0,0,0,0,0,0,0,1,0.29,15,0,0,0,NA,"2019/10/06","NHW",FALSE,NA,NA,92,"black",NA,"solid",0,0,0,FALSE
"49","17-1062-020","2017-0190",NA,"EfRc-4",54,"EU","9",3,0.2,0.25,NA,"fgv","debitage","prb",NA,0,NA,0,0,0,0,0,0,0,5,0.25,15,0,0,0,NA,"2019/10/06","NHW",FALSE,NA,NA,93,"black",NA,"solid",0,0,0,FALSE
"50","17-1062-020","2017-0190",NA,"EfRc-4",55,"EU","9",3,0.2,0.25,NA,"fgv","debitage","shatter",NA,0,NA,0,0,0,0,0,0,0,13,0.75,20,0,0,0,NA,"2019/10/06","NHW",FALSE,NA,NA,94,"black",NA,"solid",0,0,0,FALSE
"51","17-1062-020","2017-0190",NA,"EfRc-4",56,"EU","9",3,0.2,0.25,NA,"fgv","expedient tool","retouched","unifacial",1,NA,0,0,0,0,1,0,0,1,1.77,NA,23.9,15.59,4.84,NA,"2019/10/06","NHW",TRUE,NA,NA,95,"black",NA,"solid",0,0,0,TRUE
"52","17-1062-020","2017-0190",NA,"EfRc-4",57,"EU","9",4,0.25,0.3,NA,"other","non-flaked stone artifact","hammerstone",NA,1,NA,0,0,0,0,0,0,0,1,131.97,NA,57.18,47.07,37.18,NA,"2019/10/06","NHW",FALSE,NA,NA,96,"light grey","grey","speckled",0,0,0,FALSE
"53","17-1062-020","2017-0190",NA,"EfRc-4",58,"EU","9",4,0.25,0.3,NA,"fgv","debitage","shatter",NA,1,NA,0,0,0,0,0,0,0,71,11.28,35,0,0,0,NA,"2019/10/06","NHW",FALSE,NA,NA,97,"black",NA,"solid",0,0,0,FALSE
"54","17-1062-020","2017-0190",NA,"EfRc-4",59,"EU","9",4,0.25,0.3,NA,"fgv","debitage","prb",NA,0,14,0,0,0,0,0,0,0,41,12.52,30,0,0,0,NA,"2019/10/06","NHW",FALSE,NA,NA,98,"black",NA,"solid",0,0,0,FALSE
"55","17-1062-020","2017-0190",NA,"EfRc-4",60,"EU","9",4,0.25,0.3,NA,"fgv","expedient tool","retouched","unifacial",0,NA,1,0,0,0,0,0,0,1,1.47,NA,28.77,17.83,3.92,"Backed knife","2019/10/06","NHW",TRUE,NA,NA,99,"black",NA,"solid",0,0,0,FALSE
"56","17-1062-020","2017-0190",NA,"EfRc-4",61,"EU","9",4,0.25,0.3,NA,"fgv","expedient tool","retouched","unifacial",0,NA,0,0,0,0,1,0,0,1,6.79,NA,35.49,14.28,10.01,NA,"2019/10/06","NHW",TRUE,NA,NA,100,"black",NA,"solid",0,0,0,FALSE
"57","17-1062-020","2017-0190",NA,"EfRc-4",62,"EU","9",4,0.25,0.3,NA,"fgv","expedient tool","retouched","unifacial",0,NA,0,0,0,1,0,0,0,1,3.61,NA,33.72,12.78,6.92,NA,"2019/10/06","NHW",TRUE,NA,NA,101,"black",NA,"solid",0,0,0,FALSE
"58","17-1062-020","2017-0190",NA,"EfRc-4",64,"EU","9",4,0.25,0.3,NA,"fgv","formal tool","biface","diagnostic",0,NA,0,0,0,0,0,0,0,1,4.02,NA,25.9,28.77,5.59,"Medial/basal fragment of a corner notched projectile point.  Straight blade edges, corner notched, rounded base.  Lehman phase.","2019/10/06","NHW",TRUE,NA,NA,102,"black",NA,"solid",1,0,0,TRUE
"59","17-1062-020","2017-0190",NA,"EfRc-4",65,"EU","9",5,0.3,0.35,NA,"fgv","debitage","shatter",NA,3,NA,0,0,0,0,0,0,0,115,25.22,45,0,0,0,NA,"2019/10/06","NHW",FALSE,NA,NA,103,"black",NA,"solid",0,0,0,FALSE
"60","17-1062-020","2017-0190",NA,"EfRc-4",66,"EU","9",5,0.3,0.35,NA,"fgv","debitage","prb",NA,1,27,0,0,0,0,0,0,0,102,23.04,35,0,0,0,NA,"2019/10/06","NHW",FALSE,NA,NA,104,"black",NA,"solid",0,0,0,FALSE
"61","17-1062-020","2017-0190",NA,"EfRc-4",67,"EU","9",5,0.3,0.35,NA,"fgv","expedient tool","utilized",NA,0,NA,1,0,0,0,0,0,0,1,1.06,NA,29.52,20.93,1.94,NA,"2019/10/06","NHW",TRUE,NA,NA,105,"black",NA,"solid",0,0,0,TRUE
"62","17-1062-020","2017-0190",NA,"EfRc-4",68,"EU","9",5,0.3,0.35,NA,"fgv","expedient tool","retouched","unifacial",0,NA,1,0,0,0,0,0,0,1,0.86,NA,18.23,14.02,2.63,NA,"2019/10/06","NHW",FALSE,NA,NA,106,"black",NA,"solid",0,0,0,TRUE
"63","17-1062-020","2017-0190",NA,"EfRc-4",69,"EU","9",5,0.3,0.35,NA,"fgv","expedient tool","retouched","unifacial",0,NA,0,0,1,0,0,0,0,1,0.47,NA,14.54,7.64,2.98,NA,"2019/10/06","NHW",TRUE,NA,NA,107,"black",NA,"solid",0,0,0,TRUE
"64","17-1062-020","2017-0190",NA,"EfRc-4",70,"EU","9",5,0.3,0.35,NA,"fgv","formal tool","biface","non-diagnostic",0,NA,0,0,0,0,0,0,0,1,0.64,NA,14.43,11.64,4.56,"Small edge fragment of a finished bifacial formal tool. Too fragmentary for ID.","2019/10/06","NHW",TRUE,NA,NA,108,"black",NA,"solid",0,0,0,TRUE
"65","17-1062-020","2017-0190",NA,"EfRc-4",72,"EU","9",6,0.35,0.4,NA,"fgv","debitage","shatter",NA,4,NA,0,0,0,0,0,0,0,63,12.28,30,0,0,0,NA,"2019/10/07","NHW",FALSE,NA,NA,109,"black",NA,"solid",0,0,0,FALSE
"66","17-1062-020","2017-0190",NA,"EfRc-4",73,"EU","9",6,0.35,0.4,NA,"fgv","debitage","prb",NA,1,16,0,0,0,0,0,0,0,59,15.02,35,0,0,0,NA,"2019/10/07","NHW",FALSE,NA,NA,110,"black",NA,"solid",0,0,0,FALSE
"67","17-1062-020","2017-0190",NA,"EfRc-4",74,"EU","9",6,0.35,0.4,NA,"fgv","expedient tool","retouched","unifacial",0,NA,0,0,0,0,1,0,0,1,1.08,NA,15.82,20.21,3.31,NA,"2019/10/07","NHW",TRUE,NA,NA,111,"black",NA,"solid",0,0,0,FALSE
"68","17-1062-020","2017-0190",NA,"EfRc-4",75,"EU","9",6,0.35,0.4,NA,"fgv","expedient tool","retouched","unifacial",0,NA,1,0,0,0,0,0,0,1,1.13,NA,24.72,16.03,2.44,NA,"2019/10/07","NHW",FALSE,NA,NA,112,"black",NA,"solid",0,0,0,TRUE
"69","17-1062-020","2017-0190",NA,"EfRc-4",76,"EU","9",6,0.35,0.4,NA,"fgv","expedient tool","retouched","unifacial",0,NA,1,0,0,0,0,0,0,1,1.15,NA,24.38,14.91,4.03,NA,"2019/10/07","NHW",TRUE,NA,NA,113,"black",NA,"solid",0,0,0,TRUE
"70","17-1062-020","2017-0190",NA,"EfRc-4",77,"EU","9",6,0.35,0.4,NA,"fgv","formal tool","other","non-diagnostic",0,NA,0,0,0,1,0,0,0,1,7.09,NA,44.31,23.67,6.79,"Bifacial triangular point refinished to produce a steep-angled scraper.
Medial/basal fragment of a biface; parallel blade edges, slanted base.  One edge is flaked off, similar to a burin flake.  Edge has been retouched to form a scraper.
0.37cm DBD","2019/10/07","NHW",TRUE,NA,NA,114,"black",NA,"solid",2,0,0,TRUE
"71","17-1062-020","2017-0190",NA,"EfRc-4",78,"EU","9",6,0.35,0.4,NA,"fgv","formal tool","biface","diagnostic",0,NA,0,0,0,0,0,0,0,1,6.44,NA,34.48,32.54,4.75,"0.67m E, 0.29m N, 0.365m Z
Medial/basal fragment of a large, thin biface.  Contracting blade edges, wide-angled shoulders, contracting stem, flat base.  Broad soft-hammer percussion flake scars, roughly parallel lateral pattern. Most likely Early Stemmed Point Trad.","2019/10/07","NHW",TRUE,NA,NA,115,"black",NA,"solid",3,0,1,TRUE
"72","17-1062-020","2017-0190",NA,"EfRc-4",79,"EU","9",7,0.4,0.45,NA,"fgv","debitage","shatter",NA,3,NA,0,0,0,0,0,0,0,56,9.74,30,0,0,0,NA,"2019/10/07","NHW",FALSE,NA,NA,116,"black",NA,"solid",0,0,0,FALSE
"73","17-1062-020","2017-0190",NA,"EfRc-4",80,"EU","9",7,0.4,0.45,NA,"fgv","debitage","prb",NA,0,14,0,0,0,0,0,0,0,57,10.7,35,0,0,0,NA,"2019/10/07","NHW",FALSE,NA,NA,117,"black",NA,"solid",0,0,0,FALSE
"74","17-1062-020","2017-0190",NA,"EfRc-4",81,"EU","9",7,0.4,0.45,NA,"fgv","expedient tool","retouched","unifacial",0,NA,1,0,0,0,0,0,0,1,2.76,NA,38.42,21.8,4.76,NA,"2019/10/07","NHW",TRUE,NA,NA,118,"black",NA,"solid",4,0,0,TRUE
"75","17-1062-020","2017-0190",NA,"EfRc-4",82,"EU","9",8,0.45,0.5,NA,"fgv","debitage","shatter",NA,1,NA,0,0,0,0,0,0,0,19,4.97,45,0,0,0,NA,"2019/10/07","NHW",FALSE,NA,NA,119,"black",NA,"solid",0,0,0,FALSE
"76","17-1062-020","2017-0190",NA,"EfRc-4",83,"EU","9",8,NA,NA,NA,"fgv","debitage","prb",NA,0,9,0,0,0,0,0,0,0,27,6.43,35,0,0,0,NA,"2019/10/07","NHW",FALSE,NA,NA,120,"black",NA,"solid",0,0,0,FALSE
"77","17-1062-020","2017-0190",NA,"EfRc-4",84,"EU","9",8,0.45,0.5,NA,"fgv","expedient tool","retouched","unifacial",0,NA,1,0,0,0,0,0,0,1,0.9,NA,19.23,17.18,3.44,NA,"2019/10/07","NHW",TRUE,NA,NA,121,"black",NA,"solid",0,0,0,TRUE
"78","17-1062-020","2017-0190",NA,"EfRc-4",85,"EU","9",9,0.5,0.55,NA,"fgv","debitage","prb",NA,0,2,0,0,0,0,0,0,0,5,0.26,15,0,0,0,NA,"2019/10/07","NHW",FALSE,NA,NA,122,"black",NA,"solid",0,0,0,FALSE
"79","17-1062-020","2017-0190",NA,"EfRc-4",86,"EU","9",9,0.5,0.55,NA,"fgv","debitage","shatter",NA,0,NA,0,0,0,0,0,0,0,1,0.25,15,0,0,0,NA,"2019/10/07","NHW",FALSE,NA,NA,123,"black",NA,"solid",0,0,0,FALSE
"80","17-1062-020","2017-0190",NA,"EfRc-4",87,"EU","9",10,0.55,0.6,NA,"fgv","debitage","shatter",NA,1,NA,0,0,0,0,0,0,0,8,2.35,25,0,0,0,NA,"2019/10/07","NHW",FALSE,NA,NA,124,"black",NA,"solid",0,0,0,FALSE
"81","17-1062-020","2017-0190",NA,"EfRc-4",88,"EU","9",10,0.55,0.6,NA,"fgv","debitage","prb",NA,0,NA,0,0,0,0,0,0,0,1,0.03,10,0,0,0,NA,"2019/10/07","NHW",FALSE,NA,NA,125,"black",NA,"solid",0,0,0,FALSE
"82","17-1062-020","2017-0190",NA,"EfRc-4",89,"EU","9",10,0.55,0.6,NA,"fgv","debitage","prb",NA,0,1,0,0,0,0,0,0,0,2,0.82,25,0,0,0,NA,"2019/10/08","NHW",FALSE,NA,NA,126,"black",NA,"solid",0,0,0,FALSE
"83","17-1062-020","2017-0190",NA,"EfRc-4",90,"EU","9",11,0.6,0.65,NA,"fgv","debitage","prb",NA,0,NA,0,0,0,0,0,0,0,2,0.13,15,0,0,0,NA,"2019/10/08","NHW",FALSE,NA,NA,127,"black",NA,"solid",0,0,0,FALSE
"84","17-1062-020","2017-0190",NA,"EfRc-4",91,"EU","9",12,0.65,0.7,NA,"fgv","debitage","shatter",NA,0,NA,0,0,0,0,0,0,0,4,0.1,10,0,0,0,NA,"2019/10/07","NHW",FALSE,NA,NA,128,"black",NA,"solid",0,0,0,FALSE
"85","17-1062-020","2017-0190",NA,"EfRc-4",92,"EU","9",12,0.65,0.7,NA,"fgv","debitage","prb",NA,0,NA,0,0,0,0,0,0,0,1,0.04,10,0,0,0,NA,"2019/10/07","NHW",FALSE,NA,NA,129,"black",NA,"solid",0,0,0,FALSE
"86","17-1062-020","2017-0190",NA,"EfRc-4",93,"EU","14",1,0.1,0.15,NA,"fgv","debitage","prb",NA,0,1,0,0,0,0,0,0,0,1,0.34,20,0,0,0,NA,"2019/10/08","NHW",FALSE,NA,NA,130,"black",NA,"solid",0,0,0,FALSE
"87","17-1062-020","2017-0190",NA,"EfRc-4",94,"EU","14",2,0.15,0.23,NA,"fgv","debitage","shatter",NA,0,NA,0,0,0,0,0,0,0,3,0.21,20,0,0,0,NA,"2019/10/08","NHW",FALSE,NA,NA,131,"black",NA,"solid",0,0,0,FALSE
"88","17-1062-020","2017-0190",NA,"EfRc-4",95,"EU","14",2,0.15,0.23,NA,"fgv","debitage","prb",NA,0,2,0,0,0,0,0,0,0,6,0.91,20,0,0,0,NA,"2019/10/08","NHW",FALSE,NA,NA,132,"black",NA,"solid",0,0,0,FALSE
"89","17-1062-020","2017-0190",NA,"EfRc-4",96,"EU","14",3,0.2,0.25,NA,"fgv","debitage","shatter",NA,0,NA,0,0,0,0,0,0,0,8,2.26,25,0,0,0,NA,"2019/10/08","NHW",FALSE,NA,NA,133,"black",NA,"solid",0,0,0,FALSE
"90","17-1062-020","2017-0190",NA,"EfRc-4",97,"EU","14",3,0.2,0.25,NA,"fgv","debitage","prb",NA,0,3,0,0,0,0,0,0,0,15,3.02,30,0,0,0,NA,"2019/10/08","NHW",FALSE,NA,NA,134,"black",NA,"solid",0,0,0,FALSE
"91","17-1062-020","2017-0190",NA,"EfRc-4",98,"EU","14",4,0.25,0.3,NA,"fgv","debitage","shatter",NA,1,NA,0,0,0,0,0,0,0,44,19.25,35,0,0,0,NA,"2019/10/08","NHW",FALSE,NA,NA,135,"black",NA,"solid",0,0,0,FALSE
"92","17-1062-020","2017-0190",NA,"EfRc-4",99,"EU","14",4,0.25,0.3,NA,"fgv","debitage","prb",NA,2,9,0,0,0,0,0,0,0,29,12.4,40,0,0,0,NA,"2019/10/08","NHW",FALSE,NA,NA,136,"black",NA,"solid",0,0,0,FALSE
"93","17-1062-020","2017-0190",NA,"EfRc-4",100,"EU","14",4,0.25,0.3,NA,"other","non-flaked stone artifact","abrader",NA,1,NA,0,0,0,0,0,0,0,1,51.24,NA,51.58,34.44,18.26,"Sandstone pebble abrader.  One very flat surface.","2019/10/08","NHW",TRUE,NA,NA,137,"tan",NA,"solid",0,0,0,FALSE
"94","17-1062-020","2017-0190",NA,"EfRc-4",101,"EU","14",4,0.25,0.3,NA,"fgv","expedient tool","retouched","unifacial",0,NA,0,0,0,1,0,0,0,1,1.54,NA,21.2,14.5,5.93,NA,"2019/10/08","NHW",TRUE,NA,NA,138,"black",NA,"solid",0,0,0,TRUE
"95","17-1062-020","2017-0190",NA,"EfRc-4",102,"EU","14",4,0.25,0.3,NA,"fgv","core","bipolar core",NA,1,NA,0,0,0,0,0,0,0,1,17.5,NA,38.71,40.94,11.44,NA,"2019/10/08","NHW",TRUE,NA,NA,139,"black",NA,"solid",0,0,0,FALSE
"96","17-1062-020","2017-0190",NA,"EfRc-4",185,"EU","14",4,0.3,0.35,NA,"fgv","debitage","prb",NA,1,45,0,0,0,0,0,0,0,125,38.4,40,0,0,0,NA,"2019/10/15","NHW",FALSE,NA,NA,140,"black",NA,"solid",0,0,0,FALSE
"97","17-1062-020","2017-0190",NA,"EfRc-4",103,"EU","14",5,0.3,0.35,NA,"fgv","formal tool","biface","non-diagnostic",0,NA,0,0,0,0,0,0,0,1,3.85,NA,31.73,22.42,5.41,"Small, foliate biface - complete.  Asymmetrical blade edges.  Contracting stem, flat base.  Asym. blade indicates use as a knife with clear resharpening trajectory.  Stylistically consistent with Lochnore phase/Shuswap horizon.","2019/10/08","NHW",TRUE,NA,NA,141,"black",NA,"solid",5,0,0,FALSE
"98","17-1062-020","2017-0190",NA,"EfRc-4",104,"EU","14",5,0.3,0.35,NA,"fgv","debitage","shatter",NA,4,NA,0,0,0,0,0,0,0,111,24.73,30,0,0,0,NA,"2019/10/08","NHW",FALSE,NA,NA,142,"black",NA,"solid",0,0,0,FALSE
"99","17-1062-020","2017-0190",NA,"EfRc-4",105,"EU","14",5,0.3,0.35,NA,"fgv","debitage","prb",NA,2,36,0,0,0,0,0,0,0,104,39.7,45,0,0,0,NA,"2019/10/08","NHW",FALSE,NA,NA,143,"black",NA,"solid",0,0,0,FALSE
"100","17-1062-020","2017-0190",NA,"EfRc-4",106,"EU","14",5,0.3,0.35,NA,"fgv","expedient tool","utilized",NA,0,1,1,0,0,0,0,0,0,1,1.65,NA,29.47,20.85,2.15,NA,"2019/10/08","NHW",FALSE,NA,NA,144,"black",NA,"solid",0,0,0,FALSE
"101","17-1062-020","2017-0190",NA,"EfRc-4",107,"EU","14",5,0.3,0.35,NA,"fgv","expedient tool","utilized",NA,0,NA,1,0,0,0,0,0,0,1,0.24,NA,17.01,11.52,1.43,NA,"2019/10/08","NHW",FALSE,NA,NA,145,"black",NA,"solid",0,0,0,TRUE
"102","17-1062-020","2017-0190",NA,"EfRc-4",108,"EU","14",5,0.3,0.35,NA,"fgv","expedient tool","retouched","unifacial",0,NA,0,0,1,0,0,0,0,1,2.43,NA,27.92,26.98,3.42,NA,"2019/10/08","NHW",TRUE,NA,NA,146,"black",NA,"solid",0,0,0,FALSE
"103","17-1062-020","2017-0190",NA,"EfRc-4",110,"EU","14",6,0.35,0.4,NA,"fgv","debitage","shatter",NA,1,NA,0,0,0,0,0,0,0,52,9.45,30,0,0,0,NA,"2019/10/08","NHW",FALSE,NA,NA,147,"black",NA,"solid",0,0,0,FALSE
"104","17-1062-020","2017-0190",NA,"EfRc-4",111,"EU","14",6,0.35,0.4,NA,"fgv","debitage","prb",NA,0,10,0,0,0,0,0,0,0,37,13.54,40,0,0,0,NA,"2019/10/08","NHW",FALSE,NA,NA,148,"black",NA,"solid",0,0,0,FALSE
"105","17-1062-020","2017-0190",NA,"EfRc-4",120,"EU","14",7,0.4,0.45,NA,"fgv","debitage","shatter",NA,0,NA,0,0,0,0,0,0,0,15,1.43,15,0,0,0,NA,"2019/10/09","NHW",FALSE,NA,NA,149,"black",NA,"solid",0,0,0,FALSE
"106","17-1062-020","2017-0190",NA,"EfRc-4",121,"EU","14",7,0.4,0.45,NA,"fgv","debitage","prb",NA,0,3,0,0,0,0,0,0,0,13,0.78,15,0,0,0,NA,"2019/10/09","NHW",FALSE,NA,NA,150,"black",NA,"solid",0,0,0,FALSE
"107","17-1062-020","2017-0190",NA,"EfRc-4",113,"EU","14",8,0.45,0.5,NA,"fgv","debitage","shatter",NA,0,NA,0,0,0,0,0,0,0,3,0.25,15,0,0,0,NA,"2019/10/09","NHW",FALSE,NA,NA,151,"black",NA,"solid",0,0,0,FALSE
"108","17-1062-020","2017-0190",NA,"EfRc-4",114,"EU","14",8,0.45,0.5,NA,"fgv","debitage","prb",NA,0,2,0,0,0,0,0,0,0,5,0.46,15,0,0,0,NA,"2019/10/09","NHW",FALSE,NA,NA,152,"black",NA,"solid",0,0,0,FALSE
"109","17-1062-020","2017-0190",NA,"EfRc-4",116,"EU","14",9,0.5,0.55,NA,"fgv","debitage","shatter",NA,0,NA,0,0,0,0,0,0,0,9,0.72,15,0,0,0,NA,"2019/10/09","NHW",FALSE,NA,NA,153,"black",NA,"solid",0,0,0,FALSE
"110","17-1062-020","2017-0190",NA,"EfRc-4",117,"EU","14",9,0.5,0.55,NA,"fgv","debitage","prb",NA,0,3,0,0,0,0,0,0,0,6,0.49,15,0,0,0,NA,"2019/10/09","NHW",FALSE,NA,NA,154,"black",NA,"solid",0,0,0,FALSE
"111","17-1062-020","2017-0190",NA,"EfRc-4",119,"EU","14",10,0.55,0.6,NA,"fgv","debitage","shatter",NA,2,NA,0,0,0,0,0,0,0,2,7.46,35,0,0,0,NA,"2019/10/09","NHW",FALSE,NA,NA,155,"black",NA,"solid",0,0,0,FALSE
"112","17-1062-020","2017-0190",NA,"EfRc-4",126,"EU","14",11,0.6,0.65,NA,"fgv","debitage","shatter",NA,0,NA,0,0,0,0,0,0,0,1,0.06,10,0,0,0,NA,"2019/10/09","NHW",FALSE,NA,NA,156,"black",NA,"solid",0,0,0,FALSE
"113","17-1062-020","2017-0190",NA,"EfRc-4",127,"EU","14",12,0.65,0.7,NA,"fgv","debitage","shatter",NA,0,NA,0,0,0,0,0,0,0,2,0.03,10,0,0,0,NA,"2019/10/09","NHW",FALSE,NA,NA,157,"black",NA,"solid",0,0,0,FALSE
"114","17-1062-020","2017-0190",NA,"EfRc-4",128,"EU","14",12,0.65,0.7,NA,"fgv","debitage","prb",NA,0,1,0,0,0,0,0,0,0,1,0.03,10,0,0,0,NA,"2019/10/09","NHW",FALSE,NA,NA,158,"black",NA,"solid",0,0,0,FALSE
"115","17-1062-020","2017-0190",NA,"EfRc-4",123,"EU","14",NA,0.8,0.8,NA,"fgv","debitage","shatter",NA,0,NA,0,0,0,0,0,0,0,3,0.21,15,0,0,0,"Layer B   - collected from wall during profiling","2019/10/09","NHW",FALSE,NA,NA,159,"black",NA,"solid",0,0,0,FALSE
"116","17-1062-020","2017-0190",NA,"EfRc-4",124,"EU","14",NA,0.8,0.8,NA,"fgv","debitage","prb",NA,1,1,0,0,0,0,0,0,0,3,0.79,20,0,0,0,"Layer B   - collected from wall during profiling","2019/10/09","NHW",FALSE,NA,NA,160,"black",NA,"solid",0,0,0,FALSE
"117","17-1062-020","2017-0190",NA,"EfRc-4",129,"EU","15",1,0.15,0.2,NA,"fgv","debitage","shatter",NA,0,NA,0,0,0,0,0,0,0,2,0.08,15,0,0,0,NA,"2019/10/09","NHW",FALSE,NA,NA,161,"black",NA,"solid",0,0,0,FALSE
"118","17-1062-020","2017-0190",NA,"EfRc-4",130,"EU","15",2,0.2,0.25,NA,"fgv","debitage","shatter",NA,0,NA,0,0,0,0,0,0,0,14,3.75,30,0,0,0,NA,"2019/10/08","NHW",FALSE,NA,NA,162,"black",NA,"solid",0,0,0,FALSE
"119","17-1062-020","2017-0190",NA,"EfRc-4",131,"EU","15",2,0.2,0.25,NA,"fgv","debitage","prb",NA,0,2,0,0,0,0,0,0,0,11,6.37,35,0,0,0,NA,"2019/10/08","NHW",FALSE,NA,NA,163,"black",NA,"solid",0,0,0,FALSE
"120","17-1062-020","2017-0190",NA,"EfRc-4",132,"EU","15",2,0.2,0.25,NA,"quartzite","debitage","prb",NA,0,NA,0,0,0,0,0,0,0,1,2.26,30,0,0,0,NA,"2019/10/08","NHW",TRUE,NA,NA,164,"grey",NA,"solid",0,0,0,FALSE
"121","17-1062-020","2017-0190",NA,"EfRc-4",134,"EU","15",3,0.25,0.3,NA,"fgv","debitage","shatter",NA,0,NA,0,0,0,0,0,0,0,24,2.78,20,0,0,0,NA,"2019/10/08","NHW",FALSE,NA,NA,165,"black",NA,"solid",0,0,0,FALSE
"122","17-1062-020","2017-0190",NA,"EfRc-4",135,"EU","15",3,0.25,0.3,NA,"fgv","debitage","prb",NA,2,10,0,0,0,0,0,0,0,22,9.46,40,0,0,0,NA,"2019/10/08","NHW",FALSE,NA,NA,166,"black",NA,"solid",0,0,0,FALSE
"123","17-1062-020","2017-0190",NA,"EfRc-4",136,"EU","15",3,0.25,0.3,NA,"fgv","core","bipolar core",NA,1,NA,0,0,0,0,0,0,0,1,14.35,NA,46.1,25.21,13.44,"Split pebble/volcanic bomblet.","2019/10/08","NHW",TRUE,NA,NA,167,"black",NA,"solid",0,0,0,FALSE
"124","17-1062-020","2017-0190",NA,"EfRc-4",138,"EU","15",4,0.3,0.35,NA,"fgv","debitage","shatter",NA,1,NA,0,0,0,0,0,0,0,89,4.03,20,0,0,0,NA,"2019/10/08","NHW",FALSE,NA,NA,168,"black",NA,"solid",0,0,0,FALSE
"125","17-1062-020","2017-0190",NA,"EfRc-4",139,"EU","15",4,0.3,0.35,NA,"fgv","debitage","prb",NA,NA,12,0,0,0,0,0,0,0,61,4.59,30,0,0,0,NA,"2019/10/08","NHW",FALSE,NA,NA,169,"black",NA,"solid",0,0,0,FALSE
"126","17-1062-020","2017-0190",NA,"EfRc-4",141,"EU","15",4,0.3,0.35,NA,"fgv","formal tool","biface","diagnostic",0,NA,0,0,0,0,0,0,0,1,2.56,NA,24.81,23.57,4.42,"0.93E 0.47N .33Z
Basal fragment of a projectile point.  Contracting stem and rounded base.  Lochnore Phase is most likely, but the piece is so fragmentary that the ID is provisional.","2019/10/08","NHW",TRUE,NA,NA,170,"black",NA,"solid",6,0,1,TRUE
"127","17-1062-020","2017-0190",NA,"EfRc-4",143,"EU","15",5,0.35,0.4,NA,"quartz","other","manuport",NA,2,NA,0,0,0,0,0,0,0,2,411.55,95,0,0,0,"Un-modified cobbles of white quartz","2019/10/08","NHW",TRUE,NA,NA,171,"white",NA,"solid",0,0,0,FALSE
"128","17-1062-020","2017-0190",NA,"EfRc-4",144,"EU","15",5,0.35,0.4,NA,"chalcedony","debitage","prb",NA,0,NA,0,0,0,0,0,0,0,1,0.1,20,0,0,0,NA,"2019/10/08","NHW",TRUE,NA,NA,172,"white","yellow","transitioning",0,0,0,FALSE
"129","17-1062-020","2017-0190",NA,"EfRc-4",145,"EU","15",5,0.35,0.4,NA,"quartz","debitage","shatter",NA,0,NA,0,0,0,0,0,0,0,3,0.29,15,0,0,0,NA,"2019/10/08","NHW",FALSE,NA,NA,173,"white",NA,"solid",0,0,0,FALSE
"130","17-1062-020","2017-0190",NA,"EfRc-4",146,"EU","15",5,0.35,0.4,NA,"fgv","debitage","shatter",NA,1,NA,0,0,0,0,0,0,0,2,3.85,30,0,0,0,"Notably coarser material than the black FGV.","2019/10/08","NHW",FALSE,NA,NA,174,"grey",NA,"solid",0,0,0,FALSE
"131","17-1062-020","2017-0190",NA,"EfRc-4",147,"EU","15",5,0.35,0.4,NA,"fgv","debitage","prb",NA,2,NA,0,0,0,0,0,0,0,4,3.28,30,0,0,0,"Notably coarser material than the black FGV.","2019/10/08","NHW",TRUE,NA,NA,175,"grey",NA,"solid",0,0,0,FALSE
"132","17-1062-020","2017-0190",NA,"EfRc-4",148,"EU","15",5,0.35,0.4,NA,"fgv","debitage","prb",NA,3,135,0,0,0,0,0,0,0,346,108.47,45,0,0,0,NA,"2019/10/08","NHW",FALSE,NA,NA,176,"black",NA,"solid",0,0,0,FALSE
"133","17-1062-020","2017-0190",NA,"EfRc-4",149,"EU","15",5,0.35,0.4,NA,"fgv","debitage","shatter",NA,10,NA,0,0,0,0,0,0,0,475,71.01,40,0,0,0,NA,"2019/10/08","NHW",FALSE,NA,NA,177,"black",NA,"solid",0,0,0,FALSE
"134","17-1062-020","2017-0190",NA,"EfRc-4",150,"EU","15",5,0.35,0.4,NA,"fgv","expedient tool","utilized",NA,1,NA,1,0,0,0,0,0,0,1,2.23,NA,34.13,16.65,3.44,NA,"2019/10/08","NHW",TRUE,NA,NA,178,"black",NA,"solid",0,0,0,FALSE
"135","17-1062-020","2017-0190",NA,"EfRc-4",151,"EU","15",5,0.35,0.4,NA,"fgv","expedient tool","utilized",NA,0,NA,1,0,0,0,0,0,0,1,0.82,NA,18.96,16.24,3.74,NA,"2019/10/08","NHW",TRUE,NA,NA,179,"black",NA,"solid",0,0,0,FALSE
"136","17-1062-020","2017-0190",NA,"EfRc-4",152,"EU","15",5,0.35,0.4,NA,"fgv","expedient tool","retouched","unifacial",0,NA,1,0,0,0,0,0,0,1,0.64,NA,19.12,19.4,2.29,NA,"2019/10/08","NHW",TRUE,NA,NA,180,"black",NA,"solid",0,0,0,TRUE
"137","17-1062-020","2017-0190",NA,"EfRc-4",153,"EU","15",5,0.35,0.4,NA,"fgv","expedient tool","retouched","unifacial",0,NA,1,0,0,0,0,0,0,1,0.7,NA,25.87,12.29,2.07,NA,"2019/10/08","NHW",TRUE,NA,NA,181,"black",NA,"solid",0,0,0,TRUE
"138","17-1062-020","2017-0190",NA,"EfRc-4",154,"EU","15",5,0.35,0.4,NA,"fgv","expedient tool","retouched","unifacial",0,NA,0,0,0,0,1,0,0,1,2.38,NA,26.17,24.47,5.32,NA,"2019/10/08","NHW",TRUE,NA,NA,182,"black",NA,"solid",0,0,0,TRUE
"139","17-1062-020","2017-0190",NA,"EfRc-4",155,"EU","15",5,0.35,0.4,NA,"fgv","core","bipolar core",NA,1,NA,0,0,0,0,0,0,0,1,4.5,NA,31.56,19.7,8.76,"Split pebble","2019/10/08","NHW",TRUE,NA,NA,183,"black",NA,"solid",0,0,0,FALSE
"140","17-1062-020","2017-0190",NA,"EfRc-4",156,"EU","15",5,0.35,0.4,NA,"fgv","formal tool","biface","non-diagnostic",0,NA,0,0,0,0,0,0,0,1,1.06,NA,24.8,10,4.88,"Small edge fragment of a finished biface.  Too fragmentary for ID.","2019/10/08","NHW",TRUE,NA,NA,184,"black",NA,"solid",0,0,0,TRUE
"141","17-1062-020","2017-0190",NA,"EfRc-4",157,"EU","15",5,0.35,0.4,NA,"fgv","formal tool","biface","diagnostic",0,NA,0,0,0,0,0,0,0,1,0.44,NA,12.79,10.2,3.39,"Basal fragment of a stemmed biface.  Expanding stem to a rounded base.  Plateau horizon/Thompson Phase (2400-1200 BP)","2019/10/08","NHW",TRUE,NA,NA,185,"black",NA,"solid",0,0,0,TRUE
"142","17-1062-020","2017-0190",NA,"EfRc-4",158,"EU","15",5,NA,NA,NA,"fgv","formal tool","uniface","diagnostic",0,NA,0,0,0,0,0,0,0,1,2.55,NA,39.54,18.73,3.24,"Key-shaped uniface fragment.","2019/10/08","NHW",TRUE,NA,NA,186,"black",NA,"solid",7,0,0,TRUE
"143","17-1062-020","2017-0190",NA,"EfRc-4",159,"EU","15",6,0.4,0.45,NA,"fgv","debitage","shatter",NA,4,NA,0,0,0,0,0,0,0,71,8.9,30,0,0,0,NA,"2019/10/08","NHW",FALSE,NA,NA,187,"black",NA,"solid",0,0,0,FALSE
"144","17-1062-020","2017-0190",NA,"EfRc-4",160,"EU","15",6,0.4,0.45,NA,"fgv","debitage","prb",NA,2,25,0,0,0,0,0,0,0,63,7.51,20,0,0,0,NA,"2019/10/08","NHW",FALSE,NA,NA,188,"black",NA,"solid",0,0,0,FALSE
"145","17-1062-020","2017-0190",NA,"EfRc-4",162,"EU","15",7,0.45,0.5,NA,"fgv","debitage","shatter",NA,0,NA,0,0,0,0,0,0,0,19,1.33,15,0,0,0,NA,"2019/10/08","NHW",FALSE,NA,NA,189,"black",NA,"solid",0,0,0,FALSE
"146","17-1062-020","2017-0190",NA,"EfRc-4",163,"EU","15",7,0.45,0.5,NA,"fgv","debitage","prb",NA,0,4,0,0,0,0,0,0,0,10,1.62,20,0,0,0,NA,"2019/10/08","NHW",FALSE,NA,NA,190,"black",NA,"solid",0,0,0,FALSE
"147","17-1062-020","2017-0190",NA,"EfRc-4",164,"EU","15",7,0.45,0.5,NA,"chalcedony","debitage","shatter",NA,0,NA,0,0,0,0,0,0,0,1,0.07,15,0,0,0,NA,"2019/10/08","NHW",FALSE,NA,NA,191,"yellow",NA,"solid",0,0,0,FALSE
"148","17-1062-020","2017-0190",NA,"EfRc-4",165,"EU","15",7,0.45,0.5,NA,"fgv","expedient tool","utilized",NA,0,NA,1,0,0,0,0,0,0,1,0.26,NA,18.11,12.37,1.34,NA,"2019/10/08","NHW",TRUE,NA,NA,192,"black",NA,"solid",0,0,0,FALSE
"149","17-1062-020","2017-0190",NA,"EfRc-4",167,"EU","15",8,0.5,0.55,NA,"fgv","debitage","shatter",NA,0,NA,0,0,0,0,0,0,0,10,1.09,20,0,0,0,NA,"2019/10/08","NHW",FALSE,NA,NA,193,"black",NA,"solid",0,0,0,FALSE
"150","17-1062-020","2017-0190",NA,"EfRc-4",168,"EU","15",8,0.5,0.55,NA,"fgv","debitage","prb",NA,0,9,0,0,0,0,0,0,0,15,3.09,30,0,0,0,NA,"2019/10/08","NHW",FALSE,NA,NA,194,"black",NA,"solid",0,0,0,FALSE
"151","17-1062-020","2017-0190",NA,"EfRc-4",169,"EU","15",8,0.5,0.55,NA,"fgv","expedient tool","retouched","unifacial",0,NA,0,0,1,0,0,0,0,1,2.5,NA,26.52,21.88,5.62,NA,"2019/10/08","NHW",TRUE,NA,NA,195,"black",NA,"solid",0,0,0,FALSE
"152","17-1062-020","2017-0190",NA,"EfRc-4",171,"EU","15",9,0.55,0.6,NA,"fgv","debitage","shatter",NA,0,NA,0,0,0,0,0,0,0,1,0.07,15,0,0,0,NA,"2019/10/08","NHW",FALSE,NA,NA,196,"black",NA,"solid",0,0,0,FALSE
"153","17-1062-020","2017-0190",NA,"EfRc-4",173,"EU","15",10,0.6,0.65,NA,"fgv","debitage","prb",NA,0,1,0,0,0,0,0,0,0,1,0.18,15,0,0,0,NA,"2019/10/08","NHW",FALSE,NA,NA,197,"black",NA,"solid",0,0,0,FALSE
"154","17-1062-020","2017-0190",NA,"EfRc-4",174,"EU","16",1,0.15,0.2,NA,"fgv","debitage","shatter",NA,0,NA,0,0,0,0,0,0,0,2,0.11,15,0,0,0,NA,"2019/10/15","NHW",FALSE,NA,NA,198,"black",NA,"solid",0,0,0,FALSE
"155","17-1062-020","2017-0190",NA,"EfRc-4",175,"EU","16",1,0.15,0.2,NA,"fgv","debitage","prb",NA,0,1,0,0,0,0,0,0,0,1,0.08,10,0,0,0,NA,"2019/10/15","NHW",FALSE,NA,NA,199,"black",NA,"solid",0,0,0,FALSE
"156","17-1062-020","2017-0190",NA,"EfRc-4",176,"EU","16",2,0.2,0.25,NA,"other","non-flaked stone artifact","abrader",NA,1,NA,0,0,0,0,0,0,0,1,405.36,NA,93.59,71.45,38.08,"One face is very smooth and flat.  Impact scars at tip indicate possible use as a hammerstone.  Isolated post-depositional scrapes visible.","2019/10/15","NHW",TRUE,NA,NA,200,"brown",NA,"solid",0,0,0,FALSE
"157","17-1062-020","2017-0190",NA,"EfRc-4",177,"EU","16",2,0.2,0.25,NA,"fgv","debitage","shatter",NA,0,NA,0,0,0,0,0,0,0,7,0.96,30,0,0,0,NA,"2019/10/15","NHW",FALSE,NA,NA,201,"black",NA,"solid",0,0,0,FALSE
"158","17-1062-020","2017-0190",NA,"EfRc-4",178,"EU","16",2,0.2,0.25,NA,"fgv","debitage","prb",NA,0,1,0,0,0,0,0,0,0,4,1.94,25,0,0,0,NA,"2019/10/15","NHW",FALSE,NA,NA,202,"black",NA,"solid",0,0,0,FALSE
"159","17-1062-020","2017-0190",NA,"EfRc-4",179,"EU","16",2,0.2,0.25,NA,"fgv","expedient tool","utilized",NA,0,NA,1,0,0,0,0,0,0,1,0.57,NA,19.71,12.77,2.16,NA,"2019/10/15","NHW",TRUE,NA,NA,203,"black",NA,"solid",0,0,0,FALSE
"160","17-1062-020","2017-0190",NA,"EfRc-4",180,"EU","16",3,0.25,0.3,NA,"fgv","debitage","shatter",NA,2,NA,0,0,0,0,0,0,0,16,11.58,35,0,0,0,NA,"2019/10/15","NHW",FALSE,NA,NA,204,"black",NA,"solid",0,0,0,FALSE
"161","17-1062-020","2017-0190",NA,"EfRc-4",181,"EU","16",3,0.25,0.3,NA,"fgv","debitage","prb",NA,2,7,0,0,0,0,0,0,0,14,8.88,35,0,0,0,NA,"2019/10/15","NHW",FALSE,NA,NA,205,"black",NA,"solid",0,0,0,FALSE
"162","17-1062-020","2017-0190",NA,"EfRc-4",182,"EU","16",3,0.25,0.3,NA,"fgv","core","bipolar core",NA,1,NA,0,0,0,0,0,0,0,1,1.03,NA,17.56,14.56,3.91,NA,"2019/10/15","NHW",TRUE,NA,NA,206,"black",NA,"solid",0,0,0,FALSE
"163","17-1062-020","2017-0190",NA,"EfRc-4",183,"EU","16",4,0.3,0.35,NA,"fgv","debitage","shatter",NA,0,NA,0,0,0,0,0,0,0,1,0.03,15,0,0,0,"Appears to be Ducks Meadow vitric tuff.","2019/10/15","NHW",TRUE,NA,NA,207,"light grey",NA,"solid",0,0,0,FALSE
"164","17-1062-020","2017-0190",NA,"EfRc-4",184,"EU","16",4,0.3,0.35,NA,"fgv","debitage","shatter",NA,13,NA,0,0,0,0,0,0,0,134,40.98,35,0,0,0,NA,"2019/10/15","NHW",FALSE,NA,NA,208,"black",NA,"solid",0,0,0,FALSE
"165","17-1062-020","2017-0190",NA,"EfRc-4",186,"EU","16",4,0.3,0.35,NA,"fgv","expedient tool","retouched","unifacial",0,NA,0,0,1,0,0,0,0,1,0.74,NA,18.89,11.41,3.39,NA,"2019/10/15","NHW",TRUE,NA,NA,209,"black",NA,"solid",0,0,0,TRUE
"166","17-1062-020","2017-0190",NA,"EfRc-4",187,"EU","16",4,0.3,0.35,NA,"fgv","expedient tool","retouched","unifacial",0,NA,1,0,0,0,0,0,0,1,0.69,NA,19.09,15.85,3.66,NA,"2019/10/15","NHW",TRUE,NA,NA,210,"black",NA,"solid",0,0,0,TRUE
"167","17-1062-020","2017-0190",NA,"EfRc-4",188,"EU","16",4,0.3,0.35,NA,"fgv","expedient tool","utilized",NA,1,NA,0,1,0,0,0,0,0,1,8.34,NA,29.13,24.57,11.18,NA,"2019/10/15","NHW",TRUE,NA,NA,211,"black",NA,"solid",0,0,0,FALSE
"168","17-1062-020","2017-0190",NA,"EfRc-4",290,"EU","16",4,0.3,0.35,NA,"other","non-flaked stone artifact","other",NA,1,NA,0,0,0,0,0,0,0,1,53.5,NA,45.54,34.42,25.72,"Pebble.  Localized bright red staining may be ochre, or may be natural iron oxide.","2019/10/18","NHW",TRUE,NA,NA,212,"grey","red","mottled",0,0,0,FALSE
"169","17-1062-020","2017-0190",NA,"EfRc-4",291,"EU","16",4,0.3,0.35,NA,"other","non-flaked stone artifact","hammerstone",NA,1,NA,0,0,0,0,0,0,0,1,406.56,NA,90.61,59.05,56.87,"Battering at one end.","2019/10/18","NHW",FALSE,NA,NA,213,"light grey",NA,"solid",0,0,0,FALSE
"170","17-1062-020","2017-0190",NA,"EfRc-4",190,"EU","16",5,0.35,0.4,NA,"fgv","debitage","prb",NA,1,NA,0,0,0,0,0,0,0,1,2.03,35,0,0,0,"Coarse-grained grey volcanic rock.","2019/10/15","NHW",FALSE,NA,NA,214,"grey",NA,"solid",0,0,0,FALSE
"171","17-1062-020","2017-0190",NA,"EfRc-4",191,"EU","16",5,0.35,0.4,NA,"fgv","debitage","shatter",NA,2,NA,0,0,0,0,0,0,0,53,11.79,30,0,0,0,NA,"2019/10/15","NHW",FALSE,NA,NA,215,"black",NA,"solid",0,0,0,FALSE
"172","17-1062-020","2017-0190",NA,"EfRc-4",192,"EU","16",5,0.35,0.4,NA,"fgv","debitage","prb",NA,3,23,0,0,0,0,0,0,0,58,20.98,40,0,0,0,NA,"2019/10/15","NHW",FALSE,NA,NA,216,"black",NA,"solid",0,0,0,FALSE
"173","17-1062-020","2017-0190",NA,"EfRc-4",194,"EU","16",6,0.4,0.45,NA,"fgv","debitage","prb",NA,1,NA,0,0,0,0,0,0,0,1,0.04,10,0,0,0,NA,"2019/10/15","NHW",FALSE,NA,NA,217,"grey",NA,"solid",0,0,0,FALSE
"174","17-1062-020","2017-0190",NA,"EfRc-4",195,"EU","16",6,0.4,0.45,NA,"fgv","debitage","shatter",NA,0,NA,0,0,0,0,0,0,0,21,5.01,25,0,0,0,NA,"2019/10/15","NHW",FALSE,NA,NA,218,"black",NA,"solid",0,0,0,FALSE
"175","17-1062-020","2017-0190",NA,"EfRc-4",196,"EU","16",6,0.4,0.45,NA,"fgv","debitage","prb",NA,NA,5,0,0,0,0,0,0,0,14,3.25,20,0,0,0,NA,"2019/10/15","NHW",FALSE,NA,NA,219,"black",NA,"solid",0,0,0,FALSE
"176","17-1062-020","2017-0190",NA,"EfRc-4",198,"EU","16",7,0.45,0.5,NA,"fgv","debitage","shatter",NA,0,NA,0,0,0,0,0,0,0,9,1.32,35,0,0,0,NA,"2019/10/15","NHW",FALSE,NA,NA,220,"black",NA,"solid",0,0,0,FALSE
"177","17-1062-020","2017-0190",NA,"EfRc-4",199,"EU","16",7,0.45,0.5,NA,"fgv","debitage","prb",NA,1,5,0,0,0,0,0,0,0,11,1.98,25,0,0,0,NA,"2019/10/15","NHW",FALSE,NA,NA,221,"black",NA,"solid",0,0,0,FALSE
"178","17-1062-020","2017-0190",NA,"EfRc-4",201,"EU","16",8,0.5,0.55,NA,"fgv","debitage","shatter",NA,0,NA,0,0,0,0,0,0,0,12,0.7,15,0,0,0,NA,"2019/10/15","NHW",FALSE,NA,NA,222,"black",NA,"solid",0,0,0,FALSE
"179","17-1062-020","2017-0190",NA,"EfRc-4",202,"EU","16",8,0.5,0.55,NA,"fgv","debitage","prb",NA,0,2,0,0,0,0,0,0,0,5,0.35,15,0,0,0,NA,"2019/10/15","NHW",FALSE,NA,NA,223,"black",NA,"solid",0,0,0,FALSE
"180","17-1062-020","2017-0190",NA,"EfRc-4",203,"EU","16",9,0.55,0.6,NA,"fgv","debitage","shatter",NA,0,NA,0,0,0,0,0,0,0,6,0.31,15,0,0,0,NA,"2019/10/15","NHW",FALSE,NA,NA,224,"black",NA,"solid",0,0,0,FALSE
"181","17-1062-020","2017-0190",NA,"EfRc-4",204,"EU","16",9,0.55,0.6,NA,"fgv","debitage","prb",NA,0,2,0,0,0,0,0,0,0,2,0.11,15,0,0,0,NA,"2019/10/15","NHW",FALSE,NA,NA,225,"black",NA,"solid",0,0,0,FALSE
"182","17-1062-020","2017-0190",NA,"EfRc-4",205,"EU","16",10,0.6,0.65,NA,"fgv","debitage","prb",NA,0,NA,0,0,0,0,0,0,0,1,0.04,10,0,0,0,NA,"2019/10/15","NHW",FALSE,NA,NA,226,"black",NA,"solid",0,0,0,FALSE
"183","17-1062-020","2017-0190",NA,"EfRc-4",206,"EU","16",NA,NA,NA,NA,"fgv","debitage","shatter",NA,0,NA,0,0,0,0,0,0,0,8,0.75,15,0,0,0,"Cleanup","2019/10/15","NHW",FALSE,NA,NA,227,"black",NA,"solid",0,0,0,FALSE
"184","17-1062-020","2017-0190",NA,"EfRc-4",207,"EU","16",NA,NA,NA,NA,"fgv","debitage","prb",NA,0,NA,0,0,0,0,0,0,0,2,0.16,15,0,0,0,"Cleanup","2019/10/15","NHW",FALSE,NA,NA,228,"black",NA,"solid",0,0,0,FALSE
"185","17-1062-020","2017-0190",NA,"EfRc-4",208,"EU","17",1,0.16,0.2,NA,"fgv","debitage","shatter",NA,1,NA,0,0,0,0,0,0,0,3,1.16,25,0,0,0,NA,"2019/10/15","NHW",FALSE,NA,NA,229,"black",NA,"solid",0,0,0,FALSE
"186","17-1062-020","2017-0190",NA,"EfRc-4",209,"EU","17",1,0.16,0.2,NA,"fgv","debitage","prb",NA,0,3,0,0,0,0,0,0,0,4,1.3,25,0,0,0,NA,"2019/10/15","NHW",FALSE,NA,NA,230,"black",NA,"solid",0,0,0,FALSE
"187","17-1062-020","2017-0190",NA,"EfRc-4",211,"EU","17",2,0.2,0.25,NA,"fgv","debitage","shatter",NA,0,NA,0,0,0,0,0,0,0,54,4.18,25,0,0,0,NA,"2019/10/15","NHW",FALSE,NA,NA,231,"black",NA,"solid",0,0,0,FALSE
"188","17-1062-020","2017-0190",NA,"EfRc-4",212,"EU","17",2,0.2,0.25,NA,"fgv","debitage","prb",NA,2,20,0,0,0,0,0,0,0,37,8.97,40,0,0,0,NA,"2019/10/15","NHW",FALSE,NA,NA,232,"black",NA,"solid",0,0,0,FALSE
"189","17-1062-020","2017-0190",NA,"EfRc-4",213,"EU","17",2,0.2,0.25,NA,"fgv","debitage","shatter",NA,0,NA,0,0,0,0,0,0,0,1,0.38,20,0,0,0,NA,"2019/10/15","NHW",FALSE,NA,NA,233,"tan",NA,"solid",0,0,0,FALSE
"190","17-1062-020","2017-0190",NA,"EfRc-4",248,"EU","17",2,0.2,0.25,NA,"fgv","expedient tool","retouched","unifacial",0,NA,0,0,1,0,0,0,0,1,1.02,NA,19.02,11.7,3.15,NA,"2019/10/16","NHW",FALSE,NA,NA,234,"black",NA,"solid",8,0,1,TRUE
"191","17-1062-020","2017-0190",NA,"EfRc-4",215,"EU","17",3,0.25,0.3,NA,"fgv","debitage","shatter",NA,1,NA,0,0,0,0,0,0,0,54,5.64,25,0,0,0,NA,"2019/10/15","NHW",FALSE,NA,NA,235,"black",NA,"solid",0,0,0,FALSE
"192","17-1062-020","2017-0190",NA,"EfRc-4",216,"EU","17",3,0.25,0.3,NA,"fgv","debitage","prb",NA,2,20,0,0,0,0,0,0,0,46,12.75,40,0,0,0,NA,"2019/10/15","NHW",FALSE,NA,NA,236,"black",NA,"solid",0,0,0,FALSE
"193","17-1062-020","2017-0190",NA,"EfRc-4",218,"EU","17",4,0.3,0.35,NA,"chert","debitage","prb",NA,0,1,0,0,0,0,0,0,0,1,0.05,10,0,0,0,NA,"2019/10/15","NHW",FALSE,NA,NA,237,"grey",NA,"solid",0,0,0,FALSE
"194","17-1062-020","2017-0190",NA,"EfRc-4",219,"EU","17",4,0.3,0.35,NA,"fgv","debitage","shatter",NA,6,NA,0,0,0,0,0,0,0,169,24.48,30,0,0,0,NA,"2019/10/15","NHW",FALSE,NA,NA,238,"black",NA,"solid",0,0,0,FALSE
"195","17-1062-020","2017-0190",NA,"EfRc-4",220,"EU","17",4,0.3,0.35,NA,"fgv","debitage","prb",NA,2,71,0,0,0,0,0,0,0,133,25.28,40,0,0,0,NA,"2019/10/15","NHW",FALSE,NA,NA,239,"black",NA,"solid",0,0,0,FALSE
"196","17-1062-020","2017-0190",NA,"EfRc-4",222,"EU","17",4,0.3,0.35,NA,"fgv","expedient tool","retouched","unifacial",0,NA,0,0,0,0,0,0,1,1,0.68,NA,16.58,14.3,2.68,"Broken tip and flake of pointed perforator.","2019/10/15","NHW",FALSE,NA,NA,240,"black",NA,"solid",0,0,0,TRUE
"197","17-1062-020","2017-0190",NA,"EfRc-4",223,"EU","17",4,0.3,0.35,NA,"fgv","expedient tool","retouched","unifacial",0,NA,1,0,0,0,0,0,0,1,0.69,NA,23.45,13.1,2.65,NA,"2019/10/15","NHW",TRUE,NA,NA,241,"black",NA,"solid",0,0,0,FALSE
"198","17-1062-020","2017-0190",NA,"EfRc-4",224,"EU","17",5,NA,NA,NA,"fgv","debitage","shatter",NA,17,NA,0,0,0,0,0,0,0,460,59.88,50,0,0,0,NA,"2019/10/15","NHW",FALSE,NA,NA,242,"black",NA,"solid",0,0,0,FALSE
"199","17-1062-020","2017-0190",NA,"EfRc-4",225,"EU","17",5,0.35,0.4,NA,"fgv","debitage","prb",NA,2,169,0,0,0,0,0,0,0,406,61.68,35,0,0,0,NA,"2019/10/16","NHW",FALSE,NA,NA,243,"black",NA,"solid",0,0,0,FALSE
"200","17-1062-020","2017-0190",NA,"EfRc-4",226,"EU","17",5,0.35,0.4,NA,"fgv","formal tool","biface","non-diagnostic",0,NA,0,0,0,0,0,0,0,1,2.85,NA,31.23,17.54,8.19,"Small lateral fragment of a finished biface.  Intrusive flaking, straight edge profile.","2019/10/16","NHW",TRUE,NA,NA,244,"black",NA,"solid",0,0,0,TRUE
"201","17-1062-020","2017-0190",NA,"EfRc-4",227,"EU","17",5,0.35,0.4,NA,"fgv","expedient tool","retouched","unifacial",0,NA,0,0,0,1,0,0,0,1,0.91,NA,21,10.94,5.83,"Small fragment of a unifacial scraper.","2019/10/16","NHW",TRUE,NA,NA,245,"black",NA,"solid",0,0,0,TRUE
"202","17-1062-020","2017-0190",NA,"EfRc-4",228,"EU","17",5,0.35,0.4,NA,"fgv","expedient tool","retouched","unifacial",0,NA,0,0,0,0,0,1,0,1,0.44,NA,23.52,5.93,4.18,"Minimal retouch to isolate sharp tip.  Tip damage is consistent with use as a short awl/perforator.","2019/10/16","NHW",TRUE,NA,NA,246,"black",NA,"solid",0,0,0,FALSE
"203","17-1062-020","2017-0190",NA,"EfRc-4",229,"EU","17",5,0.35,0.4,NA,"other","non-flaked stone artifact","hammerstone",NA,1,NA,0,0,0,0,0,0,0,1,127.78,NA,72.47,51.2,23.62,"sub-angular/tabular sandstone hammerstone. Battering damage visible along one corner and adjacent edge.","2019/10/16","NHW",FALSE,NA,NA,247,"light grey",NA,"solid",0,0,0,FALSE
"204","17-1062-020","2017-0190",NA,"EfRc-4",231,"EU","17",6,0.4,0.45,NA,"fgv","debitage","shatter",NA,5,NA,0,0,0,0,0,0,0,204,15.89,30,0,0,0,NA,"2019/10/16","NHW",FALSE,NA,NA,248,"black",NA,"solid",0,0,0,FALSE
"205","17-1062-020","2017-0190",NA,"EfRc-4",232,"EU","17",6,0.4,0.45,NA,"fgv","debitage","prb",NA,2,79,0,0,0,0,0,0,0,163,16.52,30,0,0,0,NA,"2019/10/16","NHW",FALSE,NA,NA,249,"black",NA,"solid",0,0,0,FALSE
"206","17-1062-020","2017-0190",NA,"EfRc-4",233,"EU","17",6,0.4,0.45,NA,"fgv","expedient tool","utilized",NA,1,NA,0,1,0,0,0,0,0,1,1.81,NA,24.83,20.88,5.34,NA,"2019/10/16","NHW",FALSE,NA,NA,250,"black",NA,"solid",0,0,0,TRUE
"207","17-1062-020","2017-0190",NA,"EfRc-4",235,"EU","17",7,0.45,0.5,NA,"fgv","debitage","shatter",NA,0,NA,0,0,0,0,0,0,0,30,2.61,25,0,0,0,NA,"2019/10/16","NHW",FALSE,NA,NA,251,"black",NA,"solid",0,0,0,FALSE
"208","17-1062-020","2017-0190",NA,"EfRc-4",236,"EU","17",7,0.45,0.5,NA,"fgv","debitage","prb",NA,1,15,0,0,0,0,0,0,0,32,4.58,20,0,0,0,NA,"2019/10/16","NHW",FALSE,NA,NA,252,"black",NA,"solid",0,0,0,FALSE
"209","17-1062-020","2017-0190",NA,"EfRc-4",237,"EU","17",7,0.45,0.5,NA,"fgv","debitage","prb",NA,0,NA,1,0,0,0,0,0,0,1,0.53,NA,19.6,13.56,2.51,NA,"2019/10/16","NHW",TRUE,NA,NA,253,"black",NA,"solid",0,0,0,FALSE
"210","17-1062-020","2017-0190",NA,"EfRc-4",240,"EU","17",8,0.5,0.55,NA,"fgv","debitage","shatter",NA,5,NA,0,0,0,0,0,0,0,62,4.74,25,0,0,0,NA,"2019/10/16","NHW",FALSE,NA,NA,254,"black",NA,"solid",0,0,0,FALSE
"211","17-1062-020","2017-0190",NA,"EfRc-4",241,"EU","17",8,0.5,0.55,NA,"fgv","debitage","prb",NA,0,13,0,0,0,0,0,0,0,38,3.45,25,0,0,0,NA,"2019/10/16","NHW",FALSE,NA,NA,255,"black",NA,"solid",0,0,0,FALSE
"212","17-1062-020","2017-0190",NA,"EfRc-4",243,"EU","17",9,0.55,0.6,NA,"fgv","debitage","shatter",NA,0,NA,0,0,0,0,0,0,0,5,0.36,15,0,0,0,NA,"2019/10/16","NHW",FALSE,NA,NA,256,"black",NA,"solid",0,0,0,FALSE
"213","17-1062-020","2017-0190",NA,"EfRc-4",244,"EU","17",9,0.55,0.6,NA,"fgv","debitage","prb",NA,0,NA,0,0,0,0,0,0,0,3,0.18,15,0,0,0,NA,"2019/10/16","NHW",FALSE,NA,NA,257,"black",NA,"solid",0,0,0,FALSE
"214","17-1062-020","2017-0190",NA,"EfRc-4",245,"EU","17",9,0.55,0.6,NA,"other","debitage","shatter",NA,2,NA,0,0,0,0,0,0,0,2,0.14,NA,0,0,0,NA,"2019/10/16","NHW",FALSE,NA,NA,258,"grey",NA,"solid",0,0,0,FALSE
"215","17-1062-020","2017-0190",NA,"EfRc-4",246,"EU","17",10,0.6,0.65,NA,"fgv","debitage","shatter",NA,0,NA,0,0,0,0,0,0,0,1,0.11,20,0,0,0,NA,"2019/10/16","NHW",FALSE,NA,NA,259,"black",NA,"solid",0,0,0,FALSE
"216","17-1062-020","2017-0190",NA,"EfRc-4",247,"EU","17",10,0.6,0.65,NA,"fgv","debitage","prb",NA,0,NA,0,0,0,0,0,0,0,2,0.23,15,0,0,0,NA,"2019/10/16","NHW",FALSE,NA,NA,260,"black",NA,"solid",0,0,0,FALSE
"217","17-1062-020","2017-0190",NA,"EfRc-4",293,"EU","17",NA,0.3,0.35,NA,"fgv","debitage","prb",NA,1,NA,0,0,0,0,0,0,0,1,1.01,30,0,0,0,"Collected from E wall of EU 17 during profiling. Layer B. 0.35mZ","2019/10/21","NHW",FALSE,NA,NA,261,"black",NA,"solid",13,0,0,FALSE
"218","17-1062-020","2017-0190",NA,"EfRc-4",249,"EU","18",2,0.2,0.25,NA,"fgv","debitage","shatter",NA,1,NA,0,0,0,0,0,0,0,16,3.25,35,0,0,0,NA,"2019/10/17","NHW",FALSE,NA,NA,262,"black",NA,"solid",0,0,0,FALSE
"219","17-1062-020","2017-0190",NA,"EfRc-4",250,"EU","18",2,0.2,0.25,NA,"fgv","debitage","prb",NA,0,6,0,0,0,0,0,0,0,13,2.17,20,0,0,0,NA,"2019/10/17","NHW",FALSE,NA,NA,263,"black",NA,"solid",0,0,0,FALSE
"220","17-1062-020","2017-0190",NA,"EfRc-4",252,"EU","18",3,0.25,0.3,NA,"fgv","debitage","shatter",NA,1,NA,0,0,0,0,0,0,0,26,4.43,30,0,0,0,NA,"2019/10/17","NHW",FALSE,NA,NA,264,"black",NA,"solid",0,0,0,FALSE
"221","17-1062-020","2017-0190",NA,"EfRc-4",253,"EU","18",3,0.25,0.3,NA,"fgv","debitage","prb",NA,0,4,0,0,0,0,0,0,0,19,2.43,20,0,0,0,NA,"2019/10/17","NHW",FALSE,NA,NA,265,"black",NA,"solid",0,0,0,FALSE
"222","17-1062-020","2017-0190",NA,"EfRc-4",255,"EU","18",4,0.3,0.35,NA,"fgv","debitage","prb",NA,0,NA,0,0,0,0,0,0,0,1,0.24,25,0,0,0,"0.6E 0.38N 0.33Z
Not a microblade","2019/10/17","NHW",FALSE,NA,NA,266,"black",NA,"solid",11,0,1,FALSE
"223","17-1062-020","2017-0190",NA,"EfRc-4",256,"EU","18",4,0.3,0.35,NA,"fgv","debitage","shatter",NA,4,NA,0,0,0,0,0,0,0,84,17.17,35,0,0,0,NA,"2019/10/17","NHW",FALSE,NA,NA,267,"black",NA,"solid",0,0,0,FALSE
"224","17-1062-020","2017-0190",NA,"EfRc-4",257,"EU","18",4,0.3,0.35,NA,"fgv","debitage","prb",NA,2,25,0,0,0,0,0,0,0,81,18.12,40,0,0,0,NA,"2019/10/17","NHW",FALSE,NA,NA,268,"black",NA,"solid",0,0,0,FALSE
"225","17-1062-020","2017-0190",NA,"EfRc-4",260,"EU","18",4,0.3,0.35,NA,"fgv","formal tool","biface","non-diagnostic",0,NA,0,0,0,0,0,0,0,1,0.36,NA,4.84,15.97,3.29,"Medial fragment of a bifacial point.","2019/10/17","NHW",TRUE,NA,NA,269,"black",NA,"solid",0,0,0,TRUE
"226","17-1062-020","2017-0190",NA,"EfRc-4",259,"EU","18",5,0.35,0.4,NA,"other","non-flaked stone artifact","hammerstone",NA,1,NA,0,0,0,0,0,0,0,1,800,NA,102.77,91.64,45.07,"Battering around perimeter.","2019/10/17","NHW",FALSE,NA,NA,270,"light grey","grey","speckled",0,0,0,FALSE
"227","17-1062-020","2017-0190",NA,"EfRc-4",261,"EU","18",5,0.35,0.4,NA,"fgv","debitage","shatter",NA,15,NA,0,0,0,0,0,0,0,205,53.82,40,0,0,0,NA,"2019/10/17","NHW",FALSE,NA,NA,271,"black",NA,"solid",0,0,0,FALSE
"228","17-1062-020","2017-0190",NA,"EfRc-4",262,"EU","18",5,0.35,0.4,NA,"fgv","debitage","prb",NA,2,75,0,0,0,0,0,0,0,204,36.06,40,0,0,0,NA,"2019/10/17","NHW",FALSE,NA,NA,272,"black",NA,"solid",0,0,0,FALSE
"229","17-1062-020","2017-0190",NA,"EfRc-4",263,"EU","18",5,0.35,0.4,NA,"fgv","debitage","prb",NA,0,NA,0,0,0,0,0,0,0,1,0.04,15,0,0,0,"Coarser raw material than the general FGV","2019/10/17","NHW",FALSE,NA,NA,273,"dark grey",NA,"solid",0,0,0,FALSE
"230","17-1062-020","2017-0190",NA,"EfRc-4",264,"EU","18",5,0.35,0.4,NA,"chert","debitage","prb",NA,0,NA,0,0,0,0,0,0,0,1,0.03,10,0,0,0,NA,"2019/10/17","NHW",TRUE,NA,NA,274,"tan",NA,"solid",0,0,0,FALSE
"231","17-1062-020","2017-0190",NA,"EfRc-4",265,"EU","18",5,0.35,0.4,NA,"fgv","expedient tool","utilized",NA,0,NA,0,1,0,0,0,0,0,1,2.66,NA,32.45,15.05,5.93,NA,"2019/10/18","NHW",TRUE,NA,NA,275,"black",NA,"solid",0,0,0,FALSE
"232","17-1062-020","2017-0190",NA,"EfRc-4",266,"EU","18",5,0.35,0.4,NA,"fgv","expedient tool","utilized",NA,0,NA,1,0,0,0,0,0,0,1,2.34,NA,30.09,13.35,8.23,NA,"2019/10/18","NHW",TRUE,NA,NA,276,"black",NA,"solid",0,0,0,FALSE
"233","17-1062-020","2017-0190",NA,"EfRc-4",267,"EU","18",5,0.35,0.4,NA,"fgv","expedient tool","retouched","unifacial",0,NA,0,0,1,0,0,0,0,1,0.61,NA,11.88,13.57,2.81,NA,"2019/10/18","NHW",TRUE,NA,NA,277,"black",NA,"solid",0,0,0,TRUE
"234","17-1062-020","2017-0190",NA,"EfRc-4",268,"EU","18",5,0.35,0.4,NA,"fgv","expedient tool","retouched","unifacial",0,NA,1,0,0,0,0,0,0,1,0.87,NA,17.84,19.42,3.84,NA,"2019/10/18","NHW",TRUE,NA,NA,278,"black",NA,"solid",0,0,0,TRUE
"235","17-1062-020","2017-0190",NA,"EfRc-4",269,"EU","18",5,0.35,0.4,NA,"fgv","expedient tool","retouched","unifacial",0,NA,0,0,1,0,0,0,0,1,2.27,NA,34.63,23.52,3.71,NA,"2019/10/18","NHW",TRUE,NA,NA,279,"black",NA,"solid",0,0,0,FALSE
"236","17-1062-020","2017-0190",NA,"EfRc-4",271,"EU","18",6,0.4,0.45,NA,"fgv","debitage","shatter",NA,3,NA,0,0,0,0,0,0,0,76,13.04,40,0,0,0,NA,"2019/10/18","NHW",FALSE,NA,NA,280,"black",NA,"solid",0,0,0,FALSE
"237","17-1062-020","2017-0190",NA,"EfRc-4",272,"EU","18",6,0.4,0.45,NA,"fgv","debitage","prb",NA,2,15,0,0,0,0,0,0,0,33,11.09,30,0,0,0,NA,"2019/10/18","NHW",FALSE,NA,NA,281,"black",NA,"solid",0,0,0,FALSE
"238","17-1062-020","2017-0190",NA,"EfRc-4",273,"EU","18",6,0.4,0.45,NA,"chert","debitage","prb",NA,0,NA,0,0,0,0,0,0,0,2,0.26,20,0,0,0,NA,"2019/10/18","NHW",FALSE,NA,NA,282,"tan",NA,"solid",0,0,0,FALSE
"239","17-1062-020","2017-0190",NA,"EfRc-4",275,"EU","18",6,0.4,0.45,NA,"other","non-flaked stone artifact","hammerstone",NA,1,NA,0,0,0,0,0,0,0,1,550,NA,102.56,70.31,42.81,"One end is battered nearly flat.","2019/10/18","NHW",FALSE,NA,NA,283,"grey",NA,"solid",0,0,0,FALSE
"240","17-1062-020","2017-0190",NA,"EfRc-4",276,"EU","18",7,0.45,0.8,NA,"fgv","debitage","shatter",NA,2,NA,0,0,0,0,0,0,0,40,4.83,35,0,0,0,NA,"2019/10/18","NHW",FALSE,NA,NA,284,"black",NA,"solid",0,0,0,FALSE
"241","17-1062-020","2017-0190",NA,"EfRc-4",277,"EU","18",7,0.45,0.5,NA,"fgv","debitage","prb",NA,NA,15,0,0,0,0,0,0,0,51,7.27,30,0,0,0,NA,"2019/10/18","NHW",FALSE,NA,NA,285,"black",NA,"solid",0,0,0,FALSE
"242","17-1062-020","2017-0190",NA,"EfRc-4",279,"EU","18",8,0.5,0.55,NA,"fgv","debitage","shatter",NA,1,NA,0,0,0,0,0,0,0,12,2.81,25,0,0,0,NA,"2019/10/18","NHW",FALSE,NA,NA,286,"black",NA,"solid",0,0,0,FALSE
"243","17-1062-020","2017-0190",NA,"EfRc-4",280,"EU","18",8,0.5,0.55,NA,"fgv","debitage","prb",NA,NA,2,0,0,0,0,0,0,0,13,1.34,25,0,0,0,NA,"2019/10/18","NHW",FALSE,NA,NA,287,"black",NA,"solid",0,0,0,FALSE
"244","17-1062-020","2017-0190",NA,"EfRc-4",282,"EU","18",9,0.55,0.6,NA,"fgv","debitage","shatter",NA,1,NA,0,0,0,0,0,0,0,1,0.33,15,0,0,0,NA,"2019/10/18","NHW",FALSE,NA,NA,288,"black",NA,"solid",0,0,0,FALSE
"245","17-1062-020","2017-0190",NA,"EfRc-4",283,"EU","18",9,0.55,0.6,NA,"fgv","debitage","prb",NA,0,NA,0,0,0,0,0,0,0,2,0.19,15,0,0,0,NA,"2019/10/18","NHW",FALSE,NA,NA,289,"black",NA,"solid",0,0,0,FALSE
"246","17-1062-020","2017-0190",NA,"EfRc-4",284,"EU","18",10,0.6,0.65,NA,"fgv","debitage","shatter",NA,0,NA,0,0,0,0,0,0,0,1,0.2,20,0,0,0,NA,"2019/10/18","NHW",FALSE,NA,NA,290,"black",NA,"solid",0,0,0,FALSE
"247","17-1062-020","2017-0190",NA,"EfRc-4",285,"EU","18",10,0.6,0.65,NA,"fgv","debitage","prb",NA,0,NA,0,0,0,0,0,0,0,3,0.22,15,0,0,0,NA,"2019/10/18","NHW",FALSE,NA,NA,291,"black",NA,"solid",0,0,0,FALSE
"248","17-1062-020","2017-0190",NA,"EfRc-4",286,"EU","18",NA,NA,NA,NA,"fgv","debitage","shatter",NA,2,NA,0,0,0,0,0,0,0,15,1.67,30,0,0,0,"Wall scrapings - S, W, E walls","2019/10/18","NHW",FALSE,NA,NA,292,"black",NA,"solid",0,0,0,FALSE
"249","17-1062-020","2017-0190",NA,"EfRc-4",287,"EU","18",NA,NA,NA,NA,"fgv","debitage","prb",NA,1,6,0,0,0,0,0,0,0,13,2.56,25,0,0,0,"Wall scrapings - S, W, E walls","2019/10/18","NHW",FALSE,NA,NA,293,"black",NA,"solid",0,0,0,FALSE
"250","17-1062-020","2017-0190",NA,"EfRc-4",289,"EU","18",NA,NA,NA,NA,"fgv","debitage","prb",NA,NA,1,0,0,0,0,0,0,0,2,0.33,20,0,0,0,"Wall cleanup","2019/10/18","NHW",FALSE,NA,NA,294,"black",NA,"solid",0,0,0,FALSE
"251","17-1062-020","2017-0190",NA,"EfRc-4",297,"SF","20191004SF001",NA,NA,NA,NA,"fgv","debitage","prb",NA,0,1,0,0,0,0,0,0,0,1,1.76,40,0,0,0,"Surface fine on dd road in trench parking area.
E 687077.519
N 5634649.276
Z 578.490m ASL","2019/10/04","NHW",FALSE,NA,NA,295,"black",NA,"solid",0,0,0,FALSE
"252","17-1062-020","2017-0190",NA,"EfRc-4",294,"Block","cleanup",NA,NA,NA,NA,"fgv","debitage","shatter",NA,0,NA,0,0,0,0,0,0,0,2,0.76,25,0,0,0,"Block cleanup","2019/10/21","NHW",FALSE,NA,NA,296,"black",NA,"solid",0,0,0,FALSE
"253","17-1062-020","2017-0190",NA,"EfRc-4",295,"Block","cleanup",NA,NA,NA,NA,"fgv","debitage","prb",NA,0,NA,0,0,0,0,0,0,0,1,0.17,15,0,0,0,"Block cleanup","2019/10/21","NHW",FALSE,NA,NA,297,"black",NA,"solid",0,0,0,FALSE
"254","17-1062-020","2017-0190",NA,"EeRc-89",304,"EU","1",1,0.09,0.15,NA,"fgv","debitage","shatter",NA,1,NA,0,0,0,0,0,0,0,31,6.38,25,0,0,0,NA,"2019/10/21","NHW",FALSE,NA,NA,NA,"black",NA,"solid",0,0,0,FALSE
"255","17-1062-020","2017-0190",NA,"EeRc-89",305,"EU","1",1,0.09,0.15,NA,"fgv","debitage","prb",NA,0,3,0,0,0,0,0,0,0,13,4.56,30,0,0,0,NA,"2019/10/21","NHW",FALSE,NA,NA,NA,"black",NA,"solid",0,0,0,FALSE
"256","17-1062-020","2017-0190",NA,"EeRc-89",306,"EU","1",1,0.09,0.15,NA,"quartzite","debitage","shatter",NA,0,NA,0,0,0,0,0,0,0,1,0.11,15,0,0,0,NA,"2019/10/21","NHW",FALSE,NA,NA,NA,"grey",NA,"solid",0,0,0,FALSE
"257","17-1062-020","2017-0190",NA,"EeRc-89",307,"EU","1",2,0.15,0.2,NA,"fgv","debitage","shatter",NA,0,NA,0,0,0,0,0,0,0,16,1.36,20,0,0,0,NA,"2019/10/21","NHW",FALSE,NA,NA,NA,"black",NA,"solid",0,0,0,FALSE
"258","17-1062-020","2017-0190",NA,"EeRc-89",308,"EU","1",2,0.15,0.2,NA,"fgv","debitage","prb",NA,0,NA,0,0,0,0,0,0,0,7,0.53,20,0,0,0,NA,"2019/10/21","NHW",FALSE,NA,NA,NA,"black",NA,"solid",0,0,0,FALSE
"259","17-1062-020","2017-0190",NA,"EeRc-89",310,"EU","1",3,0.2,0.25,NA,"fgv","debitage","shatter",NA,1,NA,0,0,0,0,0,0,0,16,2.57,25,0,0,0,NA,"2019/10/21","NHW",FALSE,NA,NA,NA,"black",NA,"solid",0,0,0,FALSE
"260","17-1062-020","2017-0190",NA,"EeRc-89",311,"EU","1",3,0.2,0.25,NA,"fgv","debitage","prb",NA,0,2,0,0,0,0,0,0,0,11,1.36,20,0,0,0,NA,"2019/10/21","NHW",FALSE,NA,NA,NA,"black",NA,"solid",0,0,0,FALSE
"261","17-1062-020","2017-0190",NA,"EeRc-89",313,"EU","1",4,0.25,0.3,NA,"fgv","debitage","shatter",NA,0,NA,0,0,0,0,0,0,0,5,0.89,15,0,0,0,"Variable material.","2019/10/21","NHW",FALSE,NA,NA,NA,"black",NA,"solid",0,0,0,FALSE
"262","17-1062-020","2017-0190",NA,"EeRc-89",314,"EU","3",3,0.45,0.5,NA,"fgv","debitage","shatter",NA,0,NA,0,0,0,0,0,0,0,3,0.97,25,0,0,0,NA,"2019/10/22","NHW",FALSE,NA,NA,NA,"black",NA,"solid",0,0,0,FALSE
"263","17-1062-020","2017-0190",NA,"EeRc-89",315,"EU","3",3,0.45,0.5,NA,"quartzite","debitage","shatter",NA,0,NA,0,0,0,0,0,0,0,1,0.21,15,0,0,0,NA,"2019/10/22","NHW",FALSE,NA,NA,NA,"grey",NA,"solid",0,0,0,FALSE
"264","17-1062-020","2017-0190",NA,"EeRc-89",317,"EU","3",4,0.5,0.55,NA,"fgv","debitage","shatter",NA,0,NA,0,0,0,0,0,0,0,1,0.29,15,0,0,0,NA,"2019/10/22","NHW",FALSE,NA,NA,NA,"black",NA,"solid",0,0,0,FALSE
"265","17-1062-020","2017-0190",NA,"EeRc-89",318,"EU","3",5,0.55,0.6,NA,"fgv","debitage","shatter",NA,0,NA,0,0,0,0,0,0,0,5,0.22,10,0,0,0,NA,"2019/10/22","NHW",FALSE,NA,NA,NA,"black",NA,"solid",0,0,0,FALSE
"266","17-1062-020","2017-0190",NA,"EeRc-89",319,"EU","3",5,0.55,0.6,NA,"fgv","debitage","prb",NA,0,NA,0,0,0,0,0,0,0,3,0.4,20,0,0,0,NA,"2019/10/22","NHW",FALSE,NA,NA,NA,"black",NA,"solid",0,0,0,FALSE
"267","17-1062-020","2017-0190",NA,"EeRc-89",321,"EU","4",1,0.15,0.2,NA,"fgv","debitage","prb",NA,1,NA,0,0,0,0,0,0,0,10,2.7,20,0,0,0,NA,"2019/10/22","NHW",FALSE,NA,NA,NA,"black",NA,"solid",0,0,0,FALSE
"268","17-1062-020","2017-0190",NA,"EeRc-89",322,"EU","4",1,0.15,0.2,NA,"fgv","debitage","prb",NA,1,1,0,0,0,0,0,0,0,6,2.9,35,0,0,0,NA,"2019/10/22","NHW",FALSE,NA,NA,NA,"black",NA,"solid",0,0,0,FALSE
"269","17-1062-020","2017-0190",NA,"EeRc-89",323,"EU","4",2,0.2,0.25,NA,"fgv","debitage","shatter",NA,1,NA,0,0,0,0,0,0,0,1,1.64,35,0,0,0,NA,"2019/10/22","NHW",FALSE,NA,NA,NA,"black",NA,"solid",0,0,0,FALSE
"270","17-1062-020","2017-0190",NA,"EeRc-89",324,"EU","4",1,0.15,0.2,NA,"fgv","debitage","prb",NA,0,1,0,0,0,0,0,0,0,1,0.07,10,0,0,0,NA,"2019/10/21","NHW",FALSE,NA,NA,NA,"black",NA,"solid",0,0,0,FALSE
"271","17-1062-020","2017-0190",NA,"EeRc-89",325,"EU","4",3,0.25,0.3,NA,"fgv","debitage","shatter",NA,0,NA,0,0,0,0,0,0,0,1,0.42,15,0,0,0,NA,"2019/10/23","NHW",FALSE,NA,NA,NA,"black",NA,"solid",0,0,0,FALSE
"272","17-1062-020","2017-0190",NA,"EeRc-89",326,"EU","5",1,0.1,0.15,NA,"fgv","debitage","shatter",NA,1,NA,0,0,0,0,0,0,0,14,5.08,30,0,0,0,NA,"2019/10/23","NHW",FALSE,NA,NA,NA,"black",NA,"solid",0,0,0,FALSE
"273","17-1062-020","2017-0190",NA,"EeRc-89",327,"EU","5",1,0.1,0.15,NA,"fgv","debitage","prb",NA,1,5,0,0,0,0,0,0,0,9,2.68,25,0,0,0,NA,"2019/10/23","NHW",FALSE,NA,NA,NA,"black",NA,"solid",0,0,0,FALSE
"274","17-1062-020","2017-0190",NA,"EeRc-89",328,"EU","5",2,0.15,0.2,NA,"fgv","debitage","shatter",NA,0,NA,0,0,0,0,0,0,0,20,3.94,25,0,0,0,NA,"2019/10/23","NHW",FALSE,NA,NA,NA,"black",NA,"solid",0,0,0,FALSE
"275","17-1062-020","2017-0190",NA,"EeRc-89",329,"EU","5",2,0.15,0.2,NA,"fgv","debitage","prb",NA,1,NA,0,0,0,0,0,0,0,4,0.74,20,0,0,0,NA,"2019/10/23","NHW",FALSE,NA,NA,NA,"black",NA,"solid",0,0,0,FALSE
"276","17-1062-020","2017-0190",NA,"EeRc-89",330,"EU","5",3,0.2,0.25,NA,"fgv","debitage","prb",NA,0,1,0,0,0,0,0,0,0,1,0.06,10,0,0,0,NA,"2019/10/23","NHW",FALSE,NA,NA,NA,"black",NA,"solid",0,0,0,FALSE
"277","17-1062-020","2017-0190",NA,"EeRc-89",331,"EU","6",3,0.1,0.15,NA,"fgv","debitage","prb",NA,0,NA,0,0,0,0,0,0,0,2,0.44,20,0,0,0,NA,"2019/10/23","NHW",FALSE,NA,NA,NA,"black",NA,"solid",0,0,0,FALSE
"278","17-1062-020","2017-0190",NA,"EeRc-89",332,"SF","20191023SF01",NA,NA,NA,NA,"fgv","debitage","shatter",NA,0,NA,0,0,0,0,0,0,0,1,0.03,10,0,0,0,NA,"2019/10/23","NHW",FALSE,NA,NA,NA,"black",NA,"solid",0,0,0,FALSE
"279","17-1062-020","2017-0190",NA,"EeRc-89",333,"SF","20191023SF02",NA,NA,NA,NA,"fgv","debitage","shatter",NA,0,NA,0,0,0,0,0,0,0,1,0.39,20,0,0,0,NA,"2019/10/23","NHW",FALSE,NA,NA,NA,"black",NA,"solid",0,0,0,FALSE
"280","17-1062-020","2017-0190",NA,"EeRc-89",334,"SF","20191023SF03",NA,NA,NA,NA,"fgv","debitage","shatter",NA,0,NA,0,0,0,0,0,0,0,1,1.59,30,0,0,0,NA,"2019/10/23","NHW",FALSE,NA,NA,NA,"black",NA,"solid",0,0,0,FALSE
"281","17-1062-020","2017-0190",NA,"EeRc-89",335,"SF","20191023SF04",NA,NA,NA,NA,"fgv","debitage","shatter",NA,0,NA,0,0,0,0,0,0,0,1,0.93,30,0,0,0,NA,"2019/10/23","NHW",FALSE,NA,NA,NA,"black",NA,"solid",0,0,0,FALSE
"282","17-1062-020","2017-0190",NA,"EeRc-89",336,"SF","20191023SF05",NA,NA,NA,NA,"fgv","debitage","prb",NA,0,NA,0,0,0,0,0,0,0,1,2.85,35,0,0,0,NA,"2019/10/23","NHW",FALSE,NA,NA,NA,"black",NA,"solid",0,0,0,FALSE
"283","17-1062-020","2017-0190",NA,"EeRc-89",337,"SF","20191023SF06",NA,NA,NA,NA,"fgv","debitage","shatter",NA,0,NA,0,0,0,0,0,0,0,1,3.06,30,0,0,0,NA,"2019/10/23","NHW",FALSE,NA,NA,NA,"black",NA,"solid",0,0,0,FALSE
"284","17-1062-020","2017-0190",NA,"EeRc-89",338,"SF","20191023SF07",NA,NA,NA,NA,"fgv","debitage","shatter",NA,0,NA,0,0,0,0,0,0,0,1,1.64,25,0,0,0,NA,"2019/10/23","NHW",FALSE,NA,NA,NA,"black",NA,"solid",0,0,0,FALSE
"285","17-1062-020","2017-0190",NA,"EeRc-89",339,"SF","20191023SF08",NA,NA,NA,NA,"fgv","debitage","shatter",NA,0,NA,0,0,0,0,0,0,0,1,0.2,20,0,0,0,NA,"2019/10/23","NHW",FALSE,NA,NA,NA,"black",NA,"solid",0,0,0,FALSE
"286","17-1062-020","2017-0190",NA,"EeRc-89",340,"SF","20191023SF09",NA,NA,NA,NA,"fgv","debitage","prb",NA,0,NA,0,0,0,0,0,0,0,1,0.06,15,0,0,0,NA,"2019/10/23","NHW",FALSE,NA,NA,NA,"black",NA,"solid",0,0,0,FALSE
"287","17-1062-020","2017-0190",NA,"EeRc-89",341,"SF","20191023SF10",NA,NA,NA,NA,"fgv","debitage","prb",NA,1,NA,0,0,0,0,0,0,0,1,0.06,10,0,0,0,NA,"2019/10/23","NHW",FALSE,NA,NA,NA,"black",NA,"solid",0,0,0,FALSE
"288","17-1062-020","2017-0190",NA,"EeRc-89",342,"SF","20191023SF11",NA,NA,NA,NA,"fgv","debitage","prb",NA,0,NA,0,0,0,0,0,0,0,1,0.55,25,0,0,0,NA,"2019/10/23","NHW",FALSE,NA,NA,NA,"black",NA,"solid",0,0,0,FALSE
"289","17-1062-020","2017-0190",NA,"EeRc-89",343,"SF","20191023SF12",NA,NA,NA,NA,"fgv","debitage","shatter",NA,0,NA,0,0,0,0,0,0,0,1,0.53,20,0,0,0,NA,"2019/10/23","NHW",FALSE,NA,NA,NA,"black",NA,"solid",0,0,0,FALSE
"290","17-1062-020","2017-0190",NA,"EeRc-89",344,"SF","20191023SF13",NA,NA,NA,NA,"fgv","expedient tool","retouched","unifacial",1,NA,0,0,1,0,0,0,0,1,2.49,NA,27.72,16.31,5.13,NA,"2019/10/23","NHW",TRUE,NA,NA,NA,"black",NA,"solid",0,0,0,FALSE
"291","17-1062-020","2017-0190",NA,"EfRb-35",347,"EU","1",2,0.15,0.2,NA,"fgv","debitage","shatter",NA,0,NA,0,0,0,0,0,0,0,1,0.43,20,0,0,0,NA,"2019/11/04","NHW",FALSE,NA,NA,NA,"black",NA,"solid",0,0,0,FALSE
"292","17-1062-020","2017-0190",NA,"EfRb-35",348,"EU","1",3,0.2,0.25,NA,"fgv","debitage","prb",NA,0,NA,0,0,0,0,0,0,0,1,0.33,15,0,0,0,NA,"2019/11/04","NHW",FALSE,NA,NA,NA,"black",NA,"solid",0,0,0,FALSE
"293","17-1062-020","2017-0190",NA,"EfRb-35",349,"EU","1",4,0.25,0.3,NA,"fgv","debitage","prb",NA,0,NA,0,0,0,0,0,0,0,1,8.73,45,0,0,0,"Notably different material than most black FGV.","2019/11/04","NHW",TRUE,NA,NA,NA,"grey",NA,"solid",0,0,0,FALSE
"294","17-1062-020","2017-0190",NA,"EfRb-43",345,"EU","1",4,0.25,0.3,NA,"fgv","debitage","prb",NA,0,NA,0,0,0,0,0,0,0,1,5.94,50,0,0,0,NA,"2019/10/30","NHW",FALSE,NA,NA,20,"black",NA,"solid",0,0,0,FALSE
"295","17-1062-020","2017-0190",NA,"EfRb-43",346,"EU","1",5,0.3,0.35,NA,"chert","formal tool","biface","non-diagnostic",0,NA,0,0,0,0,0,0,0,1,2.08,NA,34.25,15.03,5.44,"Tip/corner fragment of a biface.  Intrusive flaking.  Too fragmentary for ID.","2019/10/30","NHW",TRUE,NA,NA,21,"tan",NA,"solid",0,0,0,TRUE
