ID,Instrument Serial Num,Reading .,Date,Time,Method Name,User Factor Name,Test Label,Collimation Status,Latitude,Longitude,Units,Mg Compound,Mg Compound Level,Mg Compound Error,Mg Concentration,Mg Error1s,Al Compound,Al Compound Level,Al Compound Error,Al Concentration,Al Error1s,Si Compound,Si Compound Level,Si Compound Error,Si Concentration,Si Error1s,P Compound,P Compound Level,P Compound Error,P Concentration,P Error1s,S Compound,S Compound Level,S Compound Error,S Concentration,S Error1s,K Compound,K Compound Level,K Compound Error,K Concentration,K Error1s,Ca Compound,Ca Compound Level,Ca Compound Error,Ca Concentration,Ca Error1s,Ti Compound,Ti Compound Level,Ti Compound Error,Ti Concentration,Ti Error1s,V Compound,V Compound Level,V Compound Error,V Concentration,V Error1s,Cr Compound,Cr Compound Level,Cr Compound Error,Cr Concentration,Cr Error1s,Mn Compound,Mn Compound Level,Mn Compound Error,Mn Concentration,Mn Error1s,Fe Compound,Fe Compound Level,Fe Compound Error,Fe Concentration,Fe Error1s,Co Compound,Co Compound Level,Co Compound Error,Co Concentration,Co Error1s,Ni Compound,Ni Compound Level,Ni Compound Error,Ni Concentration,Ni Error1s,Cu Compound,Cu Compound Level,Cu Compound Error,Cu Concentration,Cu Error1s,Zn Compound,Zn Compound Level,Zn Compound Error,Zn Concentration,Zn Error1s,As Compound,As Compound Level,As Compound Error,As Concentration,As Error1s,Se Compound,Se Compound Level,Se Compound Error,Se Concentration,Se Error1s,Rb Compound,Rb Compound Level,Rb Compound Error,Rb Concentration,Rb Error1s,Sr Compound,Sr Compound Level,Sr Compound Error,Sr Concentration,Sr Error1s,Y Compound,Y Compound Level,Y Compound Error,Y Concentration,Y Error1s,Zr Compound,Zr Compound Level,Zr Compound Error,Zr Concentration,Zr Error1s,Nb Compound,Nb Compound Level,Nb Compound Error,Nb Concentration,Nb Error1s,Mo Compound,Mo Compound Level,Mo Compound Error,Mo Concentration,Mo Error1s,Ag Compound,Ag Compound Level,Ag Compound Error,Ag Concentration,Ag Error1s,Cd Compound,Cd Compound Level,Cd Compound Error,Cd Concentration,Cd Error1s,Sn Compound,Sn Compound Level,Sn Compound Error,Sn Concentration,Sn Error1s,Sb Compound,Sb Compound Level,Sb Compound Error,Sb Concentration,Sb Error1s,W Compound,W Compound Level,W Compound Error,W Concentration,W Error1s,Au Compound,Au Compound Level,Au Compound Error,Au Concentration,Au Error1s,Hg Compound,Hg Compound Level,Hg Compound Error,Hg Concentration,Hg Error1s,Pb Compound,Pb Compound Level,Pb Compound Error,Pb Concentration,Pb Error1s,Bi Compound,Bi Compound Level,Bi Compound Error,Bi Concentration,Bi Error1s,Th Compound,Th Compound Level,Th Compound Error,Th Concentration,Th Error1s,U Compound,U Compound Level,U Compound Error,U Concentration,U Error1s,LE Compound,LE Compound Level,LE Compound Error,LE Concentration,LE Error1s,Notes,Operator,Project No,Sample ID,Sample Type
369,800888,1,2019-10-07,12:11:27,geoChem-Extra-CoFix,,1,No,,,PPM,,,,0,9799,,,,45945,720,,,,171057,651,,,,0,213,,,,0,163,,,,20260,84,,,,4919,35,,,,1411,68,,,,159,10,,,,0,18,,,,1015,20,,,,8708,49,,,,0,19,,,,26,3,,,,7,2,,,,39,2,,,,6,1,,,,0,1,,,,371,2,,,,492,3,,,,27,1,,,,57,1,,,,20,1,,,,21,1,,,,0,9,,,,0,11,,,,0,16,,,,0,20,,,,0,9,,,,0,37,,,,0,4,,,,9,1,,,,0,7,,,,39,3,,,,6,2,,,,745405,988,Twin Lakes obsd,nhw,geo,geo01,Chip
369,800888,2,2019-10-07,12:16:02,geoChem-Extra-CoFix,,2,No,,,PPM,,,,0,3465,,,,66169,611,,,,293418,732,,,,0,76,,,,0,60,,,,26269,81,,,,7103,36,,,,1646,65,,,,192,10,,,,0,16,,,,881,17,,,,4721,31,,,,0,13,,,,0,4,,,,0,3,,,,40,2,,,,5,1,,,,0,1,,,,308,2,,,,685,3,,,,23,1,,,,77,1,,,,9,1,,,,0,2,,,,0,8,,,,0,9,,,,0,14,,,,0,18,,,,0,8,,,,0,32,,,,0,4,,,,8,1,,,,0,6,,,,10,3,,,,0,4,,,,598436,958,Twin Lakes obsd,nhw,geo,geo01,Chip
369,800888,3,2019-10-07,12:23:42,geoChem-Extra-CoFix,,3,No,,,PPM,,,,0,4808,,,,53105,655,,,,267831,788,,,,0,102,,,,0,84,,,,26703,94,,,,8013,42,,,,1575,71,,,,201,11,,,,0,18,,,,861,19,,,,3649,30,,,,0,13,,,,14,3,,,,0,3,,,,34,2,,,,0,2,,,,0,1,,,,325,2,,,,612,3,,,,34,1,,,,51,1,,,,15,1,,,,10,1,,,,0,9,,,,0,10,,,,0,16,,,,0,20,,,,0,9,,,,0,38,,,,0,4,,,,11,1,,,,0,7,,,,29,3,,,,6,2,,,,636922,1039,Twin Lakes obsd,nhw,geo,geo01,Chip
369,800888,4,2019-10-07,12:26:28,geoChem-Extra-CoFix,,4,No,,,PPM,,,,0,15498,,,,25166,923,,,,172995,912,,,,0,300,,,,0,255,,,,26073,142,,,,4537,49,,,,1526,98,,,,148,15,,,,0,25,,,,1599,34,,,,4325,46,,,,0,20,,,,24,5,,,,0,5,,,,43,3,,,,0,2,,,,0,1,,,,343,3,,,,378,3,,,,24,1,,,,52,2,,,,19,1,,,,24,2,,,,0,13,,,,0,15,,,,0,23,,,,0,29,,,,0,12,,,,0,52,,,,0,6,,,,9,2,,,,0,9,,,,39,4,,,,0,5,,,,762676,1312,Twin Lakes obsd,nhw,geo,geo02,Chip
369,800888,5,2019-10-07,12:28:53,geoChem-Extra-CoFix,,5,No,,,PPM,,,,0,4588,,,,45493,566,,,,209440,614,,,,1779,51,,,,1402,30,,,,25881,82,,,,10659,41,,,,1769,64,,,,195,10,,,,0,16,,,,817,16,,,,5359,32,,,,0,14,,,,0,4,,,,11,2,,,,55,2,,,,4,1,,,,0,1,,,,240,2,,,,916,3,,,,23,1,,,,70,1,,,,9,1,,,,0,2,,,,0,8,,,,0,9,,,,0,13,,,,0,17,,,,0,7,,,,0,33,,,,0,3,,,,19,1,,,,0,6,,,,14,3,,,,5,1,,,,695840,871,Twin Lakes obsd,nhw,geo,geo02,Chip
369,800888,6,2019-10-07,12:31:28,geoChem-Extra-CoFix,,6,No,,,PPM,,,,0,3706,,,,0,636,,,,398213,910,,,,0,79,,,,0,64,,,,0,106,,,,0,80,,,,497,57,,,,34,9,,,,0,16,,,,50,9,,,,1976,20,,,,0,9,,,,0,4,,,,12,2,,,,7,1,,,,0,1,,,,0,1,,,,4,0,,,,5,0,,,,4,1,,,,8,1,,,,4,1,,,,9,1,,,,0,9,,,,0,10,,,,0,15,,,,0,19,,,,0,8,,,,0,34,,,,0,3,,,,0,2,,,,0,6,,,,13,2,,,,0,3,,,,599163,915,Twin Lakes dark,nhw,geo,geo03,Chip
369,800888,7,2019-10-07,12:33:55,geoChem-Extra-CoFix,,7,No,,,PPM,,,,0,2736,,,,3018,293,,,,416147,805,,,,0,62,,,,896,29,,,,0,83,,,,0,69,,,,670,52,,,,40,7,,,,0,13,,,,27,7,,,,559,10,,,,0,5,,,,0,4,,,,0,3,,,,4,1,,,,0,1,,,,0,1,,,,5,0,,,,6,0,,,,2,0,,,,2,1,,,,0,1,,,,0,2,,,,0,8,,,,0,9,,,,0,13,,,,0,16,,,,0,7,,,,0,29,,,,0,3,,,,3,1,,,,0,5,,,,0,4,,,,0,2,,,,578620,820,Twin Lakes dark,nhw,geo,geo03,Chip
369,800888,8,2019-10-07,12:38:06,geoChem-Extra-CoFix,,8,No,,,PPM,,,,0,3765,,,,72704,625,,,,278524,750,,,,0,92,,,,0,66,,,,14209,58,,,,25803,75,,,,3405,83,,,,83,10,,,,0,18,,,,611,16,,,,25583,90,,,,190,20,,,,35,3,,,,34,3,,,,65,2,,,,0,1,,,,0,1,,,,26,1,,,,784,3,,,,15,1,,,,143,2,,,,6,1,,,,5,1,,,,0,8,,,,0,10,,,,0,14,,,,0,18,,,,0,8,,,,0,34,,,,0,4,,,,10,1,,,,0,6,,,,21,3,,,,0,3,,,,577743,1055,Gambier,nhw,geo,geo04,Chip
369,800888,9,2019-10-07,12:41:04,geoChem-Extra-CoFix,,9,No,,,PPM,,,,0,6487,,,,59254,751,,,,232138,850,,,,0,147,,,,0,113,,,,16796,81,,,,21571,84,,,,3145,96,,,,87,12,,,,0,22,,,,515,18,,,,24076,108,,,,165,23,,,,40,4,,,,36,3,,,,55,2,,,,4,1,,,,0,1,,,,28,1,,,,684,4,,,,13,1,,,,140,2,,,,8,1,,,,15,1,,,,0,10,,,,0,12,,,,0,18,,,,0,22,,,,0,10,,,,0,41,,,,0,4,,,,8,1,,,,0,8,,,,36,4,,,,0,4,,,,641185,1242,Gambier,nhw,geo,geo04,Chip
369,800888,10,2019-10-07,12:43:24,geoChem-Extra-CoFix,,10,No,,,PPM,,,,0,3353,,,,76858,597,,,,295406,733,,,,0,82,,,,0,59,,,,14349,56,,,,23919,67,,,,3256,78,,,,94,9,,,,64,12,,,,630,16,,,,27681,90,,,,218,20,,,,55,3,,,,28,2,,,,61,2,,,,0,1,,,,0,1,,,,25,1,,,,742,3,,,,14,1,,,,141,1,,,,5,1,,,,0,2,,,,0,8,,,,0,9,,,,0,13,,,,0,17,,,,0,8,,,,0,32,,,,0,4,,,,9,1,,,,0,6,,,,16,3,,,,0,3,,,,556429,1018,Gambier,nhw,geo,geo04,Chip
369,800888,11,2019-10-07,12:48:10,geoChem-Extra-CoFix,,11,No,,,PPM,,,,0,3189,,,,87322,651,,,,297547,743,,,,1448,55,,,,0,55,,,,36019,103,,,,23577,70,,,,5388,98,,,,157,11,,,,48,13,,,,548,16,,,,29093,97,,,,161,22,,,,16,3,,,,31,3,,,,82,2,,,,0,1,,,,0,1,,,,97,1,,,,591,3,,,,16,1,,,,266,2,,,,15,1,,,,0,2,,,,0,8,,,,0,9,,,,0,14,,,,0,18,,,,0,8,,,,0,35,,,,0,4,,,,12,1,,,,0,6,,,,11,3,,,,0,3,,,,517554,1082,Tranquille R,nhw,geo,geo05,Chip
369,800888,12,2019-10-07,12:50:48,geoChem-Extra-CoFix,,12,No,,,PPM,,,,7807,2347,,,,74142,647,,,,248482,900,,,,1540,53,,,,0,62,,,,26184,103,,,,26348,98,,,,5755,97,,,,159,11,,,,37,12,,,,688,16,,,,35466,141,,,,120,23,,,,20,3,,,,33,3,,,,83,2,,,,3,1,,,,0,1,,,,102,1,,,,647,3,,,,18,1,,,,283,2,,,,21,1,,,,0,2,,,,0,8,,,,0,9,,,,0,13,,,,0,17,,,,0,8,,,,0,33,,,,0,4,,,,15,1,,,,0,6,,,,17,3,,,,0,3,,,,572030,1717,TranquilleR ctx,nhw,geo,geo05,Chip
369,800888,13,2019-10-07,12:55:55,geoChem-Extra-CoFix,,13,No,,,PPM,,,,0,3364,,,,31619,503,,,,346826,817,,,,0,74,,,,0,57,,,,34909,101,,,,0,103,,,,1043,62,,,,27,8,,,,0,15,,,,84,9,,,,3254,26,,,,0,12,,,,15,3,,,,9,2,,,,19,1,,,,0,1,,,,0,1,,,,125,1,,,,23,1,,,,39,1,,,,273,2,,,,17,1,,,,9,1,,,,0,9,,,,0,10,,,,0,15,,,,0,19,,,,0,8,,,,0,35,,,,5,1,,,,12,1,,,,0,6,,,,15,2,,,,6,1,,,,581672,962,Duck Mdw 1,nhw,geo,geo06,Chip
369,800888,14,2019-10-07,12:59:41,geoChem-Extra-CoFix,,14,No,,,PPM,,,,0,1797,,,,38438,406,,,,425560,704,,,,0,41,,,,0,32,,,,36500,81,,,,0,64,,,,1024,52,,,,30,7,,,,49,10,,,,92,8,,,,2481,19,,,,28,6,,,,0,4,,,,7,2,,,,25,1,,,,0,1,,,,0,1,,,,126,1,,,,23,0,,,,41,1,,,,281,1,,,,12,1,,,,0,2,,,,0,7,,,,0,8,,,,0,12,,,,0,15,,,,11,3,,,,0,28,,,,4,1,,,,9,1,,,,11,2,,,,0,4,,,,4,1,,,,495244,800,Duck Mdw 2,nhw,geo,geo06,Chip
369,800888,15,2019-10-07,13:09:17,geoChem-Extra-CoFix,,15,No,,,PPM,,,,0,3453,,,,38116,513,,,,331076,783,,,,0,79,,,,0,59,,,,33496,97,,,,429,27,,,,1183,62,,,,0,11,,,,0,15,,,,123,10,,,,5566,34,,,,0,15,,,,8,3,,,,8,2,,,,29,2,,,,0,1,,,,0,1,,,,123,1,,,,25,1,,,,39,1,,,,265,2,,,,16,1,,,,3,1,,,,0,8,,,,0,10,,,,0,14,,,,0,18,,,,0,8,,,,0,33,,,,5,1,,,,13,1,,,,0,6,,,,17,2,,,,4,1,,,,589454,945,Duck Mdw 2,nhw,geo,geo07,Chip
369,800888,16,2019-10-07,13:12:15,geoChem-Extra-CoFix,,16,No,,,PPM,,,,0,2386,,,,34122,444,,,,396321,766,,,,0,52,,,,0,40,,,,35988,91,,,,0,77,,,,751,53,,,,0,10,,,,0,14,,,,105,9,,,,3285,24,,,,0,11,,,,0,4,,,,0,3,,,,31,1,,,,3,1,,,,0,1,,,,125,1,,,,22,1,,,,39,1,,,,268,1,,,,12,1,,,,0,2,,,,0,8,,,,0,9,,,,0,13,,,,0,16,,,,0,7,,,,0,31,,,,4,1,,,,9,1,,,,0,5,,,,13,2,,,,0,3,,,,528903,880,Duck Mdw 2,nhw,geo,geo07,Chip
369,800888,17,2019-10-07,13:19:03,geoChem-Extra-CoFix,,17,No,,,PPM,,,,0,2754,,,,85167,582,,,,332732,722,,,,0,67,,,,0,46,,,,24797,73,,,,16912,51,,,,3315,77,,,,148,10,,,,0,17,,,,300,12,,,,18222,65,,,,109,16,,,,21,3,,,,86,3,,,,68,2,,,,0,1,,,,0,1,,,,89,1,,,,556,2,,,,4,1,,,,170,1,,,,4,1,,,,0,2,,,,0,8,,,,0,9,,,,0,13,,,,0,17,,,,0,8,,,,0,32,,,,0,3,,,,16,1,,,,0,6,,,,11,3,,,,0,3,,,,517272,962,Mdcn Ck01,nhw,geo,geo08,Chip
369,800888,18,2019-10-07,13:21:27,geoChem-Extra-CoFix,,18,No,,,PPM,,,,0,4172,,,,67183,639,,,,285737,791,,,,0,97,,,,0,69,,,,24372,85,,,,16549,59,,,,3179,85,,,,131,11,,,,0,19,,,,291,13,,,,18390,75,,,,120,18,,,,16,3,,,,89,3,,,,69,2,,,,4,1,,,,0,1,,,,89,1,,,,559,3,,,,7,1,,,,173,2,,,,8,1,,,,10,1,,,,0,9,,,,0,10,,,,0,15,,,,0,19,,,,0,9,,,,0,37,,,,0,4,,,,15,1,,,,0,7,,,,30,3,,,,0,4,,,,582979,1084,Mdcn Ck01,nhw,geo,geo08,Chip
369,800888,19,2019-10-07,13:24:00,geoChem-Extra-CoFix,,19,No,,,PPM,,,,0,4730,,,,65346,675,,,,276397,824,,,,0,108,,,,0,79,,,,23890,89,,,,16432,62,,,,3018,88,,,,141,11,,,,0,20,,,,281,14,,,,17801,78,,,,72,18,,,,20,3,,,,78,3,,,,65,2,,,,4,1,,,,0,1,,,,85,1,,,,547,3,,,,7,1,,,,171,2,,,,9,1,,,,15,1,,,,0,10,,,,0,11,,,,0,16,,,,0,21,,,,0,9,,,,0,39,,,,0,4,,,,15,1,,,,0,7,,,,29,3,,,,5,1,,,,595572,1136,Mdcn Ck02,nhw,geo,geo09,Chip
369,800888,20,2019-10-07,13:26:31,geoChem-Extra-CoFix,,20,No,,,PPM,,,,0,3767,,,,77322,698,,,,312921,872,,,,0,91,,,,0,64,,,,24631,90,,,,16912,63,,,,3273,94,,,,135,12,,,,0,21,,,,300,14,,,,18223,80,,,,88,19,,,,21,3,,,,85,4,,,,68,2,,,,5,1,,,,0,1,,,,90,1,,,,554,3,,,,6,1,,,,170,2,,,,7,1,,,,6,1,,,,0,10,,,,0,11,,,,0,16,,,,0,21,,,,0,9,,,,0,39,,,,0,4,,,,14,1,,,,0,7,,,,24,3,,,,0,4,,,,545144,1176,Mdcn Ck02,nhw,geo,geo09,Chip
369,800888,21,2019-10-07,13:29:41,geoChem-Extra-CoFix,,21,No,,,PPM,,,,0,3585,,,,76907,667,,,,297228,817,,,,313,51,,,,0,62,,,,24297,85,,,,17460,62,,,,4666,99,,,,144,11,,,,0,20,,,,408,15,,,,26164,97,,,,154,22,,,,29,3,,,,57,3,,,,72,2,,,,0,2,,,,0,1,,,,87,1,,,,519,3,,,,10,1,,,,207,2,,,,11,1,,,,4,1,,,,0,9,,,,0,10,,,,0,15,,,,0,19,,,,0,9,,,,0,36,,,,0,4,,,,15,1,,,,0,6,,,,16,3,,,,0,3,,,,551230,1138,Crscbt Lk,nhw,geo,geo10,Chip
369,800888,22,2019-10-07,13:31:46,geoChem-Extra-CoFix,,22,No,,,PPM,,,,0,4130,,,,71562,701,,,,287412,863,,,,0,97,,,,0,70,,,,23524,90,,,,17754,67,,,,4677,106,,,,141,12,,,,0,21,,,,445,16,,,,25608,103,,,,183,23,,,,32,4,,,,50,3,,,,75,3,,,,4,1,,,,0,1,,,,85,1,,,,515,3,,,,10,1,,,,206,2,,,,14,1,,,,6,1,,,,0,10,,,,0,11,,,,0,16,,,,0,21,,,,0,9,,,,0,40,,,,0,4,,,,14,1,,,,0,7,,,,24,3,,,,5,2,,,,567654,1206,Crscbt Lk,nhw,geo,geo10,Chip
369,800888,23,2019-10-07,13:33:53,geoChem-Extra-CoFix,,23,No,,,PPM,,,,0,2272,,,,100459,619,,,,389560,783,,,,0,57,,,,0,39,,,,25117,76,,,,17141,55,,,,4566,92,,,,132,11,,,,0,17,,,,419,14,,,,25201,82,,,,166,20,,,,27,3,,,,42,3,,,,66,2,,,,3,1,,,,0,1,,,,83,1,,,,511,2,,,,7,1,,,,203,2,,,,9,1,,,,0,2,,,,0,8,,,,0,9,,,,0,13,,,,0,17,,,,0,8,,,,0,34,,,,0,4,,,,13,1,,,,0,6,,,,0,5,,,,0,3,,,,436275,1008,Crscbt Lk s,nhw,geo,geo10,Chip
369,800888,24,2019-10-07,13:38:20,geoChem-Extra-CoFix,,24,No,,,PPM,,,,0,3863,,,,84928,772,,,,226103,788,,,,2294,69,,,,0,72,,,,19922,84,,,,46159,148,,,,8743,136,,,,251,15,,,,0,25,,,,1230,26,,,,62592,221,,,,320,37,,,,0,5,,,,24,3,,,,107,3,,,,7,1,,,,0,1,,,,81,1,,,,1362,6,,,,26,1,,,,167,2,,,,15,1,,,,0,2,,,,0,9,,,,0,10,,,,0,15,,,,0,19,,,,0,9,,,,0,38,,,,0,4,,,,17,2,,,,0,7,,,,24,4,,,,0,4,,,,545629,1380,Criss Ck,nhw,geo,geo11,Chip
369,800888,25,2019-10-07,13:44:34,geoChem-Extra-CoFix,,25,No,,,PPM,,,,0,4369,,,,80712,809,,,,223596,836,,,,2146,73,,,,0,80,,,,19800,89,,,,46383,159,,,,8471,142,,,,236,15,,,,0,27,,,,1204,27,,,,60179,228,,,,247,38,,,,19,5,,,,22,3,,,,105,4,,,,5,1,,,,0,1,,,,89,1,,,,1350,6,,,,24,1,,,,167,2,,,,14,1,,,,7,2,,,,0,10,,,,0,11,,,,0,16,,,,0,20,,,,0,10,,,,0,43,,,,0,5,,,,18,2,,,,0,7,,,,29,4,,,,0,4,,,,555174,1459,Criss Ck,nhw,geo,geo11,Chip
369,800888,26,2019-10-07,13:49:12,geoChem-Extra-CoFix,,26,No,,,PPM,,,,0,5312,,,,77567,834,,,,214223,852,,,,2049,76,,,,0,89,,,,19271,92,,,,47334,171,,,,8376,146,,,,232,16,,,,0,27,,,,1179,27,,,,59523,238,,,,307,39,,,,17,5,,,,18,3,,,,103,4,,,,7,1,,,,0,1,,,,85,2,,,,1354,7,,,,26,1,,,,163,3,,,,15,1,,,,9,2,,,,0,10,,,,0,11,,,,0,17,,,,0,21,,,,0,10,,,,0,41,,,,9,3,,,,14,2,,,,0,8,,,,35,5,,,,0,5,,,,568082,1508,Criss Ck,nhw,geo,geo11,Chip
369,800888,27,2019-10-07,14:17:55,geoChem-Extra-CoFix,,27,No,,,PPM,,,,0,5737,,,,60630,801,,,,263303,960,,,,0,129,,,,0,96,,,,30894,128,,,,16728,76,,,,3214,107,,,,146,14,,,,0,24,,,,450,19,,,,20555,103,,,,110,23,,,,16,4,,,,37,3,,,,61,3,,,,4,1,,,,0,1,,,,141,2,,,,398,3,,,,14,1,,,,233,2,,,,16,1,,,,17,2,,,,0,11,,,,0,13,,,,0,19,,,,0,25,,,,0,11,,,,0,47,,,,0,5,,,,15,2,,,,0,8,,,,31,4,,,,6,2,,,,602981,1361,BlackwaterGEO,nhw,geo,geo12,Chip
369,800888,28,2019-10-07,14:22:41,geoChem-Extra-CoFix,,28,No,,,PPM,,,,0,3104,,,,85567,678,,,,337905,840,,,,0,76,,,,0,52,,,,32369,101,,,,15554,58,,,,3220,90,,,,152,11,,,,0,20,,,,410,15,,,,19747,79,,,,105,19,,,,12,3,,,,32,3,,,,56,2,,,,4,1,,,,0,1,,,,134,1,,,,374,2,,,,12,1,,,,227,2,,,,7,1,,,,0,2,,,,0,9,,,,0,10,,,,0,15,,,,0,20,,,,0,9,,,,0,39,,,,0,4,,,,15,1,,,,0,7,,,,17,3,,,,0,3,,,,504084,1124,BlackwaterGEO,nhw,geo,geo12,Chip
369,800888,29,2019-10-07,14:25:14,geoChem-Extra-CoFix,,29,No,,,PPM,,,,0,4378,,,,70487,756,,,,293537,927,,,,0,106,,,,0,77,,,,31301,117,,,,16100,68,,,,2871,97,,,,114,12,,,,0,22,,,,387,17,,,,19644,91,,,,96,22,,,,0,6,,,,22,3,,,,53,2,,,,0,2,,,,0,1,,,,134,2,,,,377,2,,,,13,1,,,,228,2,,,,13,1,,,,10,1,,,,0,11,,,,0,12,,,,0,18,,,,0,23,,,,0,10,,,,0,44,,,,0,5,,,,17,2,,,,0,8,,,,30,3,,,,6,2,,,,564562,1280,BlackwaterGEO,nhw,geo,geo12,Chip
369,800888,30,2019-10-07,14:30:24,geoChem-Extra-CoFix,,30,No,,,PPM,,,,0,9163,,,,48715,885,,,,211334,992,,,,0,201,,,,0,150,,,,20937,115,,,,20301,101,,,,3675,123,,,,130,15,,,,0,27,,,,374,20,,,,24394,136,,,,145,28,,,,32,5,,,,66,4,,,,72,3,,,,4,1,,,,0,1,,,,100,2,,,,471,3,,,,11,1,,,,179,2,,,,11,1,,,,21,2,,,,0,13,,,,0,15,,,,0,22,,,,0,28,,,,0,13,,,,6,2,,,,0,6,,,,15,2,,,,0,9,,,,40,4,,,,0,5,,,,668964,1479,BVRnode2,nhw,geo,geo13,Chip
369,800888,31,2019-10-07,14:34:58,geoChem-Extra-CoFix,,31,No,,,PPM,,,,0,12668,,,,30413,769,,,,194448,948,,,,2288,90,,,,807,52,,,,7080,64,,,,3800,39,,,,1382,87,,,,49,11,,,,0,25,,,,1560,31,,,,27459,145,,,,145,28,,,,24,5,,,,16,3,,,,84,3,,,,8,1,,,,0,1,,,,20,1,,,,128,2,,,,34,1,,,,129,2,,,,12,1,,,,16,2,,,,0,12,,,,0,14,,,,0,20,,,,0,26,,,,0,12,,,,0,48,,,,0,5,,,,7,1,,,,0,8,,,,27,4,,,,0,4,,,,730065,1307,ChocBar01,nhw,geo,geo14,Chip
369,800888,32,2019-10-07,14:37:04,geoChem-Extra-CoFix,,32,No,,,PPM,,,,0,4480,,,,42682,571,,,,240155,752,,,,24833,144,,,,2854,40,,,,8379,48,,,,12547,50,,,,1596,71,,,,52,9,,,,0,19,,,,973,20,,,,26494,101,,,,124,21,,,,0,5,,,,15,2,,,,105,3,,,,9,1,,,,0,1,,,,21,1,,,,118,1,,,,32,1,,,,124,1,,,,6,1,,,,0,2,,,,0,9,,,,0,10,,,,0,15,,,,0,19,,,,0,9,,,,0,36,,,,0,4,,,,7,1,,,,0,6,,,,0,5,,,,0,3,,,,638873,1062,ChocBar01,nhw,geo,geo14,Chip
369,800888,33,2019-10-07,14:39:00,geoChem-Extra-CoFix,,33,No,,,PPM,,,,0,7250,,,,34838,682,,,,287550,1062,,,,0,159,,,,0,128,,,,7495,61,,,,2262,34,,,,1447,85,,,,54,11,,,,0,23,,,,399,18,,,,23503,113,,,,169,25,,,,13,4,,,,16,3,,,,67,3,,,,5,1,,,,0,1,,,,19,1,,,,97,1,,,,28,1,,,,118,2,,,,11,1,,,,14,2,,,,0,11,,,,0,13,,,,0,19,,,,0,24,,,,0,11,,,,0,45,,,,0,5,,,,4,1,,,,0,7,,,,13,3,,,,0,4,,,,641877,1303,ChocBar02,nhw,geo,geo15,Chip
369,800888,34,2019-10-07,14:43:25,geoChem-Extra-CoFix,,34,No,,,PPM,,,,0,4438,,,,46795,587,,,,263866,811,,,,334,54,,,,0,77,,,,7539,46,,,,31231,97,,,,2881,85,,,,42,10,,,,40,13,,,,829,19,,,,26206,102,,,,86,22,,,,14,3,,,,16,2,,,,79,3,,,,8,1,,,,0,1,,,,17,1,,,,114,1,,,,35,1,,,,144,1,,,,8,1,,,,0,2,,,,0,9,,,,0,10,,,,0,15,,,,0,20,,,,0,9,,,,0,37,,,,0,4,,,,6,1,,,,0,6,,,,9,3,,,,0,3,,,,619702,1107,ChocBar02,nhw,geo,geo15,Chip
369,800888,35,2019-10-07,14:46:45,geoChem-Extra-CoFix,,35,No,,,PPM,,,,0,4533,,,,69640,721,,,,276593,874,,,,0,110,,,,0,76,,,,22265,90,,,,20292,75,,,,3421,98,,,,120,12,,,,66,15,,,,258,14,,,,25281,105,,,,150,23,,,,26,4,,,,53,3,,,,61,2,,,,3,1,,,,0,1,,,,93,1,,,,472,3,,,,11,1,,,,172,2,,,,8,1,,,,6,1,,,,0,10,,,,0,11,,,,0,17,,,,0,21,,,,0,9,,,,0,40,,,,0,4,,,,12,1,,,,0,7,,,,20,3,,,,0,4,,,,580979,1233,BVR tabular1,nhw,geo,geo16,Chip
369,800888,36,2019-10-07,14:49:58,geoChem-Extra-CoFix,,36,No,,,PPM,,,,0,8291,,,,51365,875,,,,226411,1015,,,,0,192,,,,0,142,,,,20835,113,,,,19251,95,,,,3216,117,,,,107,14,,,,0,27,,,,213,17,,,,23072,127,,,,97,27,,,,29,5,,,,70,4,,,,64,3,,,,0,2,,,,0,1,,,,89,2,,,,451,3,,,,12,1,,,,167,2,,,,13,1,,,,19,2,,,,0,13,,,,0,15,,,,0,21,,,,0,27,,,,0,12,,,,0,52,,,,0,5,,,,13,2,,,,0,9,,,,38,4,,,,0,5,,,,654471,1476,BVR tabular1,nhw,geo,geo16,Chip
369,800888,37,2019-10-07,14:52:58,geoChem-Extra-CoFix,,37,No,,,PPM,,,,0,3791,,,,77910,699,,,,296392,849,,,,0,91,,,,0,65,,,,22908,86,,,,22573,76,,,,3604,95,,,,133,12,,,,42,14,,,,318,15,,,,26091,101,,,,133,23,,,,18,3,,,,62,3,,,,72,3,,,,0,2,,,,0,1,,,,83,1,,,,482,3,,,,10,1,,,,177,2,,,,8,1,,,,5,1,,,,0,9,,,,0,11,,,,0,16,,,,0,20,,,,0,9,,,,0,40,,,,0,4,,,,13,1,,,,0,7,,,,21,3,,,,0,4,,,,548944,1189,BVR tabular2,nhw,geo,geo17,Chip
369,800888,38,2019-10-07,14:55:59,geoChem-Extra-CoFix,,38,No,,,PPM,,,,0,6680,,,,59117,817,,,,243691,962,,,,0,153,,,,0,111,,,,21722,105,,,,22290,95,,,,3379,111,,,,129,14,,,,0,26,,,,314,17,,,,25403,125,,,,205,27,,,,24,4,,,,58,4,,,,76,3,,,,4,1,,,,0,1,,,,105,2,,,,485,3,,,,13,1,,,,183,2,,,,13,1,,,,15,2,,,,0,12,,,,0,13,,,,0,20,,,,0,25,,,,0,11,,,,0,48,,,,0,5,,,,13,2,,,,0,8,,,,35,4,,,,0,4,,,,622727,1400,BVR tabular2,nhw,geo,geo17,Chip
369,800888,39,2019-10-07,15:27:25,geoChem-Extra-CoFix,,39,No,,,PPM,,,,0,4625,,,,72456,750,,,,284552,907,,,,0,110,,,,0,81,,,,23551,95,,,,15491,65,,,,4687,111,,,,125,13,,,,0,21,,,,359,16,,,,23828,103,,,,178,23,,,,16,4,,,,39,3,,,,63,3,,,,0,2,,,,0,1,,,,80,1,,,,503,3,,,,9,1,,,,201,2,,,,15,1,,,,9,1,,,,0,10,,,,0,11,,,,0,17,,,,0,21,,,,0,10,,,,0,40,,,,0,4,,,,15,1,,,,0,7,,,,20,3,,,,0,4,,,,573805,1266,debitage,nhw,19-1226-001,T01-001,Chip
369,800888,40,2019-10-07,15:31:00,geoChem-Extra-CoFix,,40,No,,,PPM,,,,0,3420,,,,81877,682,,,,311688,833,,,,198,51,,,,0,60,,,,24884,87,,,,15461,58,,,,4952,102,,,,133,12,,,,0,19,,,,385,15,,,,25216,94,,,,168,22,,,,18,3,,,,34,3,,,,70,2,,,,0,2,,,,0,1,,,,81,1,,,,522,3,,,,9,1,,,,206,2,,,,14,1,,,,0,2,,,,0,9,,,,0,10,,,,0,15,,,,0,19,,,,0,9,,,,0,37,,,,0,4,,,,13,1,,,,0,6,,,,13,3,,,,0,3,,,,534057,1144,debitage,nhw,19-1226-001,T01-001,Chip
369,800888,41,2019-10-07,15:34:59,geoChem-Extra-CoFix,,41,No,,,PPM,,,,47348,2651,,,,72970,695,,,,229470,941,,,,1185,56,,,,2163,35,,,,4940,40,,,,46890,180,,,,3878,92,,,,89,10,,,,484,19,,,,998,21,,,,52074,218,,,,269,30,,,,307,7,,,,250,5,,,,126,3,,,,7,1,,,,0,1,,,,17,1,,,,518,3,,,,15,1,,,,69,1,,,,3,1,,,,0,2,,,,0,8,,,,0,9,,,,0,14,,,,0,17,,,,0,8,,,,0,35,,,,0,4,,,,7,1,,,,0,6,,,,0,5,,,,0,3,,,,535924,1904,formal tool,nhw,19-1226-001,T01-002,Chip
369,800888,42,2019-10-07,15:38:29,geoChem-Extra-CoFix,,42,No,,,PPM,,,,47422,2646,,,,76645,710,,,,239408,972,,,,1129,57,,,,545,29,,,,4797,40,,,,44775,172,,,,3714,91,,,,101,10,,,,498,19,,,,947,21,,,,49595,208,,,,237,29,,,,235,6,,,,264,6,,,,147,3,,,,9,1,,,,1,0,,,,16,1,,,,526,3,,,,15,1,,,,67,1,,,,0,2,,,,0,2,,,,0,8,,,,0,9,,,,0,14,,,,0,18,,,,0,9,,,,0,35,,,,0,4,,,,9,1,,,,0,6,,,,0,5,,,,0,3,,,,528899,1889,formal tool,nhw,19-1226-001,T01-002,Chip
369,800888,43,2019-10-07,15:41:55,geoChem-Extra-CoFix,,43,No,,,PPM,,,,0,3987,,,,77014,712,,,,295897,865,,,,0,96,,,,0,69,,,,24825,92,,,,15988,62,,,,4573,104,,,,109,12,,,,0,21,,,,357,15,,,,24467,98,,,,173,22,,,,19,4,,,,44,3,,,,71,3,,,,3,1,,,,0,1,,,,86,1,,,,517,3,,,,11,1,,,,206,2,,,,14,1,,,,7,1,,,,0,10,,,,0,11,,,,0,16,,,,0,20,,,,0,9,,,,0,39,,,,0,4,,,,15,1,,,,0,7,,,,21,3,,,,0,4,,,,555583,1202,debitage,nhw,19-1226-001,T02-001,Chip
369,800888,44,2019-10-07,15:45:11,geoChem-Extra-CoFix,,44,No,,,PPM,,,,0,2662,,,,90493,647,,,,345260,804,,,,0,70,,,,0,50,,,,26411,83,,,,15040,54,,,,4629,96,,,,139,11,,,,0,18,,,,376,14,,,,23319,83,,,,197,20,,,,30,3,,,,43,3,,,,67,2,,,,0,1,,,,0,1,,,,81,1,,,,514,2,,,,8,1,,,,207,2,,,,10,1,,,,0,2,,,,0,9,,,,0,10,,,,0,14,,,,0,18,,,,0,8,,,,0,34,,,,0,4,,,,16,1,,,,0,6,,,,0,5,,,,0,3,,,,493159,1072,debitage,nhw,19-1226-001,T02-001,Chip
369,800888,45,2019-10-07,15:49:05,geoChem-Extra-CoFix,,45,No,,,PPM,,,,0,3560,,,,84269,699,,,,303610,838,,,,0,86,,,,0,61,,,,23569,85,,,,16527,61,,,,4577,101,,,,133,12,,,,0,20,,,,392,15,,,,25140,96,,,,150,22,,,,25,3,,,,44,3,,,,73,2,,,,0,2,,,,0,1,,,,84,1,,,,513,3,,,,9,1,,,,209,2,,,,13,1,,,,4,1,,,,0,9,,,,0,10,,,,0,15,,,,0,19,,,,0,9,,,,0,39,,,,0,4,,,,15,1,,,,0,7,,,,19,3,,,,0,3,,,,540624,1165,debitage,nhw,19-1226-001,T02-002,Chip
369,800888,46,2019-10-07,15:51:10,geoChem-Extra-CoFix,,46,No,,,PPM,,,,0,3732,,,,84564,709,,,,300101,842,,,,487,55,,,,0,64,,,,24256,88,,,,15707,60,,,,4703,103,,,,136,12,,,,0,20,,,,386,15,,,,24704,96,,,,172,22,,,,19,3,,,,43,3,,,,68,2,,,,0,2,,,,0,1,,,,82,1,,,,514,3,,,,10,1,,,,205,2,,,,14,1,,,,5,1,,,,0,9,,,,0,10,,,,0,15,,,,0,20,,,,0,9,,,,0,38,,,,0,4,,,,15,1,,,,0,7,,,,18,3,,,,0,4,,,,543790,1176,debitage,nhw,19-1226-001,T02-002,Chip
369,800888,47,2019-10-07,15:53:46,geoChem-Extra-CoFix,,47,No,,,PPM,,,,0,4338,,,,75439,741,,,,302387,920,,,,0,102,,,,0,72,,,,24434,96,,,,15865,65,,,,4471,109,,,,98,12,,,,0,21,,,,369,16,,,,24271,103,,,,171,23,,,,13,4,,,,31,3,,,,69,3,,,,0,2,,,,0,1,,,,84,1,,,,510,3,,,,10,1,,,,205,2,,,,14,1,,,,9,1,,,,0,10,,,,0,11,,,,0,16,,,,0,20,,,,0,10,,,,0,41,,,,0,4,,,,16,1,,,,0,7,,,,24,3,,,,0,4,,,,551509,1265,debitage,nhw,19-1226-001,T02-003,Chip
369,800888,48,2019-10-07,15:59:05,geoChem-Extra-CoFix,,48,No,,,PPM,,,,0,3081,,,,86068,663,,,,328599,823,,,,0,77,,,,0,53,,,,25725,86,,,,14947,55,,,,4642,98,,,,135,11,,,,0,19,,,,371,14,,,,24616,90,,,,211,21,,,,20,3,,,,41,3,,,,69,2,,,,4,1,,,,0,1,,,,87,1,,,,522,3,,,,8,1,,,,209,2,,,,11,1,,,,0,2,,,,0,9,,,,0,10,,,,0,14,,,,0,18,,,,0,8,,,,0,34,,,,0,4,,,,14,1,,,,0,6,,,,11,3,,,,0,3,,,,513688,1114,debitage,nhw,19-1226-001,T02-003,Chip
369,800888,49,2019-10-07,16:04:16,geoChem-Extra-CoFix,,49,No,,,PPM,,,,0,2860,,,,87132,649,,,,341615,810,,,,0,69,,,,93,27,,,,30791,94,,,,13618,52,,,,2857,83,,,,128,11,,,,48,13,,,,399,14,,,,17666,71,,,,130,18,,,,45,4,,,,115,4,,,,80,2,,,,3,1,,,,0,1,,,,124,1,,,,410,2,,,,7,1,,,,198,2,,,,8,1,,,,0,2,,,,0,9,,,,0,10,,,,0,15,,,,0,19,,,,0,9,,,,0,36,,,,0,4,,,,17,1,,,,0,6,,,,11,3,,,,0,3,,,,504504,1074,formal tool,nhw,19-1226-001,T03-001,Chip
369,800888,50,2019-10-07,16:06:11,geoChem-Extra-CoFix,,50,No,,,PPM,,,,0,3276,,,,79664,666,,,,319218,826,,,,0,82,,,,0,57,,,,30653,98,,,,14142,55,,,,2865,85,,,,131,11,,,,0,19,,,,415,15,,,,17671,74,,,,122,18,,,,40,4,,,,80,3,,,,75,2,,,,0,2,,,,0,1,,,,122,1,,,,413,2,,,,10,1,,,,196,2,,,,9,1,,,,0,2,,,,0,9,,,,0,10,,,,0,15,,,,0,20,,,,0,9,,,,0,37,,,,0,4,,,,16,1,,,,0,7,,,,19,3,,,,0,4,,,,534139,1113,formal tool,nhw,19-1226-001,T03-001,Chip
369,800888,51,2019-10-07,16:30:18,geoChem-Extra-CoFix,,51,No,,,PPM,,,,0,4201,,,,70889,718,,,,296162,883,,,,0,95,,,,0,71,,,,30068,108,,,,14557,61,,,,2831,92,,,,131,12,,,,0,21,,,,430,16,,,,17629,81,,,,118,20,,,,13,3,,,,49,3,,,,62,2,,,,4,1,,,,0,1,,,,124,1,,,,428,2,,,,10,1,,,,194,2,,,,11,1,,,,9,1,,,,0,10,,,,0,11,,,,0,17,,,,0,21,,,,0,10,,,,0,41,,,,0,4,,,,15,1,,,,0,7,,,,23,3,,,,8,2,,,,566236,1206,191002sf001,nhw,19-1226-001,T01-SF1,Chip
369,800888,52,2019-10-07,16:32:39,geoChem-Extra-CoFix,,52,No,,,PPM,,,,0,5524,,,,65390,777,,,,260424,909,,,,0,126,,,,0,95,,,,28334,115,,,,14619,67,,,,2793,98,,,,139,13,,,,0,23,,,,444,18,,,,18320,91,,,,86,21,,,,20,4,,,,47,3,,,,62,3,,,,0,2,,,,0,1,,,,120,1,,,,420,3,,,,10,1,,,,196,2,,,,14,1,,,,11,2,,,,0,11,,,,0,12,,,,0,18,,,,0,23,,,,0,10,,,,0,43,,,,0,5,,,,17,2,,,,0,8,,,,25,4,,,,7,2,,,,608505,1286,191002sf001,nhw,19-1226-001,T01-SF1,Chip
369,800888,53,2019-10-07,16:37:12,geoChem-Extra-CoFix,,53,No,,,PPM,,,,0,3285,,,,87516,691,,,,314458,821,,,,0,80,,,,0,57,,,,30404,98,,,,14606,56,,,,2789,85,,,,122,11,,,,0,19,,,,408,15,,,,18220,76,,,,96,18,,,,12,3,,,,38,3,,,,59,2,,,,4,1,,,,0,1,,,,122,1,,,,431,2,,,,8,1,,,,196,2,,,,9,1,,,,4,1,,,,0,9,,,,0,10,,,,0,15,,,,0,19,,,,0,9,,,,0,37,,,,0,4,,,,16,1,,,,0,7,,,,21,3,,,,0,4,,,,530459,1124,exped tool,nhw,TCS19-0045-001,T01-01,Chip
369,800888,54,2019-10-07,16:40:13,geoChem-Extra-CoFix,,54,No,,,PPM,,,,0,3811,,,,85707,719,,,,298062,837,,,,0,90,,,,0,64,,,,29465,101,,,,15090,59,,,,2838,88,,,,136,11,,,,0,20,,,,429,16,,,,18634,80,,,,67,19,,,,16,3,,,,41,3,,,,62,2,,,,4,1,,,,0,1,,,,125,1,,,,434,2,,,,8,1,,,,193,2,,,,11,1,,,,6,1,,,,0,10,,,,0,11,,,,0,16,,,,0,20,,,,0,9,,,,0,39,,,,0,4,,,,17,1,,,,0,7,,,,22,3,,,,0,4,,,,548633,1165,exped tool,nhw,TCS19-0045-001,T01-01,Chip
369,800888,55,2019-10-07,16:44:34,geoChem-Extra-CoFix,,55,No,,,PPM,,,,0,3429,,,,80381,685,,,,320835,848,,,,0,81,,,,0,59,,,,31052,102,,,,15298,59,,,,2570,84,,,,108,11,,,,0,18,,,,424,15,,,,18776,79,,,,88,19,,,,0,5,,,,33,3,,,,64,2,,,,3,1,,,,0,1,,,,124,1,,,,436,2,,,,8,1,,,,194,2,,,,13,1,,,,0,2,,,,0,9,,,,0,10,,,,0,14,,,,0,18,,,,0,9,,,,0,37,,,,0,4,,,,16,1,,,,0,7,,,,23,3,,,,0,4,,,,529555,1144,debitage,nhw,TCS19-0045-001,T01-05,Chip
369,800888,56,2019-10-07,16:48:52,geoChem-Extra-CoFix,,56,No,,,PPM,,,,0,3872,,,,76538,696,,,,293412,835,,,,731,56,,,,0,67,,,,29053,100,,,,17002,64,,,,2775,87,,,,107,11,,,,0,19,,,,475,16,,,,18648,80,,,,84,19,,,,0,5,,,,33,3,,,,65,2,,,,5,1,,,,0,1,,,,124,1,,,,438,2,,,,11,1,,,,196,2,,,,12,1,,,,4,1,,,,0,9,,,,0,10,,,,0,14,,,,0,18,,,,0,9,,,,0,37,,,,0,4,,,,14,1,,,,0,7,,,,22,3,,,,6,1,,,,560243,1159,debitage,nhw,TCS19-0045-001,T01-05,Chip
369,800888,57,2019-10-07,16:51:19,geoChem-Extra-CoFix,,57,No,,,PPM,,,,0,3381,,,,79041,680,,,,316875,841,,,,0,84,,,,0,58,,,,31193,102,,,,14428,57,,,,2758,86,,,,129,11,,,,0,20,,,,398,15,,,,17863,76,,,,100,19,,,,12,3,,,,43,3,,,,62,2,,,,3,1,,,,0,1,,,,124,1,,,,430,2,,,,7,1,,,,195,2,,,,9,1,,,,0,2,,,,0,9,,,,0,11,,,,0,16,,,,0,20,,,,0,9,,,,0,38,,,,0,4,,,,17,1,,,,0,7,,,,23,3,,,,0,4,,,,536290,1137,formal tool,nhw,TCS19-0045-001,T01-07,Chip
369,800888,58,2019-10-07,16:56:41,geoChem-Extra-CoFix,,58,No,,,PPM,,,,0,2862,,,,89401,647,,,,344486,804,,,,0,69,,,,0,49,,,,30361,92,,,,14187,52,,,,2813,82,,,,135,11,,,,38,13,,,,421,15,,,,18218,72,,,,91,18,,,,17,3,,,,43,3,,,,62,2,,,,4,1,,,,0,1,,,,121,1,,,,425,2,,,,6,1,,,,193,2,,,,8,1,,,,0,2,,,,0,9,,,,0,10,,,,0,15,,,,0,19,,,,0,8,,,,0,36,,,,0,4,,,,14,1,,,,0,6,,,,10,3,,,,0,3,,,,498945,1066,formal tool,nhw,TCS19-0045-001,T01-07,Chip
369,800888,59,2019-10-07,17:01:04,geoChem-Extra-CoFix,,59,No,,,PPM,,,,16886,2603,,,,81033,756,,,,249238,1024,,,,254,48,,,,0,77,,,,24457,111,,,,6200,42,,,,8577,125,,,,212,13,,,,193,16,,,,478,17,,,,50412,215,,,,287,30,,,,100,5,,,,11,3,,,,147,3,,,,0,1,,,,0,1,,,,98,1,,,,1005,5,,,,23,1,,,,293,2,,,,26,1,,,,0,2,,,,0,8,,,,0,9,,,,0,14,,,,0,18,,,,0,9,,,,0,36,,,,0,4,,,,14,1,,,,0,6,,,,25,4,,,,0,4,,,,560032,1930,maul,nhw,TCS19-0045-001,T02-01,Chip
369,800888,60,2019-10-07,17:03:19,geoChem-Extra-CoFix,,60,No,,,PPM,,,,0,5597,,,,61690,757,,,,205571,811,,,,948,59,,,,0,107,,,,23009,100,,,,8956,49,,,,8247,131,,,,246,14,,,,128,17,,,,669,20,,,,48223,192,,,,333,32,,,,87,5,,,,19,3,,,,174,4,,,,0,2,,,,0,1,,,,100,1,,,,971,5,,,,24,1,,,,300,3,,,,28,1,,,,0,2,,,,0,9,,,,0,11,,,,0,15,,,,0,20,,,,0,10,,,,0,39,,,,0,4,,,,16,2,,,,0,7,,,,25,4,,,,0,4,,,,640236,1309,maul,nhw,TCS19-0045-001,T02-01,Chip
369,800888,61,2019-10-07,17:06:44,geoChem-Extra-CoFix,,61,No,,,PPM,,,,20096,2914,,,,70678,765,,,,220788,1019,,,,671,53,,,,0,94,,,,18917,98,,,,6306,43,,,,7495,121,,,,203,13,,,,370,19,,,,882,21,,,,54763,253,,,,243,32,,,,114,5,,,,11,3,,,,173,4,,,,4,1,,,,0,1,,,,89,1,,,,922,5,,,,23,1,,,,281,3,,,,22,1,,,,0,2,,,,0,8,,,,0,10,,,,0,14,,,,0,18,,,,0,9,,,,0,36,,,,0,4,,,,11,1,,,,0,6,,,,19,4,,,,0,4,,,,596919,2185,maul,nhw,TCS19-0045-001,T02-01,Chip
369,800888,1,2019-10-08,13:01:52,geoChem-Extra-CoFix,,1,No,,,PPM,,,,0,3229,,,,84690,735,,,,330410,863,,,,0,76,,,,0,53,,,,32116,104,,,,16076,60,,,,3207,91,,,,129,11,,,,0,20,,,,383,15,,,,19435,80,,,,134,20,,,,0,5,,,,28,3,,,,56,2,,,,4,1,,,,0,1,,,,131,1,,,,373,2,,,,13,1,,,,227,2,,,,10,1,,,,0,2,,,,0,9,,,,0,11,,,,0,16,,,,0,20,,,,0,9,,,,0,38,,,,0,4,,,,13,1,,,,0,7,,,,18,3,,,,0,4,,,,512547,1157,blackwater ref,nhw,geo,geo99,Chip
369,800888,2,2019-10-08,13:03:50,geoChem-Extra-CoFix,,2,No,,,PPM,,,,0,8793,,,,53266,991,,,,234848,1078,,,,0,179,,,,0,140,,,,28704,146,,,,16060,88,,,,3099,122,,,,119,15,,,,0,29,,,,392,21,,,,18342,112,,,,113,25,,,,26,5,,,,36,4,,,,55,3,,,,0,2,,,,0,1,,,,127,2,,,,377,3,,,,16,1,,,,226,3,,,,18,1,,,,24,2,,,,0,13,,,,0,15,,,,0,23,,,,0,29,,,,0,13,,,,0,55,,,,0,6,,,,17,2,,,,0,10,,,,47,4,,,,8,2,,,,644080,1560,blackwater ref,nhw,geo,geo99,Chip
369,800888,3,2019-10-08,13:07:04,geoChem-Extra-CoFix,,3,No,,,PPM,,,,0,2465,,,,110332,725,,,,389839,841,,,,0,62,,,,0,42,,,,29129,90,,,,22098,68,,,,3874,95,,,,104,11,,,,0,18,,,,504,16,,,,26570,92,,,,108,22,,,,0,4,,,,10,2,,,,67,2,,,,4,1,,,,0,1,,,,109,1,,,,568,3,,,,11,1,,,,200,2,,,,8,1,,,,0,2,,,,0,8,,,,0,9,,,,0,13,,,,0,16,,,,0,8,,,,0,34,,,,0,4,,,,12,1,,,,0,6,,,,15,3,,,,0,4,,,,416436,1089,debitage,nhw,TCS18-0024-001,EhRa-23:001,Chip
369,800888,4,2019-10-08,13:08:53,geoChem-Extra-CoFix,,4,No,,,PPM,,,,0,2832,,,,102018,737,,,,360178,851,,,,0,70,,,,0,47,,,,30699,96,,,,24278,74,,,,4202,99,,,,95,11,,,,0,19,,,,547,17,,,,29507,102,,,,134,24,,,,0,5,,,,12,2,,,,78,3,,,,0,2,,,,0,1,,,,114,1,,,,600,3,,,,14,1,,,,205,2,,,,9,1,,,,0,2,,,,0,8,,,,0,9,,,,0,13,,,,0,16,,,,0,8,,,,0,35,,,,0,4,,,,17,1,,,,0,7,,,,21,3,,,,0,4,,,,447272,1145,debitage,nhw,TCS18-0024-001,EhRa-23:001,Chip
369,800888,5,2019-10-08,13:14:01,geoChem-Extra-CoFix,,5,No,,,PPM,,,,0,2552,,,,99419,692,,,,373181,820,,,,0,63,,,,0,43,,,,32564,95,,,,15415,55,,,,2557,80,,,,98,10,,,,0,18,,,,397,14,,,,18890,72,,,,102,18,,,,0,4,,,,37,3,,,,60,2,,,,3,1,,,,0,1,,,,126,1,,,,442,2,,,,8,1,,,,196,2,,,,7,1,,,,0,2,,,,0,8,,,,0,9,,,,0,13,,,,0,16,,,,0,8,,,,0,34,,,,0,4,,,,16,1,,,,0,6,,,,17,3,,,,0,3,,,,456466,1061,debitage,nhw,TCS18-0024-001,EhRa-24:013a,Chip
369,800888,6,2019-10-08,13:16:05,geoChem-Extra-CoFix,,6,No,,,PPM,,,,0,2380,,,,104554,703,,,,407464,848,,,,0,58,,,,0,41,,,,33840,98,,,,14785,55,,,,2543,83,,,,109,11,,,,0,17,,,,405,15,,,,18699,73,,,,81,19,,,,0,5,,,,38,3,,,,57,2,,,,0,2,,,,0,1,,,,130,1,,,,440,2,,,,8,1,,,,201,2,,,,9,1,,,,0,2,,,,0,9,,,,0,9,,,,0,13,,,,0,16,,,,0,8,,,,0,34,,,,0,4,,,,18,1,,,,0,7,,,,14,3,,,,0,3,,,,416605,1062,debitage,nhw,TCS18-0024-001,EhRa-24:013a,Chip
369,800888,7,2019-10-08,13:18:34,geoChem-Extra-CoFix,,7,No,,,PPM,,,,0,2297,,,,101936,667,,,,404172,811,,,,0,55,,,,0,39,,,,33801,94,,,,15520,54,,,,2762,81,,,,77,10,,,,0,17,,,,448,15,,,,19827,73,,,,123,18,,,,0,4,,,,32,3,,,,65,2,,,,3,1,,,,0,1,,,,131,1,,,,457,2,,,,7,1,,,,198,2,,,,8,1,,,,0,2,,,,0,8,,,,0,9,,,,0,12,,,,0,15,,,,0,8,,,,0,34,,,,0,4,,,,16,1,,,,0,6,,,,15,3,,,,4,1,,,,420398,1021,debitage,nhw,TCS18-0024-001,T01:01,Chip
369,800888,8,2019-10-08,13:20:59,geoChem-Extra-CoFix,,8,No,,,PPM,,,,0,2816,,,,92366,710,,,,364541,860,,,,0,69,,,,0,48,,,,33330,102,,,,16410,60,,,,2582,84,,,,108,11,,,,0,18,,,,429,15,,,,20169,79,,,,117,20,,,,0,4,,,,31,3,,,,65,2,,,,3,1,,,,0,1,,,,129,1,,,,459,2,,,,9,1,,,,196,2,,,,12,1,,,,0,2,,,,0,9,,,,0,9,,,,0,13,,,,0,16,,,,0,8,,,,0,36,,,,0,4,,,,16,1,,,,0,7,,,,23,3,,,,5,1,,,,469000,1124,debitage,nhw,TCS18-0024-001,T01:01,Chip
369,800888,9,2019-10-08,13:23:24,geoChem-Extra-CoFix,,9,No,,,PPM,,,,0,2318,,,,101596,668,,,,398009,814,,,,0,57,,,,0,40,,,,32502,92,,,,15767,55,,,,2726,81,,,,89,10,,,,0,17,,,,428,15,,,,19469,72,,,,117,18,,,,0,4,,,,31,3,,,,61,2,,,,4,1,,,,0,1,,,,131,1,,,,453,2,,,,7,1,,,,195,2,,,,7,1,,,,0,2,,,,0,8,,,,0,9,,,,0,12,,,,0,15,,,,0,8,,,,0,32,,,,0,4,,,,14,1,,,,0,6,,,,13,3,,,,6,1,,,,428376,1032,debitage,nhw,TCS18-0024-001,T01:02,Chip
369,800888,10,2019-10-08,13:26:00,geoChem-Extra-CoFix,,10,No,,,PPM,,,,0,2303,,,,99062,649,,,,403811,804,,,,0,55,,,,0,39,,,,32691,91,,,,15071,53,,,,2677,79,,,,101,10,,,,0,17,,,,433,14,,,,20106,72,,,,103,18,,,,0,4,,,,29,2,,,,70,2,,,,0,2,,,,0,1,,,,131,1,,,,454,2,,,,8,1,,,,196,2,,,,7,1,,,,0,2,,,,0,8,,,,0,9,,,,0,12,,,,0,15,,,,0,8,,,,0,33,,,,0,4,,,,17,1,,,,0,6,,,,14,3,,,,0,3,,,,425020,1011,debitage,nhw,TCS18-0024-001,T01:02,Chip
369,800888,11,2019-10-08,13:53:12,geoChem-Extra-CoFix,,11,No,,,PPM,,,,0,3438,,,,87806,727,,,,322629,856,,,,0,83,,,,0,59,,,,31225,103,,,,15048,59,,,,2645,86,,,,89,11,,,,0,19,,,,423,16,,,,17973,77,,,,135,19,,,,0,5,,,,35,3,,,,60,2,,,,0,2,,,,0,1,,,,121,1,,,,413,2,,,,9,1,,,,201,2,,,,10,1,,,,0,2,,,,0,9,,,,0,11,,,,0,15,,,,0,19,,,,0,9,,,,0,38,,,,0,4,,,,16,1,,,,0,7,,,,19,3,,,,5,1,,,,521138,1160,debitage,nhw,TCS18-0024-001,T02:018,Chip
369,800888,12,2019-10-08,13:55:02,geoChem-Extra-CoFix,,12,No,,,PPM,,,,0,2673,,,,91853,666,,,,339246,795,,,,0,68,,,,0,48,,,,31726,94,,,,14769,53,,,,2790,81,,,,126,10,,,,0,18,,,,462,15,,,,19002,73,,,,127,18,,,,11,3,,,,38,3,,,,63,2,,,,3,1,,,,0,1,,,,125,1,,,,425,2,,,,8,1,,,,201,2,,,,8,1,,,,0,2,,,,0,8,,,,0,9,,,,0,14,,,,0,17,,,,0,8,,,,0,35,,,,0,4,,,,16,1,,,,0,6,,,,13,3,,,,0,3,,,,498990,1063,debitage,nhw,TCS18-0024-001,T02:018,Chip
369,800888,13,2019-10-08,14:00:29,geoChem-Extra-CoFix,,13,No,,,PPM,,,,0,2391,,,,105128,655,,,,373961,778,,,,0,60,,,,0,41,,,,32701,91,,,,13978,50,,,,2660,78,,,,114,10,,,,0,17,,,,447,14,,,,18767,69,,,,84,17,,,,14,3,,,,37,2,,,,62,2,,,,0,1,,,,0,1,,,,128,1,,,,422,2,,,,7,1,,,,195,2,,,,7,1,,,,0,2,,,,0,8,,,,0,9,,,,0,13,,,,0,16,,,,0,8,,,,0,34,,,,0,4,,,,18,1,,,,0,6,,,,9,3,,,,0,3,,,,451262,1012,debitage,nhw,TCS18-0024-001,T02:018,Chip
369,800888,14,2019-10-08,14:02:17,geoChem-Extra-CoFix,,14,No,,,PPM,,,,0,2597,,,,101956,665,,,,350186,776,,,,0,64,,,,0,45,,,,34547,97,,,,14422,52,,,,2797,80,,,,127,10,,,,0,17,,,,427,14,,,,18803,70,,,,85,18,,,,10,3,,,,24,2,,,,65,2,,,,0,2,,,,0,1,,,,127,1,,,,431,2,,,,10,1,,,,203,2,,,,7,1,,,,0,2,,,,0,8,,,,0,9,,,,0,13,,,,0,16,,,,0,8,,,,0,33,,,,0,4,,,,18,1,,,,0,6,,,,11,3,,,,0,3,,,,475745,1037,debitage,nhw,TCS18-0024-001,T02:018,Chip
369,800888,15,2019-10-08,14:06:03,geoChem-Extra-CoFix,,15,No,,,PPM,,,,0,3221,,,,84367,699,,,,321066,835,,,,0,80,,,,0,57,,,,32321,103,,,,14849,57,,,,2578,83,,,,107,11,,,,0,19,,,,481,16,,,,17714,74,,,,111,18,,,,0,5,,,,37,3,,,,60,2,,,,0,2,,,,0,1,,,,124,1,,,,427,2,,,,9,1,,,,202,2,,,,11,1,,,,0,2,,,,0,9,,,,0,10,,,,0,14,,,,0,18,,,,0,9,,,,0,37,,,,0,4,,,,17,1,,,,0,7,,,,16,3,,,,0,4,,,,525505,1130,debitage,nhw,TCS18-0024-001,T03:036a,Chip
369,800888,16,2019-10-08,14:07:49,geoChem-Extra-CoFix,,16,No,,,PPM,,,,0,3111,,,,84584,685,,,,320820,820,,,,0,77,,,,0,56,,,,31619,100,,,,15436,57,,,,2504,81,,,,108,10,,,,0,18,,,,431,15,,,,17477,73,,,,112,18,,,,0,5,,,,42,3,,,,61,2,,,,0,2,,,,0,1,,,,124,1,,,,425,2,,,,9,1,,,,195,2,,,,9,1,,,,0,2,,,,0,9,,,,0,10,,,,0,14,,,,0,18,,,,0,9,,,,0,37,,,,0,4,,,,16,1,,,,0,7,,,,19,3,,,,0,3,,,,526010,1109,debitage,nhw,TCS18-0024-001,T03:036a,Chip
369,800888,17,2019-10-08,14:10:24,geoChem-Extra-CoFix,,17,No,,,PPM,,,,0,3222,,,,89292,697,,,,316564,815,,,,221,51,,,,251,30,,,,31860,101,,,,14686,56,,,,2607,83,,,,104,10,,,,0,18,,,,456,15,,,,17114,72,,,,120,18,,,,9,3,,,,41,3,,,,69,2,,,,4,1,,,,0,1,,,,122,1,,,,420,2,,,,9,1,,,,194,2,,,,8,1,,,,0,2,,,,0,9,,,,0,10,,,,0,15,,,,0,18,,,,0,8,,,,0,35,,,,0,4,,,,16,1,,,,0,7,,,,14,3,,,,0,3,,,,525818,1115,debitage,nhw,TCS18-0024-001,T03:036b,Chip
369,800888,18,2019-10-08,14:13:05,geoChem-Extra-CoFix,,18,No,,,PPM,,,,0,2841,,,,91429,665,,,,328473,786,,,,304,48,,,,539,28,,,,32244,96,,,,14606,53,,,,2724,80,,,,115,10,,,,0,18,,,,409,14,,,,17592,70,,,,111,17,,,,11,3,,,,42,3,,,,66,2,,,,0,2,,,,0,1,,,,122,1,,,,422,2,,,,8,1,,,,195,2,,,,7,1,,,,0,2,,,,0,9,,,,0,10,,,,0,14,,,,0,18,,,,0,8,,,,0,35,,,,0,4,,,,16,1,,,,0,6,,,,11,3,,,,4,1,,,,510547,1063,debitage,nhw,TCS18-0024-001,T03:036b,Chip
369,800888,19,2019-10-08,14:16:05,geoChem-Extra-CoFix,,19,No,,,PPM,,,,0,3216,,,,80971,672,,,,327206,831,,,,0,75,,,,0,54,,,,30283,97,,,,14072,54,,,,2766,84,,,,154,11,,,,0,20,,,,397,15,,,,18138,74,,,,95,18,,,,18,3,,,,46,3,,,,60,2,,,,3,1,,,,0,1,,,,125,1,,,,431,2,,,,7,1,,,,196,2,,,,10,1,,,,0,2,,,,0,9,,,,0,10,,,,0,15,,,,0,19,,,,0,9,,,,0,39,,,,0,4,,,,16,1,,,,0,7,,,,18,3,,,,0,3,,,,524989,1110,debitage,nhw,TCS18-0024-001,T04:038,Chip
369,800888,20,2019-10-08,14:18:44,geoChem-Extra-CoFix,,20,No,,,PPM,,,,0,3068,,,,82402,664,,,,323928,812,,,,0,73,,,,0,53,,,,31437,98,,,,14468,54,,,,3047,85,,,,136,11,,,,40,13,,,,429,15,,,,18363,74,,,,96,18,,,,10,3,,,,48,3,,,,62,2,,,,0,2,,,,0,1,,,,126,1,,,,438,2,,,,8,1,,,,201,2,,,,8,1,,,,0,2,,,,0,9,,,,0,10,,,,0,15,,,,0,19,,,,0,9,,,,0,36,,,,0,4,,,,20,1,,,,0,6,,,,17,3,,,,0,3,,,,524715,1094,debitage,nhw,TCS18-0024-001,T04:038,Chip
369,800888,21,2019-10-08,14:21:59,geoChem-Extra-CoFix,,21,No,,,PPM,,,,0,2647,,,,19692,414,,,,440177,920,,,,0,61,,,,0,45,,,,7737,46,,,,0,82,,,,570,58,,,,35,8,,,,0,15,,,,46,9,,,,11687,53,,,,78,14,,,,19,3,,,,0,3,,,,17,1,,,,0,1,,,,0,1,,,,106,1,,,,46,1,,,,4,1,,,,48,1,,,,4,1,,,,0,2,,,,0,9,,,,0,10,,,,0,14,,,,0,17,,,,0,8,,,,0,32,,,,0,4,,,,0,2,,,,0,6,,,,0,5,,,,0,3,,,,519734,986,debitage,nhw,TCS18-0024-001,T05:043,Chip
369,800888,22,2019-10-08,14:23:45,geoChem-Extra-CoFix,,22,No,,,PPM,,,,0,2184,,,,27082,410,,,,452570,850,,,,0,52,,,,0,38,,,,12431,51,,,,379,25,,,,901,58,,,,34,8,,,,0,14,,,,110,9,,,,12130,50,,,,92,13,,,,20,3,,,,0,3,,,,25,1,,,,0,1,,,,1,0,,,,115,1,,,,47,1,,,,5,1,,,,51,1,,,,0,2,,,,0,2,,,,0,8,,,,0,9,,,,0,13,,,,0,16,,,,0,7,,,,0,30,,,,0,3,,,,0,2,,,,0,5,,,,0,4,,,,0,3,,,,494008,924,debitage,nhw,TCS18-0024-001,T05:043,Chip
369,800888,23,2019-10-08,14:28:05,geoChem-Extra-CoFix,,23,No,,,PPM,,,,0,3642,,,,39121,524,,,,380453,927,,,,0,80,,,,0,60,,,,0,115,,,,2270,28,,,,3408,89,,,,54,10,,,,0,17,,,,95,10,,,,7372,43,,,,64,12,,,,26,3,,,,0,3,,,,27,2,,,,0,1,,,,0,1,,,,7,0,,,,47,1,,,,23,1,,,,289,2,,,,13,1,,,,0,2,,,,0,9,,,,0,10,,,,0,14,,,,0,18,,,,0,8,,,,0,34,,,,0,4,,,,3,1,,,,0,6,,,,13,3,,,,0,3,,,,566715,1039,debitage,nhw,TCS18-0024-001,T06:050,Chip
369,800888,24,2019-10-08,14:30:09,geoChem-Extra-CoFix,,24,No,,,PPM,,,,0,3597,,,,44453,536,,,,366590,897,,,,0,82,,,,0,61,,,,293,33,,,,2733,28,,,,3772,90,,,,50,10,,,,0,17,,,,122,10,,,,7785,44,,,,58,12,,,,24,3,,,,8,2,,,,28,2,,,,0,1,,,,0,1,,,,8,0,,,,49,1,,,,23,1,,,,314,2,,,,15,1,,,,0,2,,,,0,9,,,,0,10,,,,0,14,,,,0,18,,,,0,8,,,,0,34,,,,0,4,,,,0,2,,,,0,6,,,,14,3,,,,0,3,,,,573661,1024,debitage,nhw,TCS18-0024-001,T06:050,Chip
369,800888,25,2019-10-08,14:39:09,geoChem-Extra-CoFix,,25,No,,,PPM,,,,0,3477,,,,40560,566,,,,155797,555,,,,886,54,,,,139,24,,,,16115,64,,,,103247,285,,,,2098,77,,,,90,10,,,,0,19,,,,343,14,,,,16567,76,,,,100,18,,,,14,3,,,,42,3,,,,59,2,,,,3,1,,,,0,1,,,,117,1,,,,423,2,,,,9,1,,,,189,2,,,,7,1,,,,0,2,,,,0,9,,,,0,11,,,,0,15,,,,0,19,,,,0,9,,,,0,37,,,,0,4,,,,14,1,,,,0,7,,,,18,3,,,,6,1,,,,663154,1024,formal tool,nhw,19-1224-003,EeRj-6:677,Chip
369,800888,26,2019-10-08,14:40:55,geoChem-Extra-CoFix,,26,No,,,PPM,,,,0,3307,,,,81275,678,,,,316563,826,,,,0,79,,,,0,58,,,,30941,99,,,,14908,57,,,,2811,85,,,,122,11,,,,0,19,,,,408,15,,,,18184,75,,,,104,18,,,,13,3,,,,48,3,,,,57,2,,,,0,2,,,,0,1,,,,122,1,,,,431,2,,,,10,1,,,,192,2,,,,9,1,,,,0,2,,,,0,9,,,,0,10,,,,0,15,,,,0,19,,,,0,9,,,,0,38,,,,0,4,,,,17,1,,,,0,7,,,,13,3,,,,0,4,,,,533774,1119,formal tool,nhw,19-1224-003,EeRj-6:677,Chip
369,800888,27,2019-10-08,14:44:17,geoChem-Extra-CoFix,,27,No,,,PPM,,,,0,4037,,,,75885,723,,,,292989,865,,,,0,94,,,,0,70,,,,30324,107,,,,14460,60,,,,2793,90,,,,146,12,,,,0,21,,,,406,16,,,,17784,80,,,,82,19,,,,12,3,,,,49,3,,,,61,2,,,,3,1,,,,0,1,,,,121,1,,,,417,2,,,,10,1,,,,199,2,,,,14,1,,,,8,1,,,,0,10,,,,0,11,,,,0,16,,,,0,21,,,,0,10,,,,0,41,,,,0,4,,,,16,1,,,,0,7,,,,20,3,,,,5,1,,,,564194,1195,debitage,nhw,19-1224-003,EeRj-6:674,Chip
369,800888,28,2019-10-08,14:46:13,geoChem-Extra-CoFix,,28,No,,,PPM,,,,0,2981,,,,98291,659,,,,326279,768,,,,370,47,,,,200,26,,,,29225,88,,,,14317,52,,,,2887,80,,,,149,10,,,,53,13,,,,467,15,,,,19333,73,,,,103,18,,,,20,3,,,,42,3,,,,61,2,,,,3,1,,,,0,1,,,,120,1,,,,418,2,,,,7,1,,,,193,2,,,,6,1,,,,0,2,,,,0,8,,,,0,10,,,,0,14,,,,0,18,,,,0,8,,,,0,34,,,,0,4,,,,14,1,,,,13,3,,,,0,5,,,,5,1,,,,507426,1048,debitage,nhw,19-1224-003,EeRj-6:674,Chip
369,800888,29,2019-10-08,14:48:50,geoChem-Extra-CoFix,,29,No,,,PPM,,,,0,3657,,,,87415,715,,,,254831,766,,,,611,53,,,,0,70,,,,20099,77,,,,23857,78,,,,4582,99,,,,148,11,,,,0,21,,,,444,16,,,,28293,106,,,,0,37,,,,39,4,,,,53,3,,,,92,3,,,,0,2,,,,0,1,,,,78,1,,,,637,3,,,,6,1,,,,190,2,,,,8,1,,,,0,2,,,,0,9,,,,0,10,,,,0,15,,,,0,19,,,,0,9,,,,0,37,,,,6,2,,,,15,1,,,,0,6,,,,18,3,,,,0,4,,,,578579,1154,debitage,nhw,19-1224-003,EeRj-6:671,Chip
369,800888,30,2019-10-08,14:50:42,geoChem-Extra-CoFix,,30,No,,,PPM,,,,0,4455,,,,88144,757,,,,257891,816,,,,0,104,,,,0,74,,,,19362,80,,,,22763,80,,,,4147,101,,,,136,12,,,,0,21,,,,425,16,,,,25985,105,,,,138,23,,,,39,4,,,,60,3,,,,81,3,,,,0,2,,,,0,1,,,,78,1,,,,644,3,,,,9,1,,,,194,2,,,,8,1,,,,6,1,,,,0,10,,,,0,11,,,,0,16,,,,0,20,,,,0,9,,,,0,40,,,,0,4,,,,14,1,,,,0,7,,,,19,3,,,,0,4,,,,579856,1216,debitage,nhw,19-1224-003,EeRj-6:671,Chip
369,800888,31,2019-10-08,14:54:27,geoChem-Extra-CoFix,,31,No,,,PPM,,,,0,4530,,,,82844,738,,,,249898,793,,,,615,55,,,,210,31,,,,23498,90,,,,18150,68,,,,4814,104,,,,105,12,,,,0,21,,,,406,16,,,,26410,105,,,,100,23,,,,29,4,,,,89,4,,,,88,3,,,,4,1,,,,0,1,,,,84,1,,,,635,3,,,,7,1,,,,195,2,,,,9,1,,,,6,1,,,,0,9,,,,0,11,,,,0,16,,,,0,20,,,,0,9,,,,0,40,,,,0,4,,,,14,1,,,,0,7,,,,27,3,,,,0,4,,,,591762,1189,debitage,nhw,19-1224-003,EeRj-6:668,Chip
369,800888,32,2019-10-08,15:01:26,geoChem-Extra-CoFix,,32,No,,,PPM,,,,0,2386,,,,91439,619,,,,364688,770,,,,1847,52,,,,165,25,,,,39033,103,,,,0,100,,,,641,56,,,,0,11,,,,0,16,,,,302,12,,,,10887,49,,,,50,13,,,,0,4,,,,9,2,,,,15,1,,,,0,2,,,,0,1,,,,236,2,,,,47,1,,,,16,1,,,,188,1,,,,228,2,,,,0,2,,,,0,8,,,,0,9,,,,0,13,,,,0,16,,,,13,4,,,,0,34,,,,0,4,,,,21,1,,,,0,7,,,,78,3,,,,15,1,,,,490080,983,debitage,nhw,18-1135-018,DhQj-14:31,Chip
369,800888,33,2019-10-08,15:03:55,geoChem-Extra-CoFix,,33,No,,,PPM,,,,0,2908,,,,85428,650,,,,330769,789,,,,1847,55,,,,0,52,,,,37900,108,,,,0,118,,,,642,58,,,,0,11,,,,0,17,,,,865,19,,,,10554,51,,,,46,13,,,,8,3,,,,12,2,,,,20,1,,,,0,2,,,,0,1,,,,230,2,,,,44,1,,,,19,1,,,,182,1,,,,223,2,,,,0,2,,,,0,9,,,,0,9,,,,0,14,,,,0,17,,,,0,8,,,,0,35,,,,0,4,,,,25,1,,,,0,7,,,,77,3,,,,11,1,,,,531096,1035,debitage,nhw,18-1135-018,DhQj-14:31,Chip
369,800888,34,2019-10-08,15:06:32,geoChem-Extra-CoFix,,34,No,,,PPM,,,,0,2849,,,,86154,628,,,,324217,773,,,,786,49,,,,0,50,,,,23551,76,,,,16896,55,,,,3440,84,,,,125,10,,,,0,18,,,,453,14,,,,22698,81,,,,136,19,,,,16,3,,,,18,2,,,,68,2,,,,0,1,,,,0,1,,,,90,1,,,,405,2,,,,14,1,,,,218,2,,,,8,1,,,,0,2,,,,0,8,,,,0,9,,,,0,14,,,,0,18,,,,0,8,,,,0,34,,,,0,4,,,,18,1,,,,0,6,,,,9,3,,,,0,3,,,,520679,1046,formal tool,nhw,18-1135-018,DhQj-14:32,Chip
369,800888,35,2019-10-08,15:08:31,geoChem-Extra-CoFix,,35,No,,,PPM,,,,0,3747,,,,73465,680,,,,292889,835,,,,180,52,,,,0,67,,,,23355,86,,,,17891,64,,,,3311,91,,,,103,11,,,,61,14,,,,462,16,,,,23288,92,,,,153,21,,,,13,3,,,,23,3,,,,70,2,,,,0,2,,,,0,1,,,,90,1,,,,414,2,,,,17,1,,,,225,2,,,,10,1,,,,5,1,,,,0,9,,,,0,10,,,,0,15,,,,0,20,,,,0,9,,,,0,39,,,,0,4,,,,17,1,,,,0,7,,,,19,3,,,,0,4,,,,563936,1155,formal tool,nhw,18-1135-018,DhQj-14:32,Chip
369,800888,36,2019-10-08,15:10:42,geoChem-Extra-CoFix,,36,No,,,PPM,,,,0,2437,,,,42059,504,,,,406078,865,,,,918,54,,,,0,45,,,,21503,73,,,,14126,50,,,,2048,74,,,,278,12,,,,0,18,,,,128,10,,,,5104,34,,,,36,10,,,,18,3,,,,22,2,,,,683,6,,,,3,1,,,,2,0,,,,81,1,,,,102,1,,,,6,1,,,,161,1,,,,0,2,,,,12,1,,,,0,9,,,,27,5,,,,0,14,,,,0,18,,,,39,6,,,,0,34,,,,0,4,,,,15,1,,,,0,6,,,,0,5,,,,4,1,,,,506547,1005,debitage,nhw,18-1135-018,DhQj-14:42,Chip
369,800888,37,2019-10-08,15:14:20,geoChem-Extra-CoFix,,37,No,,,PPM,,,,8824,1682,,,,44251,465,,,,461249,1117,,,,659,49,,,,0,33,,,,22167,77,,,,14723,54,,,,1891,68,,,,280,11,,,,47,13,,,,118,9,,,,4617,31,,,,39,9,,,,19,3,,,,17,2,,,,151,3,,,,3,1,,,,2,0,,,,80,1,,,,102,1,,,,4,1,,,,132,1,,,,0,2,,,,0,2,,,,0,8,,,,0,9,,,,0,13,,,,0,17,,,,0,8,,,,0,33,,,,0,4,,,,10,1,,,,10,3,,,,0,4,,,,0,3,,,,440603,1176,debitage,nhw,18-1135-018,DhQj-14:42,Chip
369,800888,38,2019-10-08,15:18:52,geoChem-Extra-CoFix,,38,No,,,PPM,,,,0,2758,,,,78211,615,,,,351538,796,,,,335,45,,,,0,47,,,,39669,109,,,,0,107,,,,719,59,,,,0,11,,,,0,17,,,,196,11,,,,9562,47,,,,73,13,,,,13,3,,,,13,2,,,,16,1,,,,0,2,,,,0,1,,,,183,1,,,,67,1,,,,19,1,,,,190,1,,,,227,2,,,,0,2,,,,0,9,,,,0,10,,,,0,14,,,,0,18,,,,14,4,,,,0,36,,,,0,4,,,,31,1,,,,0,7,,,,73,3,,,,14,1,,,,518839,1013,expedient tool,nhw,18-1135-018,DhQj-14:47,Chip
369,800888,39,2019-10-08,15:20:43,geoChem-Extra-CoFix,,39,No,,,PPM,,,,0,4077,,,,67788,690,,,,301542,861,,,,833,56,,,,0,74,,,,34689,116,,,,319,32,,,,970,69,,,,0,13,,,,0,18,,,,204,13,,,,10671,57,,,,0,23,,,,0,5,,,,16,2,,,,22,2,,,,6,1,,,,0,1,,,,184,2,,,,66,1,,,,18,1,,,,194,2,,,,227,2,,,,5,1,,,,0,10,,,,0,11,,,,0,16,,,,0,20,,,,0,10,,,,0,41,,,,0,4,,,,41,2,,,,0,8,,,,94,3,,,,17,1,,,,582093,1133,expedient tool,nhw,18-1135-018,DhQj-14:47,Chip
369,800888,40,2019-10-08,15:25:37,geoChem-Extra-CoFix,,40,No,,,PPM,,,,0,4491,,,,75229,760,,,,282263,893,,,,0,106,,,,0,77,,,,31922,117,,,,15517,66,,,,3101,98,,,,131,12,,,,0,22,,,,396,17,,,,19525,90,,,,115,21,,,,15,4,,,,29,3,,,,59,2,,,,3,1,,,,0,1,,,,133,1,,,,375,2,,,,14,1,,,,228,2,,,,11,1,,,,11,1,,,,0,10,,,,0,12,,,,0,17,,,,0,22,,,,0,10,,,,0,43,,,,0,5,,,,16,1,,,,0,8,,,,33,3,,,,5,2,,,,570867,1260,debitage,nhw,19-1225-008,T01-001,Chip
369,800888,41,2019-10-08,15:28:34,geoChem-Extra-CoFix,,41,No,,,PPM,,,,0,3362,,,,88005,692,,,,305422,808,,,,0,81,,,,0,57,,,,32571,103,,,,15664,58,,,,3241,89,,,,139,11,,,,0,19,,,,481,16,,,,20320,81,,,,128,19,,,,0,5,,,,33,3,,,,58,2,,,,0,2,,,,0,1,,,,137,1,,,,387,2,,,,12,1,,,,230,2,,,,10,1,,,,0,2,,,,0,9,,,,0,10,,,,0,15,,,,0,19,,,,0,9,,,,0,37,,,,0,4,,,,16,1,,,,0,7,,,,20,3,,,,0,4,,,,533126,1128,debitage,nhw,19-1225-008,T01-001,Chip
369,800888,42,2019-10-08,15:30:42,geoChem-Extra-CoFix,,42,No,,,PPM,,,,0,6092,,,,66353,822,,,,248767,931,,,,0,136,,,,0,101,,,,30082,126,,,,15692,73,,,,3356,108,,,,166,14,,,,0,24,,,,381,18,,,,19660,100,,,,136,23,,,,19,4,,,,31,3,,,,61,3,,,,0,2,,,,0,1,,,,136,2,,,,378,3,,,,15,1,,,,230,2,,,,18,1,,,,20,2,,,,0,11,,,,0,13,,,,0,19,,,,0,25,,,,0,11,,,,0,47,,,,0,5,,,,20,2,,,,0,8,,,,27,4,,,,0,4,,,,614452,1353,debitage ctx,nhw,19-1225-008,T01-001b,Chip
369,800888,43,2019-10-08,15:32:51,geoChem-Extra-CoFix,,43,No,,,PPM,,,,0,3268,,,,88916,682,,,,296629,784,,,,0,81,,,,0,55,,,,32909,102,,,,16428,59,,,,3958,93,,,,158,11,,,,43,14,,,,478,16,,,,24052,90,,,,117,21,,,,12,3,,,,38,3,,,,68,2,,,,4,1,,,,0,1,,,,151,1,,,,416,2,,,,14,1,,,,244,2,,,,9,1,,,,0,2,,,,0,9,,,,0,10,,,,0,15,,,,0,19,,,,0,9,,,,0,37,,,,0,4,,,,18,1,,,,0,6,,,,19,3,,,,5,1,,,,535313,1116,debitage ctx,nhw,19-1225-008,T01-001b,Chip
369,800888,44,2019-10-08,15:35:19,geoChem-Extra-CoFix,,44,No,,,PPM,,,,0,4123,,,,87251,757,,,,268321,833,,,,0,101,,,,0,70,,,,27263,100,,,,23742,83,,,,4466,105,,,,139,12,,,,0,22,,,,486,17,,,,29777,116,,,,178,25,,,,13,4,,,,29,3,,,,74,3,,,,0,2,,,,0,1,,,,111,1,,,,461,3,,,,15,1,,,,220,2,,,,13,1,,,,6,1,,,,0,10,,,,0,11,,,,0,16,,,,0,21,,,,0,9,,,,0,40,,,,7,2,,,,13,1,,,,0,7,,,,26,3,,,,0,4,,,,557390,1246,expedient tool,nhw,19-1225-008,T01-004,Chip
369,800888,45,2019-10-08,15:38:17,geoChem-Extra-CoFix,,45,No,,,PPM,,,,0,3884,,,,90323,739,,,,260719,794,,,,0,94,,,,0,68,,,,26160,95,,,,28065,91,,,,4994,106,,,,156,12,,,,60,15,,,,554,18,,,,32440,120,,,,115,25,,,,22,4,,,,27,3,,,,81,3,,,,5,1,,,,0,1,,,,112,1,,,,474,3,,,,14,1,,,,225,2,,,,10,1,,,,0,2,,,,0,9,,,,0,11,,,,0,16,,,,0,20,,,,0,9,,,,0,39,,,,0,4,,,,12,1,,,,0,7,,,,18,3,,,,0,4,,,,555414,1218,expedient tool,nhw,19-1225-008,T01-004,Chip
369,800888,46,2019-10-08,15:44:54,geoChem-Extra-CoFix,,46,No,,,PPM,,,,0,4146,,,,89270,767,,,,286684,861,,,,0,97,,,,0,70,,,,30330,109,,,,14871,62,,,,2975,94,,,,116,12,,,,0,21,,,,393,16,,,,19288,86,,,,125,20,,,,11,3,,,,29,3,,,,59,2,,,,0,2,,,,0,1,,,,137,1,,,,368,2,,,,14,1,,,,226,2,,,,13,1,,,,7,1,,,,0,10,,,,0,11,,,,0,17,,,,0,22,,,,0,10,,,,0,42,,,,0,4,,,,15,1,,,,0,7,,,,21,3,,,,0,4,,,,555050,1225,debitage ctx,nhw,19-1225-008,T01-008a,Chip
369,800888,47,2019-10-08,15:50:57,geoChem-Extra-CoFix,,47,No,,,PPM,,,,0,3652,,,,100500,727,,,,277917,775,,,,622,52,,,,0,62,,,,26748,91,,,,14226,55,,,,3607,91,,,,150,11,,,,0,19,,,,430,15,,,,22473,87,,,,63,20,,,,20,3,,,,35,3,,,,73,2,,,,4,1,,,,0,1,,,,136,1,,,,379,2,,,,11,1,,,,226,2,,,,8,1,,,,0,2,,,,0,9,,,,0,10,,,,0,15,,,,0,19,,,,0,9,,,,0,37,,,,0,4,,,,13,1,,,,0,6,,,,20,3,,,,0,3,,,,552341,1132,debitage ctx,nhw,19-1225-008,T01-008a,Chip
369,800888,48,2019-10-08,15:53:25,geoChem-Extra-CoFix,,48,No,,,PPM,,,,0,6031,,,,89650,872,,,,225177,865,,,,229,65,,,,0,100,,,,19350,92,,,,23396,94,,,,4389,113,,,,141,13,,,,0,25,,,,869,23,,,,35161,151,,,,212,30,,,,41,5,,,,25,3,,,,95,3,,,,4,1,,,,0,1,,,,68,1,,,,443,3,,,,23,1,,,,181,2,,,,18,1,,,,12,2,,,,0,11,,,,0,12,,,,0,17,,,,0,22,,,,0,10,,,,0,43,,,,0,5,,,,10,2,,,,0,8,,,,28,4,,,,0,4,,,,600477,1390,debitage,nhw,19-1225-008,T01-014,Chip
369,800888,49,2019-10-08,15:56:17,geoChem-Extra-CoFix,,49,No,,,PPM,,,,0,3616,,,,106325,739,,,,282029,789,,,,368,52,,,,0,60,,,,20923,78,,,,22762,74,,,,4715,100,,,,127,11,,,,0,21,,,,922,20,,,,36781,124,,,,170,26,,,,38,4,,,,23,3,,,,99,3,,,,4,1,,,,0,1,,,,69,1,,,,454,2,,,,22,1,,,,178,2,,,,12,1,,,,0,2,,,,0,9,,,,0,10,,,,0,14,,,,0,18,,,,0,9,,,,0,35,,,,0,4,,,,12,1,,,,0,6,,,,9,3,,,,0,3,,,,523956,1184,debitage,nhw,19-1225-008,T01-014,Chip
369,800888,50,2019-10-08,15:59:12,geoChem-Extra-CoFix,,50,No,,,PPM,,,,0,4532,,,,77310,751,,,,264930,843,,,,0,107,,,,0,76,,,,32055,115,,,,15296,64,,,,3342,97,,,,130,12,,,,44,15,,,,411,16,,,,20821,92,,,,96,21,,,,14,4,,,,36,3,,,,66,2,,,,0,2,,,,0,1,,,,142,1,,,,386,2,,,,13,1,,,,230,2,,,,14,1,,,,11,1,,,,0,10,,,,0,11,,,,0,17,,,,0,21,,,,0,10,,,,0,43,,,,0,4,,,,16,1,,,,0,7,,,,24,3,,,,5,2,,,,584609,1224,debitage ctx,nhw,19-1225-008,T01-017,Chip
369,800888,51,2019-10-08,16:03:01,geoChem-Extra-CoFix,,51,No,,,PPM,,,,0,4094,,,,85969,726,,,,257478,775,,,,934,54,,,,0,70,,,,31008,105,,,,14139,57,,,,3748,94,,,,147,11,,,,0,20,,,,457,16,,,,21467,88,,,,123,20,,,,12,3,,,,34,3,,,,85,3,,,,0,2,,,,0,1,,,,136,1,,,,384,2,,,,12,1,,,,227,2,,,,11,1,,,,0,2,,,,0,9,,,,0,10,,,,0,15,,,,0,20,,,,0,9,,,,0,38,,,,0,4,,,,16,1,,,,0,7,,,,22,3,,,,0,4,,,,583590,1149,debitage ctx,nhw,19-1225-008,T01-017,Chip
369,800888,52,2019-10-08,16:07:20,geoChem-Extra-CoFix,,52,No,,,PPM,,,,0,3540,,,,88515,704,,,,296167,808,,,,0,87,,,,0,60,,,,30920,101,,,,15830,59,,,,3318,90,,,,112,11,,,,43,14,,,,389,15,,,,19816,81,,,,128,19,,,,13,3,,,,30,3,,,,57,2,,,,5,1,,,,0,1,,,,136,1,,,,376,2,,,,13,1,,,,226,2,,,,9,1,,,,0,2,,,,0,9,,,,0,10,,,,0,15,,,,0,20,,,,0,9,,,,0,37,,,,0,4,,,,12,1,,,,0,7,,,,17,3,,,,0,4,,,,543869,1138,core,nhw,19-1225-008,T01-028,Chip
369,800888,53,2019-10-08,16:09:05,geoChem-Extra-CoFix,,53,No,,,PPM,,,,0,3985,,,,87637,731,,,,280355,817,,,,0,96,,,,0,66,,,,30528,104,,,,16277,62,,,,3178,91,,,,157,12,,,,0,21,,,,402,15,,,,19924,84,,,,128,20,,,,16,3,,,,38,3,,,,57,2,,,,0,2,,,,0,1,,,,138,1,,,,379,2,,,,11,1,,,,228,2,,,,11,1,,,,5,1,,,,0,10,,,,0,11,,,,0,16,,,,0,20,,,,0,9,,,,0,39,,,,0,4,,,,17,1,,,,0,7,,,,20,3,,,,0,4,,,,560494,1173,core,nhw,19-1225-008,T01-028,Chip
369,800888,54,2019-10-08,16:12:19,geoChem-Extra-CoFix,,54,No,,,PPM,,,,0,3550,,,,108296,746,,,,280838,794,,,,485,55,,,,0,60,,,,16334,68,,,,31076,93,,,,5280,105,,,,127,12,,,,95,15,,,,976,21,,,,43588,143,,,,274,29,,,,41,4,,,,33,3,,,,348,5,,,,0,1,,,,0,1,,,,60,1,,,,539,3,,,,19,1,,,,175,2,,,,11,1,,,,0,2,,,,0,9,,,,0,10,,,,0,14,,,,0,18,,,,0,10,,,,0,36,,,,0,4,,,,12,1,,,,0,6,,,,0,5,,,,0,3,,,,511394,1217,debitage,nhw,19-1225-008,T01-032,Chip
369,800888,55,2019-10-08,16:14:19,geoChem-Extra-CoFix,,55,No,,,PPM,,,,0,3320,,,,110848,717,,,,271432,740,,,,1019,53,,,,0,57,,,,17518,67,,,,31981,91,,,,5764,103,,,,150,11,,,,80,14,,,,1229,22,,,,47770,146,,,,228,28,,,,45,4,,,,43,3,,,,129,3,,,,4,1,,,,0,1,,,,65,1,,,,580,3,,,,20,1,,,,184,2,,,,11,1,,,,0,2,,,,0,8,,,,0,9,,,,0,13,,,,0,16,,,,0,8,,,,0,34,,,,0,4,,,,9,1,,,,0,6,,,,0,5,,,,0,3,,,,510891,1164,debitage,nhw,19-1225-008,T01-032,Chip
369,800888,56,2019-10-08,16:18:26,geoChem-Extra-CoFix,,56,No,,,PPM,,,,8546,2620,,,,56757,636,,,,231086,972,,,,0,123,,,,1746,34,,,,3114,35,,,,14584,67,,,,2859,80,,,,93,9,,,,44,12,,,,654,17,,,,47172,203,,,,0,46,,,,13,3,,,,15,3,,,,374,5,,,,10,1,,,,1,0,,,,23,1,,,,205,2,,,,21,1,,,,75,1,,,,0,2,,,,0,2,,,,0,8,,,,0,9,,,,0,14,,,,0,18,,,,0,9,,,,0,33,,,,0,4,,,,6,1,,,,0,5,,,,0,4,,,,0,3,,,,632600,2011,core,nhw,19-1230-054,T01-001,Chip
369,800888,57,2019-10-08,16:20:32,geoChem-Extra-CoFix,,57,No,,,PPM,,,,0,4031,,,,66411,639,,,,318368,885,,,,0,94,,,,620,34,,,,4527,43,,,,20017,68,,,,3953,97,,,,84,11,,,,0,20,,,,597,17,,,,24758,96,,,,121,22,,,,13,3,,,,16,3,,,,80,3,,,,4,1,,,,2,0,,,,26,1,,,,254,2,,,,19,1,,,,91,1,,,,6,1,,,,0,2,,,,0,9,,,,0,10,,,,0,16,,,,0,20,,,,0,9,,,,0,37,,,,0,4,,,,9,1,,,,0,6,,,,10,3,,,,0,3,,,,560016,1154,core,nhw,19-1230-054,T01-001,Chip
369,800888,58,2019-10-08,16:23:23,geoChem-Extra-CoFix,,58,No,,,PPM,,,,0,3793,,,,88682,732,,,,265878,820,,,,376,54,,,,0,72,,,,15558,69,,,,24247,81,,,,3968,96,,,,83,11,,,,0,22,,,,590,18,,,,48269,164,,,,250,30,,,,31,4,,,,29,3,,,,103,3,,,,0,1,,,,0,1,,,,68,1,,,,561,3,,,,12,1,,,,130,2,,,,5,1,,,,0,2,,,,0,9,,,,0,10,,,,0,15,,,,0,19,,,,0,9,,,,0,37,,,,0,4,,,,8,1,,,,0,6,,,,11,3,,,,0,3,,,,551139,1249,debitage,nhw,19-1230-054,T01-002,Chip
369,800888,59,2019-10-08,16:27:11,geoChem-Extra-CoFix,,59,No,,,PPM,,,,0,4039,,,,90994,715,,,,265437,790,,,,285,51,,,,0,66,,,,17524,71,,,,24194,79,,,,4125,95,,,,100,11,,,,0,21,,,,601,17,,,,50595,164,,,,277,30,,,,23,4,,,,16,3,,,,107,3,,,,0,1,,,,0,1,,,,82,1,,,,561,3,,,,13,1,,,,138,2,,,,3,1,,,,0,2,,,,0,8,,,,0,10,,,,0,14,,,,0,18,,,,0,9,,,,0,36,,,,0,4,,,,9,1,,,,0,6,,,,0,5,,,,0,3,,,,544914,1216,debitage,nhw,19-1230-054,T01-002,Chip
369,800888,60,2019-10-08,16:29:45,geoChem-Extra-CoFix,,60,No,,,PPM,,,,0,15136,,,,42829,965,,,,132844,869,,,,572,91,,,,0,296,,,,3783,59,,,,14909,93,,,,3882,125,,,,76,14,,,,0,32,,,,697,25,,,,46384,271,,,,132,39,,,,33,6,,,,36,5,,,,109,4,,,,8,1,,,,0,1,,,,30,1,,,,476,4,,,,18,1,,,,123,2,,,,10,2,,,,18,2,,,,0,13,,,,0,15,,,,0,22,,,,0,28,,,,0,12,,,,0,52,,,,0,5,,,,0,3,,,,0,9,,,,39,5,,,,0,5,,,,752991,1523,expedient tool,nhw,19-1230-054,T01-003,Chip
369,800888,61,2019-10-08,16:31:46,geoChem-Extra-CoFix,,61,No,,,PPM,,,,0,6180,,,,75106,791,,,,174205,726,,,,1350,63,,,,0,126,,,,7715,52,,,,20045,81,,,,4484,102,,,,85,11,,,,49,14,,,,701,20,,,,46106,185,,,,134,30,,,,22,4,,,,34,3,,,,91,3,,,,13,1,,,,0,1,,,,29,1,,,,617,4,,,,14,1,,,,130,2,,,,7,1,,,,9,2,,,,0,9,,,,0,11,,,,0,16,,,,0,20,,,,0,10,,,,0,39,,,,0,4,,,,4,1,,,,0,7,,,,25,4,,,,0,4,,,,669026,1255,expedient tool,nhw,19-1230-054,T01-003,Chip
369,800888,62,2019-10-08,16:47:44,geoChem-Extra-CoFix,,62,No,,,PPM,,,,0,4055,,,,98531,770,,,,255107,804,,,,1264,58,,,,0,77,,,,17241,73,,,,14210,58,,,,5348,105,,,,118,11,,,,0,21,,,,612,18,,,,52342,175,,,,240,31,,,,15,4,,,,35,3,,,,106,3,,,,6,1,,,,2,1,,,,46,1,,,,204,2,,,,27,1,,,,123,2,,,,5,1,,,,0,2,,,,0,9,,,,0,10,,,,0,14,,,,0,18,,,,0,8,,,,0,36,,,,0,4,,,,7,1,,,,0,6,,,,0,5,,,,0,3,,,,554412,1257,debitage,nhw,19-1230-054,T01-006,Chip
369,800888,63,2019-10-08,16:49:52,geoChem-Extra-CoFix,,63,No,,,PPM,,,,0,4239,,,,95016,736,,,,255201,781,,,,1550,57,,,,904,31,,,,17557,72,,,,15135,58,,,,5450,103,,,,106,11,,,,0,21,,,,666,18,,,,55163,178,,,,286,31,,,,16,4,,,,29,3,,,,113,3,,,,4,1,,,,0,1,,,,48,1,,,,216,2,,,,28,1,,,,124,2,,,,6,1,,,,0,2,,,,0,8,,,,0,9,,,,0,14,,,,0,18,,,,0,8,,,,0,33,,,,0,4,,,,10,1,,,,0,6,,,,0,5,,,,0,3,,,,552372,1225,debitage,nhw,19-1230-054,T01-006,Chip
369,800888,64,2019-10-08,16:54:23,geoChem-Extra-CoFix,,64,No,,,PPM,,,,0,4555,,,,65994,703,,,,269631,841,,,,322,55,,,,0,77,,,,30229,109,,,,14673,61,,,,3287,94,,,,122,12,,,,45,15,,,,479,17,,,,19235,86,,,,95,20,,,,25,4,,,,36,3,,,,76,3,,,,0,2,,,,0,1,,,,127,1,,,,414,2,,,,10,1,,,,204,2,,,,14,1,,,,9,1,,,,0,10,,,,0,11,,,,0,16,,,,0,21,,,,0,9,,,,0,39,,,,0,4,,,,19,1,,,,0,7,,,,28,3,,,,0,4,,,,594926,1184,SCH-T4,nhw,19-1284,xrf-01,Chip
369,800888,65,2019-10-08,16:56:10,geoChem-Extra-CoFix,,65,No,,,PPM,,,,0,7478,,,,52272,826,,,,225818,939,,,,0,168,,,,0,126,,,,26818,124,,,,15135,75,,,,2837,106,,,,113,13,,,,0,25,,,,447,19,,,,18124,100,,,,97,23,,,,18,4,,,,33,3,,,,63,3,,,,0,2,,,,0,1,,,,120,2,,,,408,3,,,,12,1,,,,204,2,,,,16,1,,,,17,2,,,,0,12,,,,0,14,,,,0,20,,,,0,25,,,,0,11,,,,0,47,,,,0,5,,,,16,2,,,,0,9,,,,43,4,,,,8,2,,,,657380,1361,SCH-T4,nhw,19-1284,xrf-01,Chip
369,800888,66,2019-10-08,16:58:21,geoChem-Extra-CoFix,,66,No,,,PPM,,,,0,7037,,,,67383,1063,,,,268177,1009,,,,0,162,,,,0,119,,,,26325,129,,,,12721,76,,,,3074,92,,,,125,11,,,,0,21,,,,483,17,,,,19982,90,,,,63,20,,,,17,3,,,,37,3,,,,63,2,,,,0,2,,,,0,1,,,,124,1,,,,414,2,,,,10,1,,,,207,2,,,,12,1,,,,8,1,,,,0,10,,,,0,11,,,,0,16,,,,0,21,,,,0,9,,,,0,39,,,,0,4,,,,19,1,,,,0,7,,,,25,3,,,,0,4,,,,600730,1351,DUD,nhw,19-1284,xrf-02,Chip
369,800888,67,2019-10-08,16:59:46,geoChem-Extra-CoFix,,67,No,,,PPM,,,,0,4680,,,,68437,714,,,,266524,843,,,,187,55,,,,0,77,,,,28009,104,,,,14790,61,,,,2886,91,,,,146,12,,,,0,21,,,,458,17,,,,19586,87,,,,63,20,,,,17,3,,,,34,3,,,,63,2,,,,0,2,,,,0,1,,,,125,1,,,,407,2,,,,10,1,,,,220,2,,,,14,1,,,,7,1,,,,0,10,,,,0,11,,,,0,17,,,,0,21,,,,0,10,,,,0,40,,,,0,4,,,,19,1,,,,0,7,,,,22,3,,,,5,2,,,,597972,1192,SCH-T4,nhw,19-1284,xrf-02,Chip
369,800888,68,2019-10-08,17:02:10,geoChem-Extra-CoFix,,68,No,,,PPM,,,,0,4180,,,,70933,708,,,,294310,874,,,,0,97,,,,0,70,,,,29622,106,,,,14102,59,,,,2822,91,,,,141,12,,,,0,21,,,,401,16,,,,18185,82,,,,99,20,,,,13,3,,,,35,3,,,,61,2,,,,0,2,,,,0,1,,,,126,1,,,,411,2,,,,8,1,,,,200,2,,,,11,1,,,,9,1,,,,0,10,,,,0,11,,,,0,17,,,,0,21,,,,0,10,,,,0,41,,,,0,4,,,,18,1,,,,0,7,,,,25,3,,,,0,4,,,,568468,1197,SCH-T4,nhw,19-1284,xrf-02,Chip
369,800888,69,2019-10-08,17:04:18,geoChem-Extra-CoFix,,69,No,,,PPM,,,,0,3306,,,,77292,663,,,,319250,833,,,,0,79,,,,0,56,,,,30281,98,,,,14479,56,,,,2949,87,,,,135,11,,,,0,19,,,,461,16,,,,18240,76,,,,86,18,,,,18,3,,,,35,3,,,,62,2,,,,5,1,,,,0,1,,,,123,1,,,,411,2,,,,9,1,,,,200,2,,,,11,1,,,,0,2,,,,0,9,,,,0,10,,,,0,15,,,,0,20,,,,0,9,,,,0,37,,,,0,4,,,,13,1,,,,0,7,,,,17,3,,,,8,1,,,,535915,1121,SCH-T4,nhw,19-1284,xrf-03,Chip
369,800888,70,2019-10-08,17:07:16,geoChem-Extra-CoFix,,70,No,,,PPM,,,,0,4267,,,,70809,688,,,,250918,778,,,,419,51,,,,0,73,,,,26841,96,,,,16900,63,,,,3994,96,,,,159,12,,,,52,14,,,,489,16,,,,22191,91,,,,0,33,,,,24,3,,,,33,3,,,,75,2,,,,5,1,,,,0,1,,,,134,1,,,,445,2,,,,11,1,,,,215,2,,,,12,1,,,,5,1,,,,0,9,,,,0,10,,,,0,16,,,,0,20,,,,0,9,,,,0,38,,,,0,4,,,,16,1,,,,0,7,,,,25,3,,,,4,1,,,,606224,1136,SCH-T4,nhw,19-1284,xrf-03,Chip
369,800888,71,2019-10-08,17:15:27,geoChem-Extra-CoFix,,71,No,,,PPM,,,,0,2407,,,,0,488,,,,352571,850,,,,0,74,,,,842,31,,,,0,65,,,,82334,191,,,,0,58,,,,0,11,,,,0,16,,,,0,168,,,,876,15,,,,0,8,,,,0,5,,,,0,3,,,,17,1,,,,3,1,,,,0,1,,,,0,1,,,,584,3,,,,0,1,,,,71,1,,,,0,2,,,,0,2,,,,0,9,,,,0,11,,,,0,15,,,,0,19,,,,0,8,,,,0,38,,,,0,4,,,,0,2,,,,0,6,,,,0,5,,,,0,3,,,,562703,998,glass,nhw,19-1230-054,T01-017,Chip
369,800888,72,2019-10-08,17:21:03,geoChem-Extra-CoFix,,72,No,,,PPM,,,,0,2363,,,,0,463,,,,351155,834,,,,0,73,,,,933,30,,,,0,65,,,,83314,189,,,,179,53,,,,0,11,,,,0,16,,,,0,169,,,,1145,17,,,,0,8,,,,0,5,,,,0,3,,,,17,1,,,,4,1,,,,0,1,,,,0,1,,,,585,3,,,,0,1,,,,73,1,,,,0,2,,,,0,2,,,,0,9,,,,0,10,,,,0,15,,,,0,19,,,,0,8,,,,0,36,,,,0,4,,,,0,2,,,,0,6,,,,0,5,,,,0,3,,,,562594,981,glass,nhw,19-1230-054,T01-017,Chip
369,800888,73,2019-10-08,17:24:49,geoChem-Extra-CoFix,,73,No,,,PPM,,,,0,3067,,,,84411,662,,,,299639,780,,,,416,49,,,,0,55,,,,29549,93,,,,15463,56,,,,3202,85,,,,157,11,,,,0,19,,,,444,15,,,,20479,79,,,,121,19,,,,12,3,,,,39,3,,,,67,2,,,,0,2,,,,0,1,,,,126,1,,,,439,2,,,,7,1,,,,194,2,,,,8,1,,,,0,2,,,,0,9,,,,0,10,,,,0,15,,,,0,19,,,,0,9,,,,0,37,,,,0,4,,,,18,1,,,,0,6,,,,17,3,,,,5,1,,,,545187,1086,SC4 fireguard,nhw,19-1284,xrf-04,Chip
369,800888,74,2019-10-08,17:26:51,geoChem-Extra-CoFix,,74,No,,,PPM,,,,0,3976,,,,78496,688,,,,281255,803,,,,1598,58,,,,0,68,,,,28194,96,,,,13847,55,,,,3199,89,,,,119,11,,,,0,20,,,,427,15,,,,20142,83,,,,0,31,,,,26,3,,,,36,3,,,,67,2,,,,0,2,,,,0,1,,,,120,1,,,,425,2,,,,7,1,,,,187,2,,,,8,1,,,,0,2,,,,0,9,,,,0,10,,,,0,15,,,,0,20,,,,0,9,,,,0,38,,,,0,4,,,,18,1,,,,0,7,,,,20,3,,,,0,4,,,,571810,1132,SC4 fireguard,nhw,19-1284,xrf-04,Chip
369,800888,75,2019-10-08,17:29:39,geoChem-Extra-CoFix,,75,No,,,PPM,,,,0,6342,,,,47021,726,,,,244619,913,,,,0,142,,,,0,113,,,,21276,97,,,,17112,75,,,,3214,103,,,,123,13,,,,0,24,,,,309,16,,,,16899,89,,,,113,21,,,,16,4,,,,84,4,,,,72,3,,,,0,2,,,,0,1,,,,91,1,,,,530,3,,,,6,1,,,,180,2,,,,11,1,,,,14,2,,,,0,11,,,,0,13,,,,0,19,,,,0,24,,,,0,11,,,,0,45,,,,0,5,,,,17,2,,,,0,8,,,,32,4,,,,6,2,,,,648256,1261,SC4 fireguard,nhw,19-1284,xrf-05,Chip
369,800888,76,2019-10-08,17:31:45,geoChem-Extra-CoFix,,76,No,,,PPM,,,,0,6908,,,,56976,796,,,,230464,911,,,,0,160,,,,0,117,,,,21875,103,,,,14928,71,,,,3479,108,,,,119,13,,,,0,24,,,,334,17,,,,19669,101,,,,0,37,,,,22,4,,,,82,4,,,,68,3,,,,0,2,,,,0,1,,,,90,1,,,,517,3,,,,6,1,,,,175,2,,,,9,1,,,,13,2,,,,0,11,,,,0,13,,,,0,19,,,,0,24,,,,0,11,,,,0,48,,,,0,5,,,,16,2,,,,0,8,,,,32,4,,,,0,4,,,,651127,1314,SC4 fireguard,nhw,19-1284,xrf-05,Chip
369,800888,77,2019-10-08,17:34:48,geoChem-Extra-CoFix,,77,No,,,PPM,,,,0,3627,,,,75059,680,,,,309536,849,,,,0,84,,,,0,61,,,,29820,101,,,,14596,58,,,,2876,88,,,,147,11,,,,45,14,,,,435,16,,,,18477,79,,,,81,19,,,,14,3,,,,49,3,,,,59,2,,,,4,1,,,,0,1,,,,123,1,,,,428,2,,,,9,1,,,,198,2,,,,12,1,,,,0,2,,,,0,9,,,,0,11,,,,0,16,,,,0,20,,,,0,9,,,,0,39,,,,5,2,,,,16,1,,,,0,7,,,,21,3,,,,0,4,,,,547990,1151,SC4 fireguard,nhw,19-1284,xrf-06,Chip
369,800888,78,2019-10-08,17:43:04,geoChem-Extra-CoFix,,78,No,,,PPM,,,,0,3708,,,,76845,692,,,,310569,857,,,,0,86,,,,0,62,,,,29465,101,,,,14262,57,,,,2693,87,,,,125,11,,,,0,20,,,,412,16,,,,18164,78,,,,128,19,,,,15,3,,,,42,3,,,,60,2,,,,0,2,,,,0,1,,,,120,1,,,,427,2,,,,8,1,,,,195,2,,,,10,1,,,,0,2,,,,0,10,,,,0,11,,,,0,16,,,,0,20,,,,0,9,,,,0,39,,,,0,4,,,,16,1,,,,0,7,,,,22,3,,,,0,4,,,,546422,1160,SC4 fireguard,nhw,19-1284,xrf-06,Chip
369,800888,79,2019-10-08,17:46:09,geoChem-Extra-CoFix,,79,No,,,PPM,,,,0,4963,,,,62693,733,,,,222029,805,,,,353,57,,,,0,93,,,,22003,93,,,,20519,80,,,,4030,102,,,,143,12,,,,0,23,,,,551,18,,,,30430,127,,,,0,42,,,,45,4,,,,53,3,,,,80,3,,,,4,1,,,,0,1,,,,106,1,,,,486,3,,,,10,1,,,,189,2,,,,9,1,,,,8,1,,,,0,10,,,,0,11,,,,0,17,,,,0,21,,,,0,9,,,,0,42,,,,0,4,,,,14,1,,,,0,7,,,,29,3,,,,7,2,,,,636210,1228,CL2-1-T1,nhw,19-1284,xrf-07,Chip
369,800888,80,2019-10-08,17:48:28,geoChem-Extra-CoFix,,80,No,,,PPM,,,,0,4211,,,,73378,699,,,,269509,821,,,,0,101,,,,0,69,,,,23656,89,,,,22351,77,,,,4448,102,,,,129,12,,,,54,14,,,,520,17,,,,28373,110,,,,100,23,,,,27,4,,,,49,3,,,,75,3,,,,0,2,,,,0,1,,,,105,1,,,,486,3,,,,11,1,,,,186,2,,,,6,1,,,,0,2,,,,0,9,,,,0,11,,,,0,16,,,,0,20,,,,0,9,,,,0,38,,,,0,4,,,,14,1,,,,0,7,,,,21,3,,,,0,4,,,,576503,1190,CL2-1-T1,nhw,19-1284,xrf-07,Chip
369,800888,81,2019-10-08,17:51:17,geoChem-Extra-CoFix,,81,No,,,PPM,,,,0,3063,,,,73961,643,,,,262232,741,,,,1057,53,,,,242,27,,,,23745,82,,,,37311,105,,,,3953,92,,,,170,11,,,,38,13,,,,602,17,,,,28641,103,,,,195,22,,,,28,3,,,,36,3,,,,80,2,,,,4,1,,,,0,1,,,,108,1,,,,512,3,,,,9,1,,,,182,2,,,,6,1,,,,0,2,,,,0,9,,,,0,10,,,,0,15,,,,0,19,,,,0,9,,,,0,36,,,,0,4,,,,11,1,,,,0,6,,,,10,3,,,,0,3,,,,566867,1112,HKI-2-site9,nhw,19-1284,xrf-08,Chip
369,800888,82,2019-10-08,17:55:35,geoChem-Extra-CoFix,,82,No,,,PPM,,,,0,3520,,,,75498,657,,,,265828,758,,,,1173,55,,,,355,28,,,,24262,84,,,,35720,103,,,,3945,93,,,,145,11,,,,58,14,,,,579,17,,,,28959,105,,,,174,23,,,,31,4,,,,38,3,,,,80,3,,,,4,1,,,,0,1,,,,105,1,,,,519,3,,,,10,1,,,,182,2,,,,7,1,,,,0,2,,,,0,9,,,,0,10,,,,0,15,,,,0,19,,,,0,9,,,,0,37,,,,0,4,,,,14,1,,,,0,6,,,,17,3,,,,0,3,,,,562297,1133,HKI-2-site9,nhw,19-1284,xrf-08,Chip
369,800888,1,2019-10-10,15:47:37,geoChem-Extra-CoFix,,1,No,,,PPM,,,,0,4110,,,,84155,782,,,,291651,879,,,,394,63,,,,0,68,,,,11364,60,,,,28562,92,,,,3134,93,,,,73,11,,,,55,14,,,,659,19,,,,27260,107,,,,178,24,,,,47,4,,,,34,3,,,,63,2,,,,0,1,,,,0,1,,,,23,1,,,,722,3,,,,12,1,,,,140,2,,,,5,1,,,,0,2,,,,0,10,,,,0,11,,,,0,16,,,,0,20,,,,0,9,,,,0,40,,,,0,4,,,,9,1,,,,0,7,,,,10,3,,,,0,4,,,,551449,1234,debitage,nhw,18-1136-035,T01-04,Chip
369,800888,2,2019-10-10,15:49:23,geoChem-Extra-CoFix,,2,No,,,PPM,,,,0,3271,,,,95645,735,,,,306279,814,,,,1036,60,,,,0,55,,,,11080,54,,,,30024,87,,,,3260,88,,,,83,10,,,,0,19,,,,678,18,,,,28080,99,,,,184,22,,,,43,4,,,,36,3,,,,66,2,,,,0,1,,,,0,1,,,,23,1,,,,748,3,,,,12,1,,,,141,2,,,,0,2,,,,0,2,,,,0,9,,,,0,10,,,,0,15,,,,0,19,,,,0,9,,,,0,36,,,,6,2,,,,9,1,,,,0,6,,,,0,5,,,,0,3,,,,522566,1140,debitage,nhw,18-1136-035,T01-04,Chip
369,800888,3,2019-10-10,15:51:24,geoChem-Extra-CoFix,,3,No,,,PPM,,,,0,3810,,,,85850,769,,,,295175,867,,,,210,61,,,,0,65,,,,11735,60,,,,29698,93,,,,3368,94,,,,74,11,,,,48,14,,,,590,18,,,,27413,106,,,,181,23,,,,29,4,,,,30,3,,,,61,2,,,,0,1,,,,0,1,,,,23,1,,,,739,3,,,,14,1,,,,142,2,,,,6,1,,,,0,2,,,,0,9,,,,0,11,,,,0,16,,,,0,20,,,,0,9,,,,0,38,,,,0,4,,,,10,1,,,,0,7,,,,12,3,,,,0,4,,,,544594,1218,debitage,nhw,18-1136-035,T01-05,Chip
369,800888,4,2019-10-10,15:53:38,geoChem-Extra-CoFix,,4,No,,,PPM,,,,0,4365,,,,78056,789,,,,278018,889,,,,435,65,,,,0,76,,,,11775,63,,,,28618,96,,,,3318,97,,,,82,11,,,,48,15,,,,624,19,,,,28098,113,,,,125,24,,,,33,4,,,,32,3,,,,61,2,,,,3,1,,,,0,1,,,,24,1,,,,734,4,,,,15,1,,,,144,2,,,,8,1,,,,5,1,,,,0,10,,,,0,11,,,,0,16,,,,0,21,,,,0,10,,,,0,41,,,,0,4,,,,7,1,,,,0,7,,,,20,3,,,,0,4,,,,569716,1264,debitage,nhw,18-1136-035,T01-05,Chip
369,800888,5,2019-10-10,15:56:19,geoChem-Extra-CoFix,,5,No,,,PPM,,,,0,2134,,,,100972,719,,,,529107,895,,,,0,46,,,,0,36,,,,46161,122,,,,2288,46,,,,916,72,,,,56,10,,,,0,20,,,,406,16,,,,15296,68,,,,97,19,,,,0,5,,,,0,4,,,,83,3,,,,15,1,,,,0,1,,,,159,1,,,,73,1,,,,46,1,,,,204,2,,,,11,1,,,,0,3,,,,0,9,,,,0,10,,,,0,13,,,,0,16,,,,0,9,,,,0,40,,,,6,2,,,,24,2,,,,0,7,,,,27,3,,,,7,1,,,,304045,977,obsidian,nhw,18-1136-035,T01-09,Chip
369,800888,6,2019-10-10,16:00:08,geoChem-Extra-CoFix,,6,No,,,PPM,,,,0,2332,,,,95623,741,,,,496386,943,,,,0,51,,,,0,40,,,,45455,127,,,,2650,46,,,,934,73,,,,52,10,,,,0,19,,,,420,17,,,,15398,71,,,,91,19,,,,0,5,,,,0,4,,,,84,3,,,,14,1,,,,0,1,,,,159,2,,,,74,1,,,,48,1,,,,206,2,,,,11,1,,,,0,3,,,,0,9,,,,0,10,,,,0,13,,,,0,16,,,,17,5,,,,0,40,,,,0,5,,,,25,2,,,,0,7,,,,27,3,,,,8,1,,,,342317,1069,obsidian,nhw,18-1136-035,T01-09,Chip
369,800888,7,2019-10-10,16:03:30,geoChem-Extra-CoFix,,7,No,,,PPM,,,,0,1459,,,,94932,449,,,,494509,575,,,,0,31,,,,0,25,,,,45372,77,,,,2578,28,,,,907,45,,,,56,6,,,,0,12,,,,405,10,,,,15369,43,,,,66,12,,,,0,3,,,,6,1,,,,82,2,,,,16,1,,,,0,1,,,,160,1,,,,75,1,,,,49,1,,,,204,1,,,,14,1,,,,0,2,,,,0,6,,,,0,6,,,,0,8,,,,0,10,,,,11,3,,,,0,23,,,,0,3,,,,24,1,,,,0,4,,,,26,2,,,,8,1,,,,345132,655,obsidian,nhw,18-1136-035,T01-09,Chip
369,800888,8,2019-10-10,16:07:52,geoChem-Extra-CoFix,,8,No,,,PPM,,,,0,1444,,,,102362,463,,,,529294,585,,,,0,32,,,,0,25,,,,43867,77,,,,1621,29,,,,887,47,,,,53,7,,,,0,13,,,,406,11,,,,14854,44,,,,87,12,,,,0,3,,,,0,2,,,,83,2,,,,12,1,,,,0,1,,,,156,1,,,,72,1,,,,49,1,,,,204,1,,,,12,1,,,,0,2,,,,0,6,,,,0,6,,,,0,9,,,,0,11,,,,0,6,,,,0,25,,,,0,3,,,,25,1,,,,0,5,,,,24,2,,,,10,1,,,,305923,641,obsidian,nhw,18-1136-035,T01-09,Chip
369,800888,9,2019-10-10,16:14:17,geoChem-Extra-CoFix,,9,No,,,PPM,,,,0,3824,,,,79961,755,,,,254359,787,,,,2760,69,,,,0,65,,,,33084,112,,,,32497,102,,,,2899,90,,,,107,11,,,,0,20,,,,793,20,,,,26330,104,,,,182,23,,,,32,4,,,,25,3,,,,70,3,,,,3,1,,,,0,1,,,,37,1,,,,755,4,,,,14,1,,,,147,2,,,,5,1,,,,0,2,,,,0,10,,,,0,11,,,,0,16,,,,0,20,,,,0,9,,,,0,39,,,,0,4,,,,9,1,,,,0,7,,,,17,3,,,,0,4,,,,565914,1207,debitage,nhw,18-1136-035,T01-02,Chip
369,800888,10,2019-10-10,16:16:08,geoChem-Extra-CoFix,,10,No,,,PPM,,,,0,5722,,,,57620,796,,,,244286,915,,,,2600,82,,,,0,96,,,,21205,97,,,,30976,116,,,,2888,101,,,,74,12,,,,0,23,,,,712,22,,,,25939,120,,,,188,26,,,,43,5,,,,36,3,,,,72,3,,,,3,1,,,,0,1,,,,36,1,,,,723,4,,,,12,1,,,,137,2,,,,6,1,,,,9,2,,,,0,11,,,,0,12,,,,0,18,,,,0,24,,,,0,11,,,,0,45,,,,0,5,,,,7,1,,,,0,8,,,,23,4,,,,0,4,,,,612402,1348,debitage,nhw,18-1136-035,T01-02,Chip
369,800888,11,2019-10-10,16:18:31,geoChem-Extra-CoFix,,11,No,,,PPM,,,,0,3441,,,,90302,707,,,,301967,814,,,,1700,63,,,,0,59,,,,11447,55,,,,31442,91,,,,3434,90,,,,89,10,,,,0,19,,,,647,17,,,,28261,101,,,,174,23,,,,26,3,,,,34,3,,,,57,2,,,,0,1,,,,0,1,,,,24,1,,,,755,3,,,,12,1,,,,143,2,,,,3,1,,,,0,2,,,,0,9,,,,0,10,,,,0,15,,,,0,19,,,,0,9,,,,0,36,,,,0,4,,,,9,1,,,,0,6,,,,0,5,,,,0,3,,,,529474,1147,debitage,nhw,18-1136-035,T01-01,Chip
369,800888,12,2019-10-10,16:20:31,geoChem-Extra-CoFix,,12,No,,,PPM,,,,0,4460,,,,77584,753,,,,269419,858,,,,1120,66,,,,0,79,,,,11638,61,,,,29819,98,,,,3461,97,,,,70,11,,,,46,14,,,,626,19,,,,27875,112,,,,198,24,,,,38,4,,,,30,3,,,,67,3,,,,0,2,,,,0,1,,,,23,1,,,,758,4,,,,13,1,,,,146,2,,,,7,1,,,,6,1,,,,0,10,,,,0,11,,,,0,16,,,,0,21,,,,0,9,,,,0,39,,,,0,4,,,,9,1,,,,0,7,,,,17,3,,,,0,4,,,,577031,1239,debitage,nhw,18-1136-035,T01-01,Chip
369,800888,13,2019-10-10,16:31:16,geoChem-Extra-CoFix,,13,No,,,PPM,,,,0,3770,,,,75659,710,,,,303298,847,,,,0,88,,,,0,61,,,,29554,100,,,,15778,60,,,,3063,90,,,,126,11,,,,0,20,,,,426,16,,,,18268,78,,,,70,19,,,,17,3,,,,51,3,,,,62,2,,,,0,2,,,,0,1,,,,123,1,,,,432,2,,,,9,1,,,,197,2,,,,11,1,,,,0,2,,,,0,9,,,,0,11,,,,0,16,,,,0,20,,,,0,9,,,,0,40,,,,0,4,,,,17,1,,,,0,7,,,,18,3,,,,5,1,,,,552816,1156,BVR cobble,nhw,geo,geo18,Chip
369,800888,14,2019-10-10,16:33:07,geoChem-Extra-CoFix,,14,No,,,PPM,,,,0,4261,,,,69599,742,,,,289843,884,,,,0,99,,,,0,72,,,,30428,110,,,,15319,63,,,,2945,94,,,,147,12,,,,0,22,,,,362,16,,,,17060,80,,,,156,20,,,,14,3,,,,49,3,,,,61,2,,,,5,1,,,,0,1,,,,121,1,,,,430,3,,,,10,1,,,,198,2,,,,10,1,,,,8,1,,,,0,10,,,,0,11,,,,0,17,,,,0,22,,,,0,10,,,,0,41,,,,0,5,,,,16,1,,,,0,7,,,,28,3,,,,5,2,,,,573185,1215,BVR cobble,nhw,geo,geo18,Chip
369,800888,15,2019-10-10,16:36:19,geoChem-Extra-CoFix,,15,No,,,PPM,,,,0,4417,,,,66671,735,,,,280373,870,,,,0,100,,,,0,74,,,,30563,110,,,,15614,64,,,,2956,93,,,,145,12,,,,0,21,,,,367,16,,,,17471,81,,,,121,19,,,,14,3,,,,43,3,,,,67,2,,,,4,1,,,,0,1,,,,123,1,,,,438,3,,,,10,1,,,,196,2,,,,13,1,,,,8,1,,,,0,10,,,,0,11,,,,0,17,,,,0,21,,,,0,10,,,,0,42,,,,0,4,,,,18,1,,,,0,7,,,,31,3,,,,7,2,,,,584748,1205,BVR cobble,nhw,geo,geo19,Chip
369,800888,16,2019-10-10,16:39:31,geoChem-Extra-CoFix,,16,No,,,PPM,,,,0,3431,,,,77683,700,,,,312999,842,,,,0,80,,,,0,57,,,,32220,105,,,,15435,59,,,,3037,89,,,,142,11,,,,0,20,,,,281,14,,,,15692,70,,,,83,17,,,,0,5,,,,39,3,,,,55,2,,,,0,2,,,,0,1,,,,124,1,,,,433,2,,,,8,1,,,,194,2,,,,8,1,,,,4,1,,,,0,9,,,,0,11,,,,0,16,,,,0,20,,,,0,9,,,,0,39,,,,0,4,,,,16,1,,,,0,7,,,,23,3,,,,0,4,,,,541524,1138,BVR cobble,nhw,geo,geo19,Chip
369,800888,17,2019-10-10,16:41:45,geoChem-Extra-CoFix,,17,No,,,PPM,,,,0,4478,,,,82990,792,,,,260898,868,,,,404,63,,,,0,74,,,,19658,84,,,,34123,114,,,,4622,110,,,,113,12,,,,50,15,,,,1113,25,,,,42238,159,,,,203,31,,,,33,4,,,,37,3,,,,74,3,,,,6,1,,,,0,1,,,,82,1,,,,572,3,,,,19,1,,,,133,2,,,,10,1,,,,7,2,,,,0,10,,,,0,11,,,,0,16,,,,0,21,,,,0,9,,,,0,40,,,,0,4,,,,13,2,,,,0,7,,,,18,4,,,,0,4,,,,552582,1336,20181119nod01,nhw,geo,geo20,Chip
369,800888,18,2019-10-10,16:43:55,geoChem-Extra-CoFix,,18,No,,,PPM,,,,0,6145,,,,74066,893,,,,240132,967,,,,0,150,,,,0,104,,,,18816,96,,,,32520,129,,,,4338,122,,,,112,14,,,,62,18,,,,1040,27,,,,39773,177,,,,262,34,,,,35,5,,,,44,4,,,,69,3,,,,6,1,,,,0,1,,,,81,1,,,,570,4,,,,17,1,,,,128,2,,,,10,1,,,,12,2,,,,0,11,,,,0,13,,,,0,19,,,,0,25,,,,0,11,,,,0,48,,,,0,5,,,,13,2,,,,0,8,,,,27,4,,,,0,4,,,,587867,1510,20181119nod01,nhw,geo,geo20,Chip
369,800888,19,2019-10-10,16:46:10,geoChem-Extra-CoFix,,19,No,,,PPM,,,,0,4282,,,,69155,734,,,,289440,880,,,,0,101,,,,0,73,,,,28754,105,,,,16225,65,,,,2906,93,,,,148,12,,,,0,21,,,,220,13,,,,13805,70,,,,79,17,,,,13,3,,,,47,3,,,,50,2,,,,3,1,,,,0,1,,,,118,1,,,,422,2,,,,9,1,,,,194,2,,,,10,1,,,,7,1,,,,0,10,,,,0,11,,,,0,17,,,,0,22,,,,0,10,,,,0,41,,,,0,4,,,,14,1,,,,0,7,,,,20,3,,,,5,1,,,,578355,1200,bvr cobble lg,nhw,geo,geo21,Chip
369,800888,20,2019-10-10,16:48:55,geoChem-Extra-CoFix,,20,No,,,PPM,,,,0,6585,,,,54970,832,,,,250805,976,,,,0,142,,,,0,112,,,,29258,129,,,,15184,74,,,,2806,106,,,,128,14,,,,0,25,,,,395,18,,,,17527,96,,,,141,22,,,,20,4,,,,52,4,,,,61,3,,,,0,2,,,,0,1,,,,125,2,,,,431,3,,,,12,1,,,,204,2,,,,19,1,,,,17,2,,,,0,12,,,,0,14,,,,0,20,,,,0,25,,,,0,11,,,,0,47,,,,0,5,,,,20,2,,,,0,9,,,,39,4,,,,0,5,,,,627783,1377,bvr cobble lg,nhw,geo,geo21,Chip
