Instrument Serial Num,Reading #,Date,Time,Method Name,User Factor Name,Test Label,Collimation Status,Latitude,Longitude, Units,Mg Compound,Mg Compound Level,Mg Compound Error,Mg Concentration,Mg Error1s,Al Compound,Al Compound Level,Al Compound Error,Al Concentration,Al Error1s,Si Compound,Si Compound Level,Si Compound Error,Si Concentration,Si Error1s,P Compound,P Compound Level,P Compound Error,P Concentration,P Error1s,S Compound,S Compound Level,S Compound Error,S Concentration,S Error1s,K Compound,K Compound Level,K Compound Error,K Concentration,K Error1s,Ca Compound,Ca Compound Level,Ca Compound Error,Ca Concentration,Ca Error1s,Ti Compound,Ti Compound Level,Ti Compound Error,Ti Concentration,Ti Error1s,V Compound,V Compound Level,V Compound Error,V Concentration,V Error1s,Cr Compound,Cr Compound Level,Cr Compound Error,Cr Concentration,Cr Error1s,Mn Compound,Mn Compound Level,Mn Compound Error,Mn Concentration,Mn Error1s,Fe Compound,Fe Compound Level,Fe Compound Error,Fe Concentration,Fe Error1s,Co Compound,Co Compound Level,Co Compound Error,Co Concentration,Co Error1s,Ni Compound,Ni Compound Level,Ni Compound Error,Ni Concentration,Ni Error1s,Cu Compound,Cu Compound Level,Cu Compound Error,Cu Concentration,Cu Error1s,Zn Compound,Zn Compound Level,Zn Compound Error,Zn Concentration,Zn Error1s,As Compound,As Compound Level,As Compound Error,As Concentration,As Error1s,Se Compound,Se Compound Level,Se Compound Error,Se Concentration,Se Error1s,Rb Compound,Rb Compound Level,Rb Compound Error,Rb Concentration,Rb Error1s,Sr Compound,Sr Compound Level,Sr Compound Error,Sr Concentration,Sr Error1s,Y Compound,Y Compound Level,Y Compound Error,Y Concentration,Y Error1s,Zr Compound,Zr Compound Level,Zr Compound Error,Zr Concentration,Zr Error1s,Nb Compound,Nb Compound Level,Nb Compound Error,Nb Concentration,Nb Error1s,Mo Compound,Mo Compound Level,Mo Compound Error,Mo Concentration,Mo Error1s,Ag Compound,Ag Compound Level,Ag Compound Error,Ag Concentration,Ag Error1s,Cd Compound,Cd Compound Level,Cd Compound Error,Cd Concentration,Cd Error1s,Sn Compound,Sn Compound Level,Sn Compound Error,Sn Concentration,Sn Error1s,Sb Compound,Sb Compound Level,Sb Compound Error,Sb Concentration,Sb Error1s,W Compound,W Compound Level,W Compound Error,W Concentration,W Error1s,Hg Compound,Hg Compound Level,Hg Compound Error,Hg Concentration,Hg Error1s,Pb Compound,Pb Compound Level,Pb Compound Error,Pb Concentration,Pb Error1s,Bi Compound,Bi Compound Level,Bi Compound Error,Bi Concentration,Bi Error1s,Th Compound,Th Compound Level,Th Compound Error,Th Concentration,Th Error1s,U Compound,U Compound Level,U Compound Error,U Concentration,U Error1s,LE Compound,LE Compound Level,LE Compound Error,LE Concentration,LE Error1s,Notes,Operator,Project No.,Sample ID,Sample Type,Real Time 1,Real Time 2,Source,info
801021,24,2018-11-14,22:32:30,Geochem(2),,24,No,,,PPM,,,,0,3028,,,,100781,616,,,,308490,697,,,,168,39,,,,920,29,,,,17879,60,,,,27986,73,TiO2,7395.31,138.31,4433,83,,,,113,9,,,,64,12,,,,496,13,,,,29501,88,,,,0,98,,,,29,3,,,,96,3,,,,84,2,,,,3,1,,,,0,5,,,,58,1,,,,607,2,,,,10,1,,,,167,1,,,,13,1,,,,0,38,,,,0,216,,,,0,261,,,,0,429,,,,0,571,,,,11,3,,,,0,40,,,,11,1,,,,0,96,,,,0,131,,,,0,65,,,,508081,988,formal tool,NHW,18-1135-016,2,formal tool,60,60,Texaco,Texaco-2
801021,23,2018-11-14,22:29:41,Geochem(2),,23,No,,,PPM,,,,0,1900,,,,110555,555,,,,414985,654,,,,222,33,,,,995,25,,,,33001,74,,,,14937,46,TiO2,4556.13,107.767,2731,65,,,,141,8,,,,0,31,,,,434,12,,,,18846,56,,,,0,71,,,,15,2,,,,56,2,,,,62,2,,,,3,1,,,,0,4,,,,130,1,,,,443,2,,,,6,1,,,,186,1,,,,11,1,,,,0,35,,,,0,196,,,,0,233,,,,0,376,,,,0,497,,,,8,2,,,,0,36,,,,15,1,,,,10,2,,,,0,118,,,,0,60,,,,402206,814,formal tool,NHW,18-1135-016,16,formal tool,60,60,Texaco,Texaco-16
801021,22,2018-11-14,22:24:38,Geochem(2),,22,No,,,PPM,,,,0,2061,,,,102899,550,,,,394029,655,,,,189,32,,,,1064,25,,,,32983,75,,,,13959,44,TiO2,5004.97,110.12,3000,66,,,,136,8,,,,72,11,,,,475,12,,,,19671,58,,,,0,72,,,,20,2,,,,59,2,,,,69,2,,,,0,8,,,,0,4,,,,130,1,,,,443,2,,,,7,1,,,,184,1,,,,11,1,,,,0,35,,,,0,196,,,,0,234,,,,0,379,,,,0,502,,,,0,48,,,,0,35,,,,18,1,,,,8,2,,,,0,117,,,,0,60,,,,430574,832,formal tool,NHW,18-1135-016,31,formal tool,60,60,Texaco,Texaco-31
801021,3,2018-11-14,10:41:11,Geochem(2),,3,No,,,PPM,,,,0,2251,,,,0,468,,,,477971,796,,,,0,35,,,,594,29,,,,0,56,,,,0,50,TiO2,0,91.1296,0,55,,,,0,14,,,,0,26,,,,0,148,,,,317,8,,,,0,13,,,,8,2,,,,16,2,,,,3,1,,,,0,6,,,,0,4,,,,0,6,,,,0,8,,,,0,12,,,,0,18,,,,4,1,,,,0,35,,,,0,212,,,,0,254,,,,0,419,,,,0,557,,,,0,47,,,,0,34,,,,0,26,,,,0,83,,,,0,115,,,,0,47,,,,521087,797,test: rhyolite,NHW,0,blank,test: rhyolite,60,60,Other,test-blank
801021,2,2018-11-14,10:37:29,Geochem(2),,2,No,,,PPM,,,,0,5310,,,,52719,706,,,,270653,804,,,,0,95,,,,1038,39,,,,27653,96,,,,6986,41,TiO2,2478.25,114.064,1485,68,,,,166,10,,,,0,39,,,,1202,21,,,,5653,37,,,,0,48,,,,17,3,,,,28,2,,,,38,2,,,,3,1,,,,0,6,,,,324,2,,,,592,3,,,,28,1,,,,47,1,,,,23,1,,,,14,1,,,,0,262,,,,0,317,,,,0,524,,,,0,696,,,,9,3,,,,0,45,,,,12,1,,,,0,117,,,,18,3,,,,0,88,,,,631291,1067,test: obsidian,NHW,0,obsidian,test: obsidian,60,60,Other,test-obsidian
801021,1,2018-11-14,10:34:20,Geochem(2),,1,No,,,PPM,,,,0,4772,,,,61942,718,,,,277461,783,,,,0,77,,,,826,36,,,,32801,104,,,,8876,45,TiO2,2965.27,117.533,1777,70,,,,153,10,,,,0,36,,,,313,12,,,,5067,34,,,,0,45,,,,17,3,,,,30,2,,,,32,2,,,,0,10,,,,0,5,,,,106,1,,,,420,2,,,,24,1,,,,60,1,,,,22,1,,,,11,1,,,,0,258,,,,0,311,,,,0,512,,,,0,681,,,,11,3,,,,0,45,,,,14,1,,,,0,112,,,,21,3,,,,4,1,,,,610013,1054,test: rhyolite,NHW,0,rhyolite,test: rhyolite,60,60,Other,test-rhyolite
801021,28,2018-11-14,22:43:51,Geochem(2),,28,No,,,PPM,,,,0,1983,,,,103816,545,,,,397232,648,,,,447,34,,,,999,24,,,,32179,73,,,,18208,49,TiO2,4669.38,107.551,2799,64,,,,152,8,,,,53,10,,,,454,12,,,,19048,57,,,,0,71,,,,19,2,,,,58,2,,,,63,2,,,,3,1,,,,0,4,,,,128,1,,,,441,2,,,,6,1,,,,181,1,,,,10,1,,,,0,35,,,,0,196,,,,0,234,,,,0,380,,,,0,504,,,,0,48,,,,4,1,,,,16,1,,,,15,2,,,,0,116,,,,0,60,,,,423668,823,formal tool,NHW,16-0968-004,153,formal tool,60,60,EeQw-179,EeQw-179-153
801021,27,2018-11-14,22:41:18,Geochem(2),,27,No,,,PPM,,,,0,3187,,,,85756,623,,,,314416,712,,,,661,40,,,,1056,29,,,,31127,86,,,,15822,52,TiO2,4699.42,119.962,2817,72,,,,122,8,,,,36,11,,,,449,13,,,,18117,64,,,,0,77,,,,21,3,,,,59,3,,,,59,2,,,,0,9,,,,0,5,,,,124,1,,,,421,2,,,,7,1,,,,184,1,,,,16,1,,,,0,40,,,,0,224,,,,0,269,,,,0,441,,,,0,588,,,,9,3,,,,0,40,,,,18,1,,,,0,99,,,,9,3,,,,6,1,,,,528689,974,formal tool,NHW,16-0968-004,159,formal tool,60,60,EeQw-179,EeQw-179-159
801021,26,2018-11-14,22:38:35,Geochem(2),,26,No,,,PPM,,,,0,3052,,,,84197,611,,,,315815,712,,,,217,38,,,,824,28,,,,25142,74,,,,21710,62,TiO2,7191.58,136.954,4311,82,,,,140,9,,,,40,11,,,,422,13,,,,23757,77,,,,0,88,,,,29,3,,,,60,3,,,,69,2,,,,0,9,,,,0,5,,,,88,1,,,,511,2,,,,10,1,,,,183,1,,,,18,1,,,,4,1,,,,0,220,,,,0,265,,,,0,436,,,,0,582,,,,0,54,,,,0,39,,,,16,1,,,,0,97,,,,0,132,,,,5,1,,,,522433,980,formal tool,NHW,16-0968-004,289,formal tool,60,60,EeQw-179,EeQw-179-289
801021,49,2018-11-14,23:54:41,Geochem(2),,49,No,,,PPM,,,,0,2435,,,,102187,627,,,,297765,647,,,,3236,46,,,,1727,28,,,,47213,110,,,,13304,47,TiO2,12945,162.063,7759,97,,,,223,10,,,,123,13,,,,1193,18,,,,41489,108,,,,0,111,,,,51,3,,,,52,3,,,,108,2,,,,5,1,,,,0,4,,,,433,2,,,,586,2,,,,17,1,,,,287,2,,,,54,1,,,,0,36,,,,0,193,,,,0,231,,,,0,375,,,,0,498,,,,14,3,,,,0,38,,,,34,1,,,,10,3,,,,0,123,,,,0,70,,,,482126,976,core,NHW,16-0968-004,361,core,60,60,EeQw-179,EeQw-179-361
801021,25,2018-11-14,22:35:34,Geochem(2),,25,No,,,PPM,,,,0,2991,,,,85086,606,,,,322576,703,,,,244,37,,,,866,28,,,,31787,85,,,,17346,53,TiO2,4827.25,119.102,2894,71,,,,134,8,,,,36,11,,,,436,13,,,,18367,64,,,,0,77,,,,16,3,,,,57,3,,,,61,2,,,,0,9,,,,0,5,,,,124,1,,,,432,2,,,,9,1,,,,180,1,,,,14,1,,,,0,39,,,,0,220,,,,0,264,,,,0,435,,,,0,579,,,,8,3,,,,0,39,,,,18,1,,,,0,97,,,,13,3,,,,0,66,,,,519297,955,formal tool,NHW,16-0968-004,387,formal tool,60,60,EeQw-179,EeQw-179-387
801021,42,2018-11-14,23:28:36,Geochem(2),,42,No,,,PPM,,,,0,2799,,,,87501,594,,,,341894,706,,,,0,52,,,,784,27,,,,31623,82,,,,15767,51,TiO2,4905.51,118.746,2940,71,,,,143,8,,,,0,34,,,,414,12,,,,18312,62,,,,0,76,,,,17,3,,,,63,3,,,,60,2,,,,3,1,,,,0,5,,,,128,1,,,,440,2,,,,8,1,,,,176,1,,,,14,1,,,,0,39,,,,0,218,,,,0,262,,,,0,430,,,,0,573,,,,15,3,,,,0,40,,,,16,1,,,,0,95,,,,0,129,,,,0,66,,,,499682,939,formal tool,NHW,16-0968-004,76,formal tool,60,60,EeQw-177,EeQw-177-76
801021,41,2018-11-14,23:25:59,Geochem(2),,41,No,,,PPM,,,,0,2546,,,,95232,592,,,,357748,698,,,,0,47,,,,849,27,,,,32354,81,,,,14618,48,TiO2,4611.05,115.018,2764,69,,,,133,8,,,,45,11,,,,396,12,,,,17506,59,,,,0,73,,,,22,3,,,,62,3,,,,58,2,,,,2,1,,,,1,0,,,,123,1,,,,427,2,,,,7,1,,,,181,1,,,,14,1,,,,0,38,,,,0,214,,,,0,257,,,,0,423,,,,0,567,,,,10,3,,,,0,38,,,,15,1,,,,8,3,,,,0,127,,,,0,65,,,,477424,916,formal tool,NHW,16-0968-004,251,formal tool,60,60,EeQw-177,EeQw-177-251
801021,40,2018-11-14,23:23:10,Geochem(2),,40,No,,,PPM,,,,0,2906,,,,104652,681,,,,293387,694,,,,375,39,,,,996,29,,,,29544,84,,,,25032,70,TiO2,9695.96,155.827,5812,93,,,,216,10,,,,67,12,,,,483,14,,,,26862,85,,,,0,98,,,,26,3,,,,33,2,,,,76,2,,,,6,1,,,,0,5,,,,148,1,,,,659,3,,,,18,1,,,,238,2,,,,26,1,,,,0,40,,,,0,223,,,,0,268,,,,0,443,,,,0,591,,,,10,3,,,,0,42,,,,29,1,,,,0,102,,,,11,3,,,,0,72,,,,511296,1024,formal tool,NHW,16-0968-004,263,formal tool,60,60,EeQw-177,EeQw-177-263
801021,39,2018-11-14,23:20:32,Geochem(2),,39,No,,,PPM,,,,0,2230,,,,105091,572,,,,375482,666,,,,403,34,,,,1022,25,,,,32066,76,,,,14514,46,TiO2,4705.72,110.693,2821,66,,,,129,8,,,,31,10,,,,397,11,,,,18437,58,,,,0,72,,,,15,2,,,,58,2,,,,60,2,,,,3,1,,,,0,4,,,,122,1,,,,433,2,,,,7,1,,,,175,1,,,,11,1,,,,0,36,,,,0,203,,,,0,242,,,,0,395,,,,0,525,,,,9,2,,,,0,36,,,,15,1,,,,8,2,,,,0,121,,,,0,61,,,,448694,864,formal tool,NHW,16-0968-004,284,formal tool,60,60,EeQw-177,EeQw-177-284
801021,50,2018-11-14,23:57:25,Geochem(2),,50,No,,,PPM,,,,0,3412,,,,81603,661,,,,296985,750,,,,532,43,,,,1120,32,,,,28969,89,,,,19070,62,TiO2,5409.43,133.792,3242,80,,,,126,9,,,,45,12,,,,382,13,,,,21184,77,,,,0,89,,,,29,3,,,,74,3,,,,66,2,,,,0,10,,,,0,5,,,,117,1,,,,480,2,,,,8,1,,,,168,1,,,,19,1,,,,10,1,,,,0,242,,,,0,292,,,,0,482,,,,0,641,,,,15,3,,,,0,44,,,,18,1,,,,0,107,,,,19,3,,,,0,73,,,,545720,1052,core,NHW,16-0968-004,295,core,60,60,EeQw-177,EeQw-177-295
801021,38,2018-11-14,23:17:52,Geochem(2),,38,No,,,PPM,,,,6610,1722,,,,108368,624,,,,328267,855,,,,1223,38,,,,1089,25,,,,29131,88,,,,26311,78,TiO2,6987.06,126.474,4188,76,,,,162,8,,,,64,11,,,,604,14,,,,32663,103,,,,0,96,,,,42,3,,,,66,3,,,,97,2,,,,2,1,,,,0,4,,,,108,1,,,,747,3,,,,9,1,,,,190,1,,,,14,1,,,,0,35,,,,0,196,,,,0,233,,,,0,378,,,,0,501,,,,8,3,,,,0,35,,,,14,1,,,,0,90,,,,0,123,,,,0,64,,,,460021,1208,formal tool,NHW,16-0968-004,351,formal tool,60,60,EeQw-177,EeQw-177-351
801021,37,2018-11-14,23:14:39,Geochem(2),,37,No,,,PPM,,,,0,2388,,,,110208,606,,,,388445,702,,,,376,38,,,,1076,28,,,,33767,82,,,,15901,50,TiO2,5032.69,119.628,3017,72,,,,126,8,,,,61,11,,,,440,13,,,,19248,62,,,,0,77,,,,19,3,,,,48,2,,,,68,2,,,,0,9,,,,0,5,,,,126,1,,,,445,2,,,,7,1,,,,177,1,,,,12,1,,,,0,38,,,,0,212,,,,0,252,,,,0,405,,,,0,537,,,,10,3,,,,0,39,,,,17,1,,,,0,95,,,,0,129,,,,5,1,,,,426403,903,formal tool,NHW,16-0968-004,426,formal tool,60,60,EeQw-177,EeQw-177-426
801021,36,2018-11-14,23:11:56,Geochem(2),,36,No,,,PPM,,,,0,2676,,,,98833,608,,,,340459,692,,,,160,35,,,,861,27,,,,31257,81,,,,15568,49,TiO2,4507.67,113.956,2702,68,,,,117,8,,,,0,33,,,,390,12,,,,18179,61,,,,0,75,,,,10,3,,,,47,2,,,,63,2,,,,0,9,,,,0,5,,,,124,1,,,,424,2,,,,9,1,,,,177,1,,,,14,1,,,,0,38,,,,0,211,,,,0,251,,,,0,401,,,,0,526,,,,0,52,,,,0,37,,,,17,1,,,,0,95,,,,14,2,,,,0,65,,,,490576,929,formal tool,NHW,16-0968-004,495,formal tool,60,60,EeQw-177,EeQw-177-495
801021,35,2018-11-14,23:09:22,Geochem(2),,35,No,,,PPM,,,,0,2620,,,,95283,617,,,,332046,701,,,,139,36,,,,900,28,,,,30619,81,,,,15799,50,TiO2,4851.53,118.478,2908,71,,,,124,8,,,,37,11,,,,395,12,,,,18385,63,,,,0,75,,,,10,3,,,,59,3,,,,66,2,,,,3,1,,,,0,5,,,,122,1,,,,436,2,,,,7,1,,,,176,1,,,,16,1,,,,0,39,,,,0,218,,,,0,261,,,,0,425,,,,0,566,,,,0,54,,,,0,39,,,,17,1,,,,0,96,,,,11,3,,,,4,1,,,,502439,947,formal tool,NHW,16-0968-004,514,formal tool,60,60,EeQw-177,EeQw-177-514
801021,34,2018-11-14,23:06:47,Geochem(2),,34,No,,,PPM,,,,0,2414,,,,101031,583,,,,347602,663,,,,168,33,,,,1080,26,,,,33313,80,,,,16035,48,TiO2,5441.29,116.658,3262,70,,,,137,8,,,,44,11,,,,414,12,,,,19025,60,,,,0,74,,,,16,3,,,,62,2,,,,68,2,,,,3,1,,,,0,5,,,,132,1,,,,438,2,,,,8,1,,,,188,1,,,,16,1,,,,0,36,,,,0,205,,,,0,246,,,,0,405,,,,0,541,,,,0,51,,,,4,1,,,,17,1,,,,0,91,,,,0,122,,,,0,62,,,,476939,888,formal tool,NHW,16-0968-004,524,formal tool,60,60,EeQw-177,EeQw-177-524
801021,33,2018-11-14,22:59:12,Geochem(2),,33,No,,,PPM,,,,0,2569,,,,104276,599,,,,352534,684,,,,189,35,,,,831,26,,,,29947,76,,,,14634,48,TiO2,4943.77,115.906,2963,69,,,,147,8,,,,54,11,,,,413,12,,,,18011,59,,,,0,73,,,,17,3,,,,60,2,,,,62,2,,,,0,8,,,,0,5,,,,123,1,,,,422,2,,,,7,1,,,,175,1,,,,12,1,,,,0,37,,,,0,211,,,,0,253,,,,0,418,,,,0,559,,,,10,3,,,,0,38,,,,17,1,,,,12,3,,,,0,123,,,,0,62,,,,475084,907,formal tool,NHW,16-0968-004,689,formal tool,60,60,EeQw-177,EeQw-177-689
801021,32,2018-11-14,22:56:13,Geochem(2),,32,No,,,PPM,,,,0,2940,,,,88946,613,,,,332155,714,,,,0,54,,,,869,28,,,,31541,85,,,,15223,50,TiO2,4518.91,117.391,2709,70,,,,135,8,,,,0,35,,,,416,12,,,,18113,63,,,,0,77,,,,14,3,,,,60,3,,,,61,2,,,,0,9,,,,0,5,,,,124,1,,,,432,2,,,,7,1,,,,181,1,,,,18,1,,,,5,1,,,,0,220,,,,0,263,,,,0,425,,,,0,562,,,,9,3,,,,0,39,,,,18,1,,,,0,98,,,,14,3,,,,0,66,,,,508952,959,formal tool,NHW,16-0968-004,777,formal tool,60,60,EeQw-177,EeQw-177-777
801021,31,2018-11-14,22:53:27,Geochem(2),,31,No,,,PPM,,,,0,3096,,,,87708,622,,,,328895,725,,,,0,56,,,,849,29,,,,30797,85,,,,15689,52,TiO2,4674.62,120.441,2802,72,,,,132,9,,,,0,35,,,,406,13,,,,18126,64,,,,0,78,,,,13,3,,,,53,3,,,,60,2,,,,0,9,,,,0,5,,,,124,1,,,,434,2,,,,8,1,,,,179,1,,,,17,1,,,,5,1,,,,0,224,,,,0,268,,,,0,433,,,,0,571,,,,10,3,,,,0,40,,,,17,1,,,,0,100,,,,13,3,,,,4,1,,,,513660,976,formal tool,NHW,16-0968-004,845,formal tool,60,60,EeQw-177,EeQw-177-845
801021,30,2018-11-14,22:50:27,Geochem(2),,30,No,,,PPM,,,,0,2976,,,,93593,631,,,,332132,722,,,,0,55,,,,885,29,,,,29481,82,,,,18736,57,TiO2,5240.06,124.702,3141,75,,,,117,8,,,,38,11,,,,407,13,,,,20930,70,,,,0,84,,,,24,3,,,,66,3,,,,62,2,,,,0,9,,,,0,5,,,,113,1,,,,472,2,,,,7,1,,,,166,1,,,,12,1,,,,4,1,,,,0,221,,,,0,264,,,,0,426,,,,0,561,,,,11,3,,,,0,39,,,,16,1,,,,0,99,,,,13,3,,,,4,1,,,,499571,980,formal tool,NHW,16-0968-004,877,formal tool,60,60,EeQw-177,EeQw-177-877
801021,29,2018-11-14,22:47:49,Geochem(2),,29,No,,,PPM,,,,0,2150,,,,117543,592,,,,343316,643,,,,1411,39,,,,1132,25,,,,18590,54,,,,28133,65,TiO2,9719.38,139.738,5826,84,,,,201,9,,,,93,11,,,,664,14,,,,33839,86,,,,0,96,,,,21,3,,,,34,2,,,,88,2,,,,4,1,,,,0,4,,,,88,1,,,,687,2,,,,20,1,,,,248,2,,,,21,1,,,,0,34,,,,0,193,,,,0,230,,,,0,378,,,,0,504,,,,8,3,,,,0,37,,,,19,1,,,,13,3,,,,0,118,,,,0,61,,,,448000,894,formal tool,NHW,16-0968-004,1108,formal tool,60,60,EeQw-177,EeQw-177-1108
801021,48,2018-11-14,23:49:51,Geochem(2),,48,No,,,PPM,,,,0,1984,,,,105732,565,,,,370483,653,,,,786,35,,,,1369,26,,,,32409,76,,,,15860,47,TiO2,5061.77,111.98,3034,67,,,,146,8,,,,41,10,,,,434,12,,,,18271,57,,,,0,71,,,,19,3,,,,64,2,,,,66,2,,,,5,1,,,,0,5,,,,124,1,,,,445,2,,,,5,1,,,,180,1,,,,12,1,,,,0,35,,,,0,201,,,,0,241,,,,0,399,,,,0,532,,,,10,2,,,,0,36,,,,14,1,,,,9,2,,,,0,119,,,,0,61,,,,450483,854,formal tool,NHW,16-0968-004,132,formal tool,60,60,EeQw-169,EeQw-169-132
801021,47,2018-11-14,23:47:00,Geochem(2),,47,No,,,PPM,,,,0,3758,,,,74013,638,,,,288003,725,,,,0,68,,,,931,30,,,,35304,100,,,,14654,53,TiO2,4634.81,124.151,2778,74,,,,141,9,,,,0,37,,,,434,13,,,,18566,69,,,,0,82,,,,20,3,,,,62,3,,,,72,2,,,,4,1,,,,0,5,,,,126,1,,,,434,2,,,,9,1,,,,189,1,,,,21,1,,,,9,1,,,,0,236,,,,0,285,,,,0,467,,,,0,621,,,,9,3,,,,0,42,,,,17,1,,,,0,106,,,,24,3,,,,4,1,,,,564176,1015,formal tool,NHW,16-0968-004,133,formal tool,60,60,EeQw-169,EeQw-169-133
801021,46,2018-11-14,23:44:12,Geochem(2),,46,No,,,PPM,,,,0,2720,,,,94930,628,,,,326537,711,,,,0,55,,,,962,29,,,,30414,83,,,,15502,51,TiO2,4391.26,117.008,2632,70,,,,134,8,,,,0,35,,,,369,12,,,,17689,62,,,,0,77,,,,15,3,,,,54,3,,,,58,2,,,,3,1,,,,0,5,,,,120,1,,,,420,2,,,,8,1,,,,178,1,,,,17,1,,,,0,40,,,,0,223,,,,0,267,,,,0,435,,,,0,578,,,,8,3,,,,0,39,,,,15,1,,,,0,98,,,,8,3,,,,0,67,,,,509923,965,formal tool,NHW,16-0968-004,257,formal tool,60,60,EeQw-169,EeQw-169-257
801021,45,2018-11-14,23:41:32,Geochem(2),,45,No,,,PPM,,,,0,3006,,,,80690,626,,,,313195,730,,,,132,39,,,,968,30,,,,31422,89,,,,16598,55,TiO2,5185.03,126.505,3108,76,,,,131,9,,,,44,12,,,,304,12,,,,18301,66,,,,0,80,,,,18,3,,,,84,3,,,,74,2,,,,0,9,,,,0,5,,,,88,1,,,,559,2,,,,5,1,,,,159,1,,,,13,1,,,,6,1,,,,0,232,,,,0,278,,,,0,457,,,,0,612,,,,0,57,,,,0,40,,,,15,1,,,,0,102,,,,13,3,,,,0,70,,,,534072,996,formal tool,NHW,16-0968-004,279,formal tool,60,60,EeQw-169,EeQw-169-279
801021,44,2018-11-14,23:37:04,Geochem(2),,44,No,,,PPM,,,,0,3113,,,,85020,616,,,,312456,702,,,,282,37,,,,987,28,,,,34791,92,,,,16084,52,TiO2,4718.74,119.116,2828,71,,,,121,8,,,,0,35,,,,427,13,,,,18849,65,,,,0,79,,,,15,3,,,,56,3,,,,63,2,,,,3,1,,,,0,5,,,,123,1,,,,438,2,,,,9,1,,,,178,1,,,,17,1,,,,4,1,,,,0,221,,,,0,266,,,,0,435,,,,0,575,,,,12,3,,,,0,40,,,,16,1,,,,0,99,,,,13,3,,,,5,1,,,,527203,967,formal tool,NHW,16-0968-004,455,formal tool,60,60,EeQw-169,EeQw-169-455
801021,43,2018-11-14,23:34:10,Geochem(2),,43,No,,,PPM,,,,0,2998,,,,96996,632,,,,321169,704,,,,0,55,,,,1016,29,,,,30498,83,,,,16279,52,TiO2,4876.21,120.698,2923,72,,,,126,8,,,,41,11,,,,349,12,,,,17513,62,,,,0,76,,,,17,3,,,,60,3,,,,60,2,,,,2,1,,,,0,5,,,,121,1,,,,440,2,,,,8,1,,,,174,1,,,,15,1,,,,0,39,,,,0,223,,,,0,268,,,,0,442,,,,0,587,,,,8,3,,,,0,40,,,,16,1,,,,0,99,,,,11,3,,,,0,67,,,,512157,965,formal tool,NHW,16-0968-004,201,formal tool,60,60,EeQw-166,EeQw-166-201
801021,104,2018-11-14,19:46:38,Geochem(2),,104,No,,,PPM,,,,0,3719,,,,79091,687,,,,301799,760,,,,0,66,,,,839,32,,,,30307,91,,,,15594,55,TiO2,4822.13,127.768,2890,77,,,,132,9,,,,0,38,,,,412,13,,,,18751,70,,,,0,83,,,,22,3,,,,55,3,,,,63,2,,,,0,10,,,,0,5,,,,125,1,,,,428,2,,,,10,1,,,,183,1,,,,19,1,,,,12,1,,,,0,239,,,,0,288,,,,0,474,,,,0,628,,,,0,58,,,,0,43,,,,20,1,,,,0,106,,,,19,3,,,,0,71,,,,549227,1043,formal tool,NHW,11-0610,48,formal tool,60,60,CCLF,CCLF-48
801021,21,2018-11-14,22:18:36,Geochem(2),,21,No,,,PPM,,,,7951,1847,,,,99763,631,,,,331717,910,,,,1028,39,,,,1199,27,,,,27438,89,,,,21376,70,TiO2,6429.93,126.281,3854,76,,,,124,8,,,,53,11,,,,494,13,,,,26024,90,,,,0,88,,,,40,3,,,,66,3,,,,69,2,,,,0,8,,,,0,4,,,,105,1,,,,557,2,,,,9,1,,,,169,1,,,,11,1,,,,0,36,,,,0,206,,,,0,246,,,,0,398,,,,0,527,,,,0,51,,,,0,37,,,,16,1,,,,0,92,,,,0,125,,,,0,64,,,,477938,1285,debitage,NHW,11-0610,103,debitage,60,60,CCLF,CCLF-103
801021,105,2018-11-14,19:51:28,Geochem(2),,105,No,,,PPM,,,,0,2733,,,,89688,629,,,,347732,721,,,,0,51,,,,761,28,,,,30475,81,,,,15381,50,TiO2,4552.84,116.841,2729,70,,,,121,8,,,,0,34,,,,402,12,,,,17593,61,,,,0,74,,,,12,3,,,,51,2,,,,60,2,,,,3,1,,,,0,5,,,,121,1,,,,420,2,,,,7,1,,,,171,1,,,,14,1,,,,0,38,,,,0,218,,,,0,262,,,,0,433,,,,0,577,,,,0,54,,,,0,40,,,,15,1,,,,0,96,,,,0,129,,,,0,65,,,,494244,947,core,NHW,11-0610,135,core,60,60,CCLF,CCLF-135
801021,106,2018-11-14,19:54:21,Geochem(2),,106,No,,,PPM,,,,0,2601,,,,89286,609,,,,347223,702,,,,0,48,,,,688,27,,,,31658,81,,,,15019,48,TiO2,4839.73,115.718,2901,69,,,,132,8,,,,36,11,,,,440,12,,,,18635,61,,,,0,75,,,,16,3,,,,68,3,,,,62,2,,,,0,9,,,,0,5,,,,127,1,,,,438,2,,,,8,1,,,,184,1,,,,15,1,,,,0,38,,,,0,212,,,,0,254,,,,0,418,,,,0,555,,,,0,51,,,,0,38,,,,19,1,,,,0,94,,,,8,2,,,,0,64,,,,493040,924,formal tool,NHW,11-0610,162,formal tool,60,60,CCLF,CCLF-162
801021,107,2018-11-14,19:57:44,Geochem(2),,107,No,,,PPM,,,,0,2762,,,,89582,633,,,,351275,731,,,,0,52,,,,742,29,,,,32773,86,,,,15174,50,TiO2,4211.33,115.151,2524,69,,,,92,8,,,,0,34,,,,410,12,,,,17999,62,,,,0,76,,,,9,3,,,,38,2,,,,61,2,,,,4,1,,,,0,5,,,,126,1,,,,425,2,,,,9,1,,,,184,1,,,,16,1,,,,0,40,,,,0,216,,,,0,256,,,,0,406,,,,0,530,,,,0,53,,,,0,38,,,,15,1,,,,0,99,,,,15,3,,,,0,67,,,,488525,959,formal tool,NHW,11-0610,171,formal tool,60,60,CCLF,CCLF-171
801021,108,2018-11-14,20:00:53,Geochem(2),,108,No,,,PPM,,,,7371,2053,,,,89194,635,,,,339697,982,,,,178,36,,,,880,27,,,,31838,104,,,,14795,56,TiO2,4862.24,115.695,2914,69,,,,140,8,,,,46,11,,,,457,12,,,,18921,73,,,,0,75,,,,23,3,,,,63,3,,,,61,2,,,,3,1,,,,0,5,,,,126,1,,,,436,2,,,,9,1,,,,186,1,,,,12,1,,,,0,37,,,,0,211,,,,0,253,,,,0,416,,,,0,553,,,,12,3,,,,0,38,,,,18,1,,,,0,93,,,,9,2,,,,4,1,,,,492606,1371,formal tool,NHW,11-0610,191,formal tool,60,60,CCLF,CCLF-191
801021,109,2018-11-14,20:03:55,Geochem(2),,109,No,,,PPM,,,,0,2990,,,,87765,623,,,,317721,694,,,,524,38,,,,959,28,,,,30751,82,,,,15143,49,TiO2,4830.62,116.724,2896,70,,,,141,8,,,,40,11,,,,440,12,,,,19753,65,,,,0,77,,,,19,3,,,,53,2,,,,65,2,,,,3,1,,,,0,5,,,,125,1,,,,433,2,,,,8,1,,,,177,1,,,,14,1,,,,0,38,,,,0,214,,,,0,256,,,,0,420,,,,0,557,,,,0,53,,,,0,39,,,,17,1,,,,0,95,,,,12,3,,,,0,64,,,,522940,945,formal tool,NHW,11-0610,196,formal tool,60,60,CCLF,CCLF-196
801021,110,2018-11-14,20:07:00,Geochem(2),,110,No,,,PPM,,,,0,3546,,,,80800,659,,,,300089,731,,,,209,40,,,,1141,31,,,,30767,89,,,,14943,52,TiO2,4827.97,124.447,2894,75,,,,121,9,,,,0,36,,,,433,13,,,,18823,68,,,,0,81,,,,23,3,,,,61,3,,,,64,2,,,,0,9,,,,0,5,,,,125,1,,,,424,2,,,,9,1,,,,180,1,,,,16,1,,,,6,1,,,,0,231,,,,0,278,,,,0,456,,,,0,606,,,,13,3,,,,0,40,,,,19,1,,,,0,103,,,,20,3,,,,6,1,,,,548815,1010,formal tool,NHW,11-0610,243,formal tool,60,60,CCLF,CCLF-243
801021,111,2018-11-14,20:11:10,Geochem(2),,111,No,,,PPM,,,,0,2201,,,,10498,323,,,,477101,782,,,,0,36,,,,685,28,,,,413,27,,,,0,55,TiO2,1362.77,81.7915,817,49,,,,69,7,,,,36,10,,,,60,7,,,,2851,20,,,,0,28,,,,12,2,,,,27,2,,,,8,1,,,,3,1,,,,1,0,,,,10,0,,,,21,0,,,,0,12,,,,12,1,,,,4,1,,,,0,34,,,,0,205,,,,0,246,,,,0,404,,,,0,535,,,,0,46,,,,0,34,,,,3,1,,,,0,81,,,,0,112,,,,3,1,,,,507366,801,core,NHW,11-0610,246,core,60,60,CCLF,CCLF-246
801021,112,2018-11-14,20:15:41,Geochem(2),,112,No,,,PPM,,,,0,3326,,,,82932,649,,,,312759,738,,,,0,62,,,,817,30,,,,30526,87,,,,15286,52,TiO2,4627.56,122.225,2774,73,,,,119,9,,,,57,12,,,,393,13,,,,17906,66,,,,0,79,,,,23,3,,,,57,3,,,,61,2,,,,0,9,,,,0,5,,,,124,1,,,,425,2,,,,9,1,,,,180,1,,,,19,1,,,,8,1,,,,0,231,,,,0,278,,,,0,456,,,,0,609,,,,0,54,,,,0,40,,,,18,1,,,,0,103,,,,21,3,,,,5,1,,,,535481,1005,formal tool,NHW,11-0610,247,formal tool,60,60,CCLF,CCLF-247
801021,113,2018-11-14,20:20:19,Geochem(2),,113,No,,,PPM,,,,0,1999,,,,106873,578,,,,416958,682,,,,0,38,,,,821,26,,,,32627,76,,,,14967,47,TiO2,4873.91,113.916,2921,68,,,,161,8,,,,48,11,,,,440,12,,,,19309,59,,,,0,73,,,,23,3,,,,66,2,,,,62,2,,,,3,1,,,,0,4,,,,129,1,,,,450,2,,,,6,1,,,,181,1,,,,10,1,,,,0,36,,,,0,205,,,,0,245,,,,0,402,,,,0,535,,,,0,50,,,,5,1,,,,16,1,,,,11,3,,,,0,122,,,,0,63,,,,403911,845,core xxs,NHW,11-0610,261,core,60,60,CCLF,CCLF-261
801021,114,2018-11-14,20:23:14,Geochem(2),,114,No,,,PPM,,,,0,2685,,,,84088,582,,,,329813,696,,,,0,51,,,,761,26,,,,30259,80,,,,14494,47,TiO2,4412.98,110.799,2645,66,,,,128,8,,,,31,10,,,,413,12,,,,17583,60,,,,0,75,,,,14,3,,,,48,2,,,,61,2,,,,0,9,,,,0,5,,,,120,1,,,,407,2,,,,8,1,,,,177,1,,,,14,1,,,,0,38,,,,0,214,,,,0,257,,,,0,423,,,,0,561,,,,9,3,,,,0,39,,,,17,1,,,,0,95,,,,9,2,,,,0,65,,,,518901,931,formal tool,NHW,11-0610,271,formal tool,60,60,CCLF,CCLF-271
801021,115,2018-11-14,20:25:55,Geochem(2),,115,No,,,PPM,,,,0,2934,,,,85704,619,,,,318077,706,,,,0,57,,,,896,28,,,,28646,79,,,,18610,55,TiO2,5295.96,122.342,3174,73,,,,135,8,,,,58,11,,,,444,13,,,,23201,74,,,,0,85,,,,34,3,,,,77,3,,,,66,2,,,,3,1,,,,0,5,,,,117,1,,,,456,2,,,,8,1,,,,165,1,,,,13,1,,,,0,38,,,,0,218,,,,0,261,,,,0,430,,,,0,574,,,,9,3,,,,0,38,,,,18,1,,,,0,96,,,,12,3,,,,4,1,,,,520074,967,formal tool,NHW,11-0610,298,formal tool,60,60,CCLF,CCLF-298
801021,116,2018-11-14,20:31:36,Geochem(2),,116,No,,,PPM,,,,0,1850,,,,108915,554,,,,423863,656,,,,136,33,,,,826,24,,,,32099,72,,,,14589,45,TiO2,4773.62,108.825,2861,65,,,,121,8,,,,54,10,,,,423,11,,,,18893,56,,,,0,71,,,,20,2,,,,46,2,,,,60,2,,,,0,8,,,,0,4,,,,124,1,,,,428,2,,,,8,1,,,,179,1,,,,12,1,,,,0,35,,,,0,195,,,,0,230,,,,0,372,,,,0,491,,,,0,48,,,,0,35,,,,17,1,,,,14,2,,,,0,116,,,,0,59,,,,396312,806,formal tool,NHW,11-0610,325,formal tool,60,60,CCLF,CCLF-325
801021,117,2018-11-14,20:38:07,Geochem(2),,117,No,,,PPM,,,,0,2133,,,,101969,583,,,,387309,686,,,,209,35,,,,853,26,,,,32042,77,,,,14159,46,TiO2,4717.09,112.389,2827,67,,,,112,8,,,,35,10,,,,416,12,,,,18179,58,,,,0,72,,,,15,3,,,,56,2,,,,57,2,,,,3,1,,,,0,4,,,,123,1,,,,426,2,,,,6,1,,,,178,1,,,,12,1,,,,0,36,,,,0,203,,,,0,240,,,,0,386,,,,0,509,,,,0,50,,,,0,37,,,,14,1,,,,9,2,,,,0,122,,,,0,62,,,,440989,873,formal tool,NHW,11-0610,339,formal tool,60,60,CCLF,CCLF-339
801021,118,2018-11-14,20:41:21,Geochem(2),,118,No,,,PPM,,,,0,3309,,,,81596,639,,,,321936,743,,,,0,60,,,,746,30,,,,30851,88,,,,15805,53,TiO2,4837.44,124.936,2900,75,,,,137,9,,,,42,12,,,,430,13,,,,18937,68,,,,0,81,,,,25,3,,,,62,3,,,,63,2,,,,0,9,,,,0,5,,,,126,1,,,,437,2,,,,8,1,,,,177,1,,,,19,1,,,,8,1,,,,0,231,,,,0,279,,,,0,458,,,,0,610,,,,10,3,,,,0,41,,,,19,1,,,,0,103,,,,20,3,,,,5,1,,,,525641,1002,core,NHW,11-0610,344,core,60,60,CCLF,CCLF-344
801021,19,2018-11-14,22:10:03,Geochem(2),,19,No,,,PPM,,,,0,3349,,,,83277,636,,,,320084,741,,,,0,62,,,,859,30,,,,29791,86,,,,15531,53,TiO2,4512.19,121.864,2705,73,,,,116,9,,,,0,36,,,,446,13,,,,18673,67,,,,0,80,,,,20,3,,,,62,3,,,,61,2,,,,0,9,,,,0,5,,,,123,1,,,,432,2,,,,9,1,,,,182,1,,,,17,1,,,,8,1,,,,0,230,,,,0,276,,,,0,449,,,,0,595,,,,9,3,,,,0,41,,,,19,1,,,,0,102,,,,15,3,,,,6,1,,,,527555,1002,debitage,NHW,11-0610,345,debitage,60,60,CCLF,CCLF-345
801021,119,2018-11-14,20:46:56,Geochem(2),,119,No,,,PPM,,,,0,2135,,,,100048,567,,,,389520,674,,,,0,40,,,,806,25,,,,31780,75,,,,14406,45,TiO2,4609.21,110.067,2763,66,,,,143,8,,,,37,10,,,,391,11,,,,18161,57,,,,0,71,,,,19,3,,,,61,2,,,,62,2,,,,0,8,,,,0,4,,,,124,1,,,,430,2,,,,7,1,,,,181,1,,,,12,1,,,,0,36,,,,0,203,,,,0,242,,,,0,397,,,,0,528,,,,8,2,,,,0,36,,,,16,1,,,,9,2,,,,0,120,,,,4,1,,,,441013,856,core,NHW,11-0610,368,core,60,60,CCLF,CCLF-368
801021,120,2018-11-14,20:49:48,Geochem(2),,120,No,,,PPM,,,,0,2911,,,,85514,609,,,,318658,702,,,,502,39,,,,1104,28,,,,24874,72,,,,18065,54,TiO2,5716.69,124.081,3427,74,,,,131,8,,,,41,11,,,,330,11,,,,19334,65,,,,0,77,,,,21,3,,,,88,3,,,,71,2,,,,0,9,,,,0,5,,,,88,1,,,,562,2,,,,4,1,,,,159,1,,,,10,1,,,,0,38,,,,0,216,,,,0,260,,,,0,426,,,,0,567,,,,0,53,,,,0,38,,,,16,1,,,,0,95,,,,0,129,,,,0,66,,,,527002,951,formal tool,NHW,11-0610,394,formal tool,60,60,CCLF,CCLF-394
801021,20,2018-11-14,22:13:19,Geochem(2),,20,No,,,PPM,,,,0,2937,,,,82897,622,,,,323610,731,,,,0,57,,,,977,30,,,,31870,88,,,,15081,51,TiO2,4830.98,122.529,2896,73,,,,132,9,,,,45,12,,,,374,12,,,,17455,63,,,,0,77,,,,17,3,,,,55,3,,,,63,2,,,,3,1,,,,0,5,,,,120,1,,,,420,2,,,,10,1,,,,181,1,,,,17,1,,,,6,1,,,,0,229,,,,0,276,,,,0,453,,,,0,606,,,,0,56,,,,5,1,,,,17,1,,,,0,101,,,,13,3,,,,4,1,,,,523734,985,expedient tool,NHW,11-0610,407,expedient tool,60,60,CCLF,CCLF-407
801021,121,2018-11-14,20:52:38,Geochem(2),,121,No,,,PPM,,,,0,2714,,,,92260,603,,,,350650,711,,,,0,51,,,,742,27,,,,25777,72,,,,17904,53,TiO2,5044.73,118.843,3024,71,,,,119,8,,,,0,34,,,,304,11,,,,19178,64,,,,0,77,,,,14,3,,,,93,3,,,,67,2,,,,3,1,,,,0,5,,,,88,1,,,,569,2,,,,4,1,,,,158,1,,,,11,1,,,,0,38,,,,0,212,,,,0,253,,,,0,406,,,,0,533,,,,10,3,,,,0,37,,,,15,1,,,,0,95,,,,0,130,,,,0,66,,,,489010,936,formal tool,NHW,11-0610,424,formal tool,60,60,CCLF,CCLF-424
801021,1,2018-11-14,20:58:51,Geochem(2),,1,No,,,PPM,,,,0,2493,,,,93308,587,,,,362430,696,,,,0,47,,,,760,26,,,,31361,79,,,,14886,48,TiO2,4654.39,114.04,2790,68,,,,140,8,,,,42,11,,,,416,12,,,,18390,60,,,,0,74,,,,19,3,,,,53,2,,,,62,2,,,,0,8,,,,0,4,,,,123,1,,,,420,2,,,,7,1,,,,175,1,,,,13,1,,,,0,37,,,,0,211,,,,0,253,,,,0,415,,,,0,553,,,,0,51,,,,0,38,,,,16,1,,,,0,93,,,,0,125,,,,0,63,,,,474588,906,core,NHW,11-0610,430,core,60,60,CCLF,CCLF-430
801021,2,2018-11-14,21:03:08,Geochem(2),,2,No,,,PPM,,,,0,5143,,,,60168,698,,,,242185,772,,,,185,47,,,,1239,37,,,,20718,80,,,,20829,74,TiO2,6884.48,154.224,4127,92,,,,125,10,,,,68,13,,,,479,15,,,,24047,95,,,,0,103,,,,46,4,,,,76,3,,,,72,2,,,,0,10,,,,0,6,,,,108,1,,,,463,2,,,,9,1,,,,162,2,,,,19,1,,,,13,1,,,,0,260,,,,0,315,,,,0,520,,,,0,693,,,,0,64,,,,0,47,,,,17,1,,,,0,115,,,,20,3,,,,5,1,,,,624823,1124,core,NHW,11-0610,482,core,60,60,CCLF,CCLF-482
801021,3,2018-11-14,21:05:56,Geochem(2),,3,No,,,PPM,,,,0,2811,,,,86167,601,,,,342634,713,,,,0,52,,,,824,27,,,,32445,85,,,,15018,49,TiO2,4826.18,118.796,2893,71,,,,135,8,,,,0,35,,,,448,13,,,,18586,63,,,,0,76,,,,15,3,,,,53,2,,,,59,2,,,,4,1,,,,0,5,,,,128,1,,,,430,2,,,,8,1,,,,180,1,,,,16,1,,,,4,1,,,,0,219,,,,0,262,,,,0,432,,,,0,574,,,,12,3,,,,0,40,,,,16,1,,,,0,97,,,,15,3,,,,0,66,,,,499909,944,formal tool,NHW,11-0610,487,formal tool,60,60,CCLF,CCLF-487
801021,4,2018-11-14,21:08:30,Geochem(2),,4,No,,,PPM,,,,0,3921,,,,89092,833,,,,336162,811,,,,0,74,,,,808,38,,,,31994,104,,,,14905,63,TiO2,5057.16,119.771,3031,72,,,,158,9,,,,0,34,,,,446,13,,,,18864,65,,,,0,77,,,,21,3,,,,81,3,,,,62,2,,,,0,9,,,,0,5,,,,126,1,,,,436,2,,,,7,1,,,,182,1,,,,17,1,,,,4,1,,,,0,218,,,,0,261,,,,0,432,,,,0,575,,,,11,3,,,,0,39,,,,17,1,,,,0,96,,,,11,3,,,,5,1,,,,503559,1028,formal tool,NHW,11-0610,492,formal tool,60,32.0442,CCLF,CCLF-492
801021,6,2018-11-14,21:17:59,Geochem(2),,6,No,,,PPM,,,,0,2875,,,,87127,609,,,,337360,715,,,,0,53,,,,908,28,,,,31444,84,,,,15251,50,TiO2,4627.64,117.952,2774,71,,,,141,8,,,,39,11,,,,426,13,,,,18232,63,,,,0,76,,,,16,3,,,,57,3,,,,61,2,,,,0,9,,,,0,5,,,,123,1,,,,429,2,,,,8,1,,,,181,1,,,,14,1,,,,0,39,,,,0,221,,,,0,265,,,,0,437,,,,0,581,,,,12,3,,,,0,40,,,,19,1,,,,0,97,,,,10,3,,,,0,66,,,,505367,952,formal tool,NHW,11-0610,522,formal tool,60,60,CCLF,CCLF-522
801021,5,2018-11-14,21:14:50,Geochem(2),,5,No,,,PPM,,,,0,4153,,,,70913,687,,,,285260,786,,,,0,78,,,,1002,35,,,,30546,98,,,,14851,57,TiO2,4910.13,135.53,2943,81,,,,120,9,,,,0,41,,,,433,14,,,,17978,73,,,,0,87,,,,21,3,,,,69,3,,,,58,2,,,,0,10,,,,0,6,,,,126,1,,,,423,2,,,,10,1,,,,181,2,,,,21,1,,,,15,1,,,,0,256,,,,0,308,,,,0,508,,,,0,678,,,,12,3,,,,0,46,,,,18,1,,,,0,114,,,,29,3,,,,4,1,,,,574966,1091,core,NHW,11-0610,538,core,60,60,CCLF,CCLF-538
801021,7,2018-11-14,21:20:46,Geochem(2),,7,No,,,PPM,,,,0,2507,,,,92369,583,,,,358145,690,,,,0,47,,,,887,26,,,,31856,79,,,,14765,47,TiO2,4656.4,113.43,2791,68,,,,133,8,,,,35,11,,,,435,12,,,,18083,59,,,,0,73,,,,12,3,,,,60,2,,,,59,2,,,,0,8,,,,0,5,,,,125,1,,,,421,2,,,,8,1,,,,185,1,,,,13,1,,,,0,37,,,,0,210,,,,0,251,,,,0,410,,,,0,546,,,,11,3,,,,0,37,,,,16,1,,,,0,92,,,,0,125,,,,4,1,,,,479587,903,formal tool,NHW,11-0610,550,formal tool,60,60,CCLF,CCLF-550
801021,8,2018-11-14,21:23:37,Geochem(2),,8,No,,,PPM,,,,0,5155,,,,80461,809,,,,252283,837,,,,0,100,,,,1168,42,,,,22904,92,,,,27291,97,TiO2,8038.14,176.793,4818,106,,,,132,11,,,,66,15,,,,562,18,,,,32368,126,,,,0,131,,,,35,4,,,,57,3,,,,72,3,,,,3,1,,,,0,6,,,,87,1,,,,611,3,,,,13,1,,,,187,2,,,,28,1,,,,17,2,,,,0,279,,,,0,338,,,,0,556,,,,0,741,,,,24,4,,,,0,54,,,,14,1,,,,0,125,,,,22,4,,,,0,86,,,,576778,1280,core,NHW,11-0610,556,core,60,60,CCLF,CCLF-556
801021,9,2018-11-14,21:29:35,Geochem(2),,9,No,,,PPM,,,,12216,2077,,,,38291,471,,,,390692,1134,,,,0,53,,,,1164,30,,,,8068,44,,,,0,89,TiO2,3018.67,101.592,1809,61,,,,55,7,,,,0,33,,,,1238,18,,,,27285,98,,,,0,91,,,,78,3,,,,27,2,,,,53,2,,,,0,6,,,,0,4,,,,37,1,,,,27,1,,,,10,1,,,,50,1,,,,10,1,,,,0,35,,,,0,210,,,,0,252,,,,0,415,,,,0,553,,,,9,3,,,,0,36,,,,0,27,,,,0,84,,,,0,115,,,,0,50,,,,518881,1426,formal tool,NHW,11-0610,586,formal tool,60,60,CCLF,CCLF-586
801021,10,2018-11-14,21:35:11,Geochem(2),,10,No,,,PPM,,,,0,3177,,,,78565,633,,,,306762,728,,,,143,39,,,,1168,31,,,,32708,92,,,,15637,53,TiO2,4797.44,123.718,2876,74,,,,121,9,,,,0,37,,,,414,13,,,,18160,66,,,,0,79,,,,22,3,,,,54,3,,,,65,2,,,,3,1,,,,0,5,,,,123,1,,,,430,2,,,,8,1,,,,181,1,,,,17,1,,,,4,1,,,,0,230,,,,0,277,,,,0,456,,,,0,606,,,,11,3,,,,0,41,,,,16,1,,,,0,103,,,,19,3,,,,6,1,,,,542486,998,expedient tool,NHW,11-0610,589,expedient tool,60,60,CCLF,CCLF-589
801021,11,2018-11-14,21:39:41,Geochem(2),,11,No,,,PPM,,,,0,3023,,,,86673,618,,,,331333,721,,,,0,56,,,,918,29,,,,30400,83,,,,15692,51,TiO2,4821.53,120.648,2890,72,,,,132,9,,,,0,36,,,,419,13,,,,18505,64,,,,0,77,,,,19,3,,,,55,3,,,,61,2,,,,0,9,,,,0,5,,,,122,1,,,,432,2,,,,8,1,,,,176,1,,,,15,1,,,,0,39,,,,0,223,,,,0,268,,,,0,439,,,,0,584,,,,10,3,,,,0,40,,,,16,1,,,,0,99,,,,16,3,,,,0,67,,,,512108,966,expedient tool,NHW,11-0610,592,expedient tool,60,60,CCLF,CCLF-592
801021,12,2018-11-14,21:42:49,Geochem(2),,12,No,,,PPM,,,,0,5017,,,,65122,724,,,,259146,805,,,,0,96,,,,1745,41,,,,28393,101,,,,16421,65,TiO2,4785.88,141.678,2869,85,,,,115,10,,,,0,44,,,,404,15,,,,17938,78,,,,0,92,,,,28,4,,,,64,3,,,,61,2,,,,4,1,,,,0,6,,,,118,1,,,,406,2,,,,10,1,,,,181,2,,,,23,1,,,,16,1,,,,0,273,,,,0,329,,,,0,545,,,,0,726,,,,0,65,,,,0,46,,,,17,1,,,,0,122,,,,32,3,,,,5,1,,,,606879,1148,expedient tool,NHW,11-0610,602,expedient tool,60,60,CCLF,CCLF-602
801021,14,2018-11-14,21:52:01,Geochem(2),,14,No,,,PPM,,,,0,3276,,,,84482,637,,,,322222,739,,,,0,60,,,,987,30,,,,30308,86,,,,15406,52,TiO2,4862.88,124.587,2915,75,,,,131,9,,,,0,37,,,,414,13,,,,18484,67,,,,0,80,,,,21,3,,,,68,3,,,,61,2,,,,0,9,,,,0,5,,,,122,1,,,,429,2,,,,7,1,,,,175,1,,,,15,1,,,,4,1,,,,0,231,,,,0,278,,,,0,454,,,,0,605,,,,9,3,,,,0,41,,,,17,1,,,,0,103,,,,18,3,,,,4,1,,,,523700,999,formal tool,NHW,11-0610,604,formal tool,60,60,CCLF,CCLF-604
801021,13,2018-11-14,21:48:58,Geochem(2),,13,No,,,PPM,,,,0,2172,,,,95193,563,,,,357925,661,,,,655,35,,,,1066,25,,,,32031,76,,,,14683,45,TiO2,4922.73,110.727,2951,66,,,,125,8,,,,32,10,,,,450,12,,,,19295,59,,,,0,72,,,,15,2,,,,57,2,,,,64,2,,,,3,1,,,,0,4,,,,127,1,,,,440,2,,,,7,1,,,,182,1,,,,12,1,,,,0,36,,,,0,199,,,,0,236,,,,0,380,,,,0,503,,,,9,2,,,,0,36,,,,16,1,,,,0,88,,,,0,119,,,,4,1,,,,474657,869,formal tool,NHW,11-0610,605,formal tool,60,60,CCLF,CCLF-605
801021,15,2018-11-14,21:56:21,Geochem(2),,15,No,,,PPM,,,,0,2545,,,,90904,601,,,,343339,704,,,,0,51,,,,916,27,,,,30870,81,,,,15479,49,TiO2,4573.94,115.6,2742,69,,,,118,8,,,,0,34,,,,428,12,,,,18424,62,,,,0,76,,,,9,3,,,,65,3,,,,64,2,,,,3,1,,,,0,5,,,,125,1,,,,425,2,,,,7,1,,,,183,1,,,,15,1,,,,0,38,,,,0,216,,,,0,258,,,,0,422,,,,0,558,,,,0,53,,,,0,38,,,,16,1,,,,0,96,,,,10,2,,,,4,1,,,,495854,935,debitage-brf,NHW,11-0610,509a,debitage,60,60,CCLF,CCLF-509a
801021,16,2018-11-14,21:58:48,Geochem(2),,16,No,,,PPM,,,,0,3434,,,,81793,646,,,,324223,757,,,,0,63,,,,851,31,,,,32039,92,,,,15883,55,TiO2,4457.02,123.283,2672,74,,,,109,9,,,,0,36,,,,460,14,,,,18810,69,,,,0,82,,,,9,3,,,,61,3,,,,64,2,,,,0,9,,,,0,5,,,,128,1,,,,444,2,,,,10,1,,,,187,1,,,,21,1,,,,7,1,,,,0,231,,,,0,274,,,,0,436,,,,0,571,,,,0,57,,,,0,42,,,,18,1,,,,0,106,,,,23,3,,,,6,1,,,,522180,1021,debitage-brf,NHW,11-0610,509b,debitage,60,60,CCLF,CCLF-509b
801021,17,2018-11-14,22:02:50,Geochem(2),,17,No,,,PPM,,,,0,3008,,,,84904,615,,,,328184,726,,,,0,56,,,,1025,29,,,,30630,84,,,,14824,50,TiO2,4466.93,118.138,2678,71,,,,110,8,,,,0,36,,,,396,12,,,,17450,63,,,,0,77,,,,23,3,,,,68,3,,,,59,2,,,,0,9,,,,0,5,,,,121,1,,,,409,2,,,,8,1,,,,179,1,,,,16,1,,,,0,40,,,,0,226,,,,0,272,,,,0,446,,,,0,593,,,,11,3,,,,0,41,,,,17,1,,,,0,100,,,,16,3,,,,5,1,,,,518869,974,debitage-brf,NHW,11-0610,509c,debitage,60,60,CCLF,CCLF-509c
801021,18,2018-11-14,22:06:07,Geochem(2),,18,No,,,PPM,,,,0,2765,,,,85518,613,,,,333887,726,,,,0,54,,,,979,29,,,,30886,84,,,,14984,50,TiO2,4364.82,116.978,2616,70,,,,145,9,,,,0,36,,,,428,13,,,,17743,63,,,,0,76,,,,15,3,,,,61,3,,,,58,2,,,,0,9,,,,0,5,,,,122,1,,,,415,2,,,,9,1,,,,181,1,,,,17,1,,,,5,1,,,,0,224,,,,0,269,,,,0,440,,,,0,582,,,,10,3,,,,0,40,,,,17,1,,,,0,99,,,,13,3,,,,4,1,,,,511887,968,debitage-brf,NHW,11-0610,509d,debitage,60,60,CCLF,CCLF-509d
801021,8,2018-11-14,11:03:23,Geochem(2),,8,No,,,PPM,,,,0,4693,,,,74167,935,,,,325650,878,,,,202,60,,,,1046,45,,,,29756,111,,,,20220,81,TiO2,4993.26,120.853,2993,72,,,,128,8,,,,0,35,,,,413,12,,,,18944,68,,,,0,77,,,,16,3,,,,64,3,,,,63,2,,,,2,1,,,,0,5,,,,125,1,,,,440,2,,,,9,1,,,,178,1,,,,14,1,,,,4,1,,,,0,221,,,,0,265,,,,0,439,,,,0,585,,,,9,3,,,,0,40,,,,16,1,,,,0,98,,,,16,3,,,,5,1,,,,525518,1098,manuport,NHW,17-1055-006,5,manuport,60,24.8858,BVR,BVR-5
801021,9,2018-11-14,11:05:27,Geochem(2),,9,No,,,PPM,,,,0,2853,,,,88559,622,,,,335308,715,,,,1039,42,,,,807,28,,,,30656,82,,,,16418,52,TiO2,5153.73,122.074,3089,73,,,,142,9,,,,46,11,,,,433,13,,,,18501,64,,,,0,77,,,,16,3,,,,63,3,,,,56,2,,,,3,1,,,,0,5,,,,121,1,,,,444,2,,,,9,1,,,,179,1,,,,15,1,,,,0,39,,,,0,220,,,,0,265,,,,0,436,,,,0,583,,,,11,3,,,,0,39,,,,16,1,,,,0,97,,,,11,3,,,,0,66,,,,504060,956,core,NHW,17-1055-006,7,core,60,60,BVR,BVR-7
801021,10,2018-11-14,11:08:31,Geochem(2),,10,No,,,PPM,,,,0,4698,,,,69012,723,,,,283662,823,,,,0,86,,,,951,38,,,,28289,97,,,,16780,64,TiO2,4803.57,140.313,2879,84,,,,113,10,,,,0,42,,,,432,15,,,,18076,76,,,,0,90,,,,18,3,,,,63,3,,,,59,2,,,,5,1,,,,0,6,,,,122,1,,,,431,2,,,,10,1,,,,176,2,,,,24,1,,,,15,1,,,,0,268,,,,0,324,,,,0,533,,,,0,710,,,,10,3,,,,0,49,,,,15,1,,,,0,120,,,,31,3,,,,5,1,,,,578823,1141,expedient tool,NHW,17-1055-006,20,expedient tool,60,60,BVR,BVR-20
801021,11,2018-11-14,11:12:04,Geochem(2),,11,No,,,PPM,,,,0,3693,,,,76072,662,,,,311502,773,,,,0,67,,,,865,32,,,,30498,92,,,,15440,55,TiO2,4687.08,128.561,2809,77,,,,134,9,,,,0,39,,,,406,13,,,,18209,70,,,,0,83,,,,20,3,,,,72,3,,,,61,2,,,,3,1,,,,0,5,,,,125,1,,,,434,2,,,,10,1,,,,180,1,,,,20,1,,,,12,1,,,,0,244,,,,0,294,,,,0,484,,,,0,645,,,,12,3,,,,0,44,,,,17,1,,,,0,109,,,,23,3,,,,7,1,,,,543067,1048,formal tool,NHW,17-1055-006,23,formal tool,60,60,BVR,BVR-23
801021,12,2018-11-14,11:19:21,Geochem(2),,12,No,,,PPM,,,,0,4007,,,,73925,680,,,,301394,789,,,,0,73,,,,841,34,,,,30007,94,,,,15576,57,TiO2,4659.74,131.713,2793,79,,,,131,9,,,,0,40,,,,418,14,,,,18098,72,,,,0,86,,,,16,3,,,,58,3,,,,62,2,,,,3,1,,,,0,5,,,,120,1,,,,435,2,,,,10,1,,,,175,2,,,,22,1,,,,14,1,,,,0,251,,,,0,302,,,,0,498,,,,0,664,,,,9,3,,,,0,43,,,,16,1,,,,0,112,,,,23,3,,,,6,1,,,,555850,1078,debitage,NHW,17-1055-006,31,debitage,60,60,BVR,BVR-31
801021,13,2018-11-14,11:22:23,Geochem(2),,13,No,,,PPM,,,,0,3279,,,,84189,648,,,,319785,745,,,,0,61,,,,753,30,,,,29917,86,,,,17468,57,TiO2,5383.53,129.637,3227,78,,,,132,9,,,,39,12,,,,304,12,,,,18500,67,,,,0,81,,,,19,3,,,,85,3,,,,70,2,,,,0,9,,,,0,5,,,,87,1,,,,559,2,,,,6,1,,,,162,1,,,,14,1,,,,6,1,,,,0,233,,,,0,281,,,,0,460,,,,0,615,,,,0,58,,,,0,43,,,,16,1,,,,0,103,,,,10,3,,,,5,1,,,,524647,1011,expedient tool,NHW,17-1055-006,37,expedient tool,60,60,BVR,BVR-37
801021,16,2018-11-14,11:31:38,Geochem(2),,16,No,,,PPM,,,,0,4159,,,,72532,706,,,,300549,825,,,,0,78,,,,898,37,,,,29959,99,,,,16387,62,TiO2,4161.81,132.395,2495,79,,,,120,10,,,,0,41,,,,423,15,,,,18412,76,,,,0,90,,,,12,3,,,,58,3,,,,56,2,,,,3,1,,,,0,6,,,,122,1,,,,430,2,,,,10,1,,,,181,2,,,,23,1,,,,15,1,,,,0,259,,,,0,309,,,,0,493,,,,0,647,,,,14,3,,,,0,47,,,,15,1,,,,0,117,,,,25,3,,,,7,1,,,,557254,1128,debitage - BRF,NHW,17-1055-006,40,debitage,60,60,BVR,BVR-40
801021,15,2018-11-14,11:29:07,Geochem(2),,15,No,,,PPM,,,,0,2716,,,,88901,598,,,,349509,709,,,,0,51,,,,767,27,,,,30995,81,,,,15268,49,TiO2,4803.13,117.785,2879,71,,,,129,8,,,,44,11,,,,422,12,,,,18344,62,,,,0,75,,,,18,3,,,,56,3,,,,62,2,,,,0,9,,,,0,4,,,,122,1,,,,433,2,,,,8,1,,,,179,1,,,,14,1,,,,0,38,,,,0,218,,,,0,260,,,,0,429,,,,0,572,,,,11,3,,,,0,40,,,,18,1,,,,0,95,,,,0,128,,,,4,1,,,,491814,933,core,NHW,17-1055-006,42,core,60,60,BVR,BVR-42
801021,14,2018-11-14,11:26:16,Geochem(2),,14,No,,,PPM,,,,0,3919,,,,72975,662,,,,298847,770,,,,0,70,,,,917,33,,,,31239,95,,,,15359,56,TiO2,5079.47,132.445,3045,79,,,,128,9,,,,0,39,,,,448,14,,,,18506,71,,,,0,85,,,,23,3,,,,67,3,,,,65,2,,,,3,1,,,,0,5,,,,128,1,,,,436,2,,,,10,1,,,,185,2,,,,20,1,,,,10,1,,,,0,246,,,,0,297,,,,0,489,,,,0,650,,,,12,3,,,,0,43,,,,17,1,,,,0,110,,,,27,3,,,,6,1,,,,557530,1057,core,NHW,17-1055-006,44,core,60,60,BVR,BVR-44
801021,17,2018-11-14,11:35:11,Geochem(2),,17,No,,,PPM,,,,0,3560,,,,81686,657,,,,306920,747,,,,0,66,,,,884,31,,,,32528,94,,,,16065,56,TiO2,4703.39,126.72,2819,76,,,,117,9,,,,0,37,,,,319,12,,,,13672,57,,,,0,72,,,,22,3,,,,65,3,,,,51,2,,,,0,10,,,,0,5,,,,122,1,,,,424,2,,,,9,1,,,,179,1,,,,18,1,,,,8,1,,,,0,240,,,,0,289,,,,0,477,,,,0,636,,,,14,3,,,,0,43,,,,18,1,,,,0,107,,,,23,3,,,,0,71,,,,544036,1021,manuport,NHW,17-1055-006,45,manuport,60,60,BVR,BVR-45
801021,18,2018-11-14,11:37:54,Geochem(2),,18,No,,,PPM,,,,0,3647,,,,83624,696,,,,308751,780,,,,0,73,,,,951,34,,,,29402,91,,,,16321,58,TiO2,4543.93,131.535,2724,79,,,,147,10,,,,0,39,,,,475,15,,,,18432,72,,,,0,84,,,,22,3,,,,56,3,,,,64,2,,,,4,1,,,,0,5,,,,124,1,,,,423,2,,,,9,1,,,,187,2,,,,22,1,,,,9,1,,,,0,248,,,,0,299,,,,0,492,,,,0,654,,,,11,3,,,,0,44,,,,15,1,,,,0,109,,,,20,3,,,,6,1,,,,538201,1069,debitage,NHW,17-1055-006,48,debitage,60,60,BVR,BVR-48
801021,19,2018-11-14,11:40:38,Geochem(2),,19,No,,,PPM,,,,0,3075,,,,84061,618,,,,330802,729,,,,0,57,,,,827,29,,,,31488,86,,,,15768,52,TiO2,4850.14,122.354,2907,73,,,,134,9,,,,0,36,,,,435,13,,,,18546,65,,,,0,78,,,,20,3,,,,59,3,,,,61,2,,,,2,1,,,,0,5,,,,124,1,,,,441,2,,,,8,1,,,,178,1,,,,16,1,,,,0,40,,,,0,226,,,,0,272,,,,0,447,,,,0,597,,,,10,3,,,,0,41,,,,17,1,,,,0,100,,,,15,3,,,,6,1,,,,514072,977,expedient tool,NHW,17-1055-006,49,expedient tool,60,60,BVR,BVR-49
801021,20,2018-11-14,11:43:23,Geochem(2),,20,No,,,PPM,,,,0,4867,,,,69819,714,,,,278982,819,,,,0,89,,,,1010,38,,,,27408,96,,,,20583,73,TiO2,5504.64,147.13,3300,88,,,,147,10,,,,0,44,,,,441,15,,,,23243,92,,,,0,103,,,,38,4,,,,100,4,,,,68,2,,,,3,1,,,,0,6,,,,118,1,,,,478,3,,,,9,1,,,,165,2,,,,20,1,,,,16,1,,,,0,267,,,,0,323,,,,0,533,,,,0,708,,,,0,66,,,,0,49,,,,15,1,,,,0,119,,,,23,3,,,,5,1,,,,574010,1160,core,NHW,17-1055-006,54,core,60,60,BVR,BVR-54
801021,21,2018-11-14,11:45:57,Geochem(2),,21,No,,,PPM,,,,0,3716,,,,76625,652,,,,311977,773,,,,0,68,,,,915,32,,,,30407,92,,,,15485,55,TiO2,4798.86,129.732,2876,78,,,,132,9,,,,44,12,,,,411,14,,,,17954,69,,,,0,83,,,,21,3,,,,59,3,,,,57,2,,,,0,10,,,,0,5,,,,125,1,,,,430,2,,,,8,1,,,,176,1,,,,21,1,,,,10,1,,,,0,245,,,,0,294,,,,0,486,,,,0,646,,,,13,3,,,,0,43,,,,21,1,,,,0,109,,,,22,3,,,,5,1,,,,542207,1048,formal tool,NHW,17-1055-006,55,formal tool,60,60,BVR,BVR-55
801021,24,2018-11-14,11:55:09,Geochem(2),,24,No,,,PPM,,,,0,2823,,,,86289,596,,,,346774,715,,,,0,53,,,,865,28,,,,31652,83,,,,14975,49,TiO2,4723.35,118.432,2831,71,,,,130,8,,,,47,11,,,,407,12,,,,18394,63,,,,0,76,,,,15,3,,,,70,3,,,,61,2,,,,3,1,,,,0,5,,,,125,1,,,,437,2,,,,8,1,,,,183,1,,,,15,1,,,,0,39,,,,0,220,,,,0,265,,,,0,435,,,,0,582,,,,8,3,,,,0,39,,,,16,1,,,,0,97,,,,9,3,,,,4,1,,,,496680,944,core,NHW,17-1055-006,62,core,60,60,BVR,BVR-62
801021,29,2018-11-14,12:13:42,Geochem(2),,29,No,,,PPM,,,,0,2887,,,,90224,599,,,,340953,713,,,,0,52,,,,828,28,,,,25331,72,,,,17891,54,TiO2,5560.95,124.166,3333,74,,,,134,8,,,,35,11,,,,331,11,,,,18881,64,,,,0,77,,,,24,3,,,,101,3,,,,68,2,,,,3,1,,,,0,5,,,,88,1,,,,563,2,,,,5,1,,,,160,1,,,,11,1,,,,0,39,,,,0,219,,,,0,263,,,,0,434,,,,0,579,,,,10,3,,,,0,41,,,,14,1,,,,0,96,,,,0,131,,,,0,67,,,,501014,948,formal tool,NHW,17-1055-006,70,formal tool,60,60,BVR,BVR-70
801021,30,2018-11-14,12:25:31,Geochem(2),,30,No,,,PPM,,,,0,3349,,,,79648,620,,,,314250,729,,,,0,60,,,,1042,30,,,,31416,88,,,,15391,52,TiO2,4784.8,122.888,2868,74,,,,148,9,,,,51,12,,,,455,13,,,,18550,67,,,,0,80,,,,17,3,,,,74,3,,,,62,2,,,,4,1,,,,0,5,,,,127,1,,,,439,2,,,,9,1,,,,184,1,,,,18,1,,,,6,1,,,,0,229,,,,0,276,,,,0,455,,,,0,606,,,,14,3,,,,0,42,,,,15,1,,,,0,102,,,,15,3,,,,4,1,,,,535194,991,debitage,NHW,17-1055-006,72,debitage,60,60,BVR,BVR-72
801021,31,2018-11-14,12:29:15,Geochem(2),,31,No,,,PPM,,,,0,3944,,,,76373,663,,,,311119,790,,,,0,72,,,,901,34,,,,29623,92,,,,14716,55,TiO2,4534.37,130.281,2718,78,,,,130,9,,,,0,40,,,,413,14,,,,17138,69,,,,0,83,,,,22,3,,,,65,3,,,,58,2,,,,3,1,,,,0,6,,,,120,1,,,,415,2,,,,10,1,,,,179,2,,,,21,1,,,,9,1,,,,0,250,,,,0,302,,,,0,497,,,,0,665,,,,0,61,,,,0,46,,,,15,1,,,,0,111,,,,21,3,,,,0,74,,,,545930,1068,core - fine,NHW,17-1055-006,80,core,60,60,BVR,BVR-80
801021,33,2018-11-14,12:35:34,Geochem(2),,33,No,,,PPM,,,,0,3530,,,,77121,652,,,,285621,745,,,,167,41,,,,1018,32,,,,26618,84,,,,21877,68,TiO2,6342.58,140.413,3802,84,,,,141,9,,,,62,13,,,,492,14,,,,25710,89,,,,0,99,,,,39,3,,,,71,3,,,,72,2,,,,4,1,,,,0,5,,,,107,1,,,,531,2,,,,10,1,,,,175,2,,,,18,1,,,,8,1,,,,0,239,,,,0,289,,,,0,473,,,,0,631,,,,13,3,,,,0,42,,,,15,1,,,,0,107,,,,20,3,,,,5,1,,,,556285,1062,expedient tool,NHW,17-1055-006,90,expedient tool,60,60,BVR,BVR-90
801021,32,2018-11-14,12:32:56,Geochem(2),,32,No,,,PPM,,,,0,2551,,,,86515,594,,,,339713,710,,,,0,53,,,,858,27,,,,31562,83,,,,15352,50,TiO2,4922.84,119.355,2951,72,,,,135,8,,,,42,11,,,,429,12,,,,18602,63,,,,0,77,,,,22,3,,,,47,2,,,,65,2,,,,0,9,,,,0,5,,,,123,1,,,,430,2,,,,8,1,,,,182,1,,,,15,1,,,,0,39,,,,0,219,,,,0,263,,,,0,434,,,,0,579,,,,0,54,,,,0,39,,,,17,1,,,,0,97,,,,11,3,,,,5,1,,,,502915,945,formal tool,NHW,17-1055-006,91,formal tool,60,60,BVR,BVR-91
801021,34,2018-11-14,12:40:03,Geochem(2),,34,No,,,PPM,,,,0,3089,,,,83304,620,,,,335961,746,,,,0,59,,,,862,30,,,,30851,86,,,,14496,51,TiO2,4575.01,122.213,2742,73,,,,137,9,,,,37,12,,,,424,13,,,,17243,63,,,,0,78,,,,16,3,,,,55,3,,,,57,2,,,,3,1,,,,0,5,,,,120,1,,,,404,2,,,,8,1,,,,180,1,,,,18,1,,,,6,1,,,,0,231,,,,0,278,,,,0,461,,,,0,616,,,,14,3,,,,0,42,,,,16,1,,,,0,102,,,,10,3,,,,4,1,,,,513030,991,cobble tool,NHW,17-1055-006,109,cobble tool,60,60,BVR,BVR-109
801021,35,2018-11-14,12:50:44,Geochem(2),,35,No,,,PPM,,,,0,2483,,,,89164,598,,,,351123,719,,,,0,50,,,,799,28,,,,30984,82,,,,14428,48,TiO2,4669.43,118.051,2799,71,,,,136,8,,,,37,11,,,,383,12,,,,17287,60,,,,0,74,,,,19,3,,,,60,3,,,,56,2,,,,3,1,,,,0,5,,,,121,1,,,,418,2,,,,8,1,,,,176,1,,,,14,1,,,,0,39,,,,0,221,,,,0,265,,,,0,437,,,,0,584,,,,0,54,,,,0,40,,,,16,1,,,,0,97,,,,11,3,,,,4,1,,,,491954,944,formal tool,NHW,17-1055-006,110,formal tool,60,60,BVR,BVR-110
801021,36,2018-11-14,12:53:35,Geochem(2),,36,No,,,PPM,,,,0,2687,,,,89032,593,,,,345483,706,,,,0,50,,,,853,27,,,,31316,82,,,,15285,49,TiO2,4849.19,118.092,2907,71,,,,146,8,,,,0,35,,,,435,12,,,,18311,62,,,,0,76,,,,18,3,,,,69,3,,,,60,2,,,,3,1,,,,0,5,,,,125,1,,,,438,2,,,,7,1,,,,182,1,,,,15,1,,,,0,39,,,,0,217,,,,0,261,,,,0,431,,,,0,575,,,,10,3,,,,0,40,,,,16,1,,,,0,96,,,,12,3,,,,5,1,,,,495271,935,formal tool,NHW,17-1055-006,112,formal tool,60,60,BVR,BVR-112
801021,37,2018-11-14,12:57:17,Geochem(2),,37,No,,,PPM,,,,0,3035,,,,84675,606,,,,315999,701,,,,0,56,,,,1542,30,,,,30097,82,,,,22734,63,TiO2,4734.24,119.713,2838,72,,,,127,8,,,,35,11,,,,429,13,,,,17681,63,,,,0,76,,,,14,3,,,,60,3,,,,61,2,,,,2,1,,,,0,5,,,,124,1,,,,422,2,,,,9,1,,,,180,1,,,,16,1,,,,0,40,,,,0,223,,,,0,268,,,,0,441,,,,0,590,,,,0,55,,,,0,41,,,,16,1,,,,0,99,,,,15,3,,,,0,67,,,,522925,963,expedient tool,NHW,17-1055-006,114,expedient tool,60,60,BVR,BVR-114
801021,39,2018-11-14,13:04:25,Geochem(2),,39,No,,,PPM,,,,0,3326,,,,79733,633,,,,323150,757,,,,312,42,,,,1135,32,,,,29799,87,,,,19122,60,TiO2,5092.07,128.794,3052,77,,,,120,9,,,,0,37,,,,422,13,,,,22104,77,,,,0,89,,,,22,3,,,,73,3,,,,65,2,,,,3,1,,,,0,5,,,,115,1,,,,481,2,,,,7,1,,,,165,1,,,,17,1,,,,8,1,,,,0,231,,,,0,277,,,,0,444,,,,0,585,,,,10,3,,,,0,41,,,,15,1,,,,0,105,,,,17,3,,,,5,1,,,,520048,1029,debitage,NHW,17-1055-006,117,debitage,60,60,BVR,BVR-117
801021,38,2018-11-14,13:00:20,Geochem(2),,38,No,,,PPM,,,,0,2519,,,,88935,588,,,,338620,701,,,,255,36,,,,974,27,,,,25543,71,,,,19851,57,TiO2,5853.47,124.159,3509,74,,,,109,8,,,,41,11,,,,375,12,,,,21738,69,,,,0,82,,,,19,3,,,,96,3,,,,69,2,,,,0,8,,,,0,5,,,,86,1,,,,626,2,,,,5,1,,,,144,1,,,,8,1,,,,0,37,,,,0,213,,,,0,255,,,,0,416,,,,0,552,,,,0,53,,,,0,40,,,,15,1,,,,0,95,,,,0,129,,,,0,66,,,,498983,940,formal tool,NHW,17-1055-006,119,formal tool,60,60,BVR,BVR-119
801021,40,2018-11-14,13:08:01,Geochem(2),,40,No,,,PPM,,,,0,2974,,,,82046,633,,,,324053,745,,,,767,43,,,,1005,31,,,,31490,89,,,,16325,55,TiO2,4710.89,125.119,2824,75,,,,140,9,,,,40,12,,,,430,13,,,,17745,66,,,,0,79,,,,19,3,,,,66,3,,,,59,2,,,,0,9,,,,0,5,,,,123,1,,,,428,2,,,,8,1,,,,182,1,,,,19,1,,,,6,1,,,,0,234,,,,0,281,,,,0,465,,,,0,620,,,,11,3,,,,0,42,,,,18,1,,,,0,104,,,,15,3,,,,6,1,,,,522174,1006,formal tool,NHW,17-1055-006,130,formal tool,60,60,BVR,BVR-130
801021,41,2018-11-14,13:12:23,Geochem(2),,41,No,,,PPM,,,,0,3144,,,,83731,621,,,,326524,732,,,,0,59,,,,1221,30,,,,31944,88,,,,15999,53,TiO2,4482.64,120.284,2687,72,,,,122,9,,,,0,36,,,,430,13,,,,18696,66,,,,0,80,,,,12,3,,,,56,3,,,,59,2,,,,3,1,,,,0,5,,,,126,1,,,,436,2,,,,8,1,,,,182,1,,,,16,1,,,,5,1,,,,0,227,,,,0,272,,,,0,441,,,,0,582,,,,0,55,,,,0,40,,,,17,1,,,,0,102,,,,17,3,,,,0,69,,,,517710,988,debitage,NHW,17-1055-006,132,debitage,60,60,BVR,BVR-132
801021,42,2018-11-14,13:15:56,Geochem(2),,42,No,,,PPM,,,,0,3394,,,,78040,620,,,,309784,729,,,,0,63,,,,1386,31,,,,31602,89,,,,15830,53,TiO2,5131.28,126.001,3076,76,,,,163,9,,,,49,12,,,,457,13,,,,19434,69,,,,0,82,,,,20,3,,,,64,3,,,,67,2,,,,0,10,,,,0,5,,,,132,1,,,,444,2,,,,8,1,,,,191,1,,,,17,1,,,,10,1,,,,0,230,,,,0,277,,,,0,455,,,,0,606,,,,11,3,,,,0,41,,,,19,1,,,,0,102,,,,16,3,,,,8,1,,,,539173,998,core,NHW,17-1055-006,138,core,60,60,BVR,BVR-138
801021,43,2018-11-14,13:19:39,Geochem(2),,43,No,,,PPM,,,,0,2474,,,,87189,582,,,,337582,692,,,,235,35,,,,1226,28,,,,29878,78,,,,16362,50,TiO2,5035.82,117.559,3019,70,,,,152,8,,,,63,11,,,,440,12,,,,19160,63,,,,0,76,,,,22,3,,,,59,3,,,,65,2,,,,3,1,,,,0,5,,,,127,1,,,,442,2,,,,7,1,,,,177,1,,,,13,1,,,,0,38,,,,0,214,,,,0,257,,,,0,421,,,,0,565,,,,9,3,,,,0,39,,,,14,1,,,,0,94,,,,0,127,,,,5,1,,,,503752,925,core,NHW,17-1055-006,146,core,60,60,BVR,BVR-146
801021,44,2018-11-14,13:23:38,Geochem(2),,44,No,,,PPM,,,,0,3100,,,,83562,610,,,,325434,723,,,,1523,45,,,,865,29,,,,28784,81,,,,20175,60,TiO2,4996.1,123.383,2995,74,,,,130,9,,,,63,12,,,,398,13,,,,20890,71,,,,0,84,,,,26,3,,,,68,3,,,,61,2,,,,0,9,,,,0,5,,,,118,1,,,,472,2,,,,8,1,,,,165,1,,,,15,1,,,,5,1,,,,0,225,,,,0,271,,,,0,445,,,,0,592,,,,10,3,,,,0,42,,,,17,1,,,,0,100,,,,11,3,,,,0,68,,,,514207,982,expedient tool,NHW,17-1055-006,192,expedient tool,60,60,BVR,BVR-192
801021,103,2018-11-14,17:46:53,Geochem(2),,103,No,,,PPM,,,,0,3049,,,,87083,613,,,,326550,722,,,,381,39,,,,867,29,,,,27664,79,,,,21997,63,TiO2,5683.97,127.967,3407,77,,,,122,9,,,,64,12,,,,449,13,,,,25094,80,,,,0,92,,,,34,3,,,,74,3,,,,69,2,,,,2,1,,,,0,5,,,,107,1,,,,542,2,,,,9,1,,,,171,1,,,,15,1,,,,0,39,,,,0,221,,,,0,263,,,,0,426,,,,0,561,,,,0,54,,,,0,40,,,,14,1,,,,0,99,,,,13,3,,,,4,1,,,,505269,990,debitage-speckl,NHW,17-1055-006,195,debitage,60,60,BVR,BVR-195
801021,51,2018-11-14,13:55:58,Geochem(2),,51,No,,,PPM,,,,0,2401,,,,95862,574,,,,370205,690,,,,0,44,,,,859,26,,,,31110,77,,,,14558,47,TiO2,5022.9,116.137,3011,70,,,,153,8,,,,51,11,,,,432,12,,,,18133,59,,,,0,73,,,,23,3,,,,61,2,,,,62,2,,,,3,1,,,,0,5,,,,125,1,,,,430,2,,,,7,1,,,,182,1,,,,12,1,,,,0,37,,,,0,210,,,,0,253,,,,0,417,,,,0,558,,,,0,52,,,,0,38,,,,16,1,,,,0,92,,,,0,125,,,,0,63,,,,464705,894,expedient core,NHW,17-1055-006,211,expedient core,60,60,BVR,BVR-211
801021,52,2018-11-14,14:04:06,Geochem(2),,52,No,,,PPM,,,,0,3151,,,,80326,607,,,,324415,724,,,,0,57,,,,881,29,,,,30042,83,,,,16274,53,TiO2,4969.7,122.082,2979,73,,,,116,8,,,,64,12,,,,426,13,,,,19538,67,,,,0,80,,,,10,3,,,,58,3,,,,64,2,,,,3,1,,,,0,5,,,,128,1,,,,445,2,,,,9,1,,,,183,1,,,,18,1,,,,6,1,,,,0,222,,,,0,265,,,,0,433,,,,0,572,,,,0,55,,,,0,40,,,,16,1,,,,0,99,,,,13,3,,,,6,1,,,,523981,975,core,NHW,17-1055-006,212,core,60,60,BVR,BVR-212
801021,53,2018-11-14,14:06:41,Geochem(2),,53,No,,,PPM,,,,0,2718,,,,85700,575,,,,332331,686,,,,303,35,,,,725,25,,,,27134,73,,,,17855,52,TiO2,5158.49,116.956,3092,70,,,,150,8,,,,58,11,,,,150,9,,,,22023,69,,,,0,81,,,,23,3,,,,52,2,,,,64,2,,,,3,1,,,,0,5,,,,120,1,,,,469,2,,,,7,1,,,,158,1,,,,10,1,,,,0,37,,,,0,208,,,,0,250,,,,0,411,,,,0,547,,,,0,50,,,,0,37,,,,13,1,,,,0,92,,,,0,125,,,,0,64,,,,509560,922,core,NHW,17-1055-006,213,core,60,60,BVR,BVR-213
801021,54,2018-11-14,14:13:12,Geochem(2),,54,No,,,PPM,,,,0,2819,,,,85744,614,,,,314533,706,,,,197,37,,,,1028,29,,,,30240,83,,,,19314,58,TiO2,5592.66,126.242,3352,76,,,,154,9,,,,53,12,,,,447,13,,,,19769,68,,,,0,81,,,,28,3,,,,56,3,,,,57,2,,,,3,1,,,,0,5,,,,112,1,,,,475,2,,,,8,1,,,,162,1,,,,14,1,,,,0,39,,,,0,223,,,,0,268,,,,0,441,,,,0,590,,,,16,3,,,,0,41,,,,14,1,,,,0,98,,,,10,3,,,,5,1,,,,524209,972,manuport,NHW,17-1055-006,243,manuport,60,60,BVR,BVR-243
801021,55,2018-11-14,14:16:16,Geochem(2),,55,No,,,PPM,,,,0,3746,,,,77461,656,,,,312197,776,,,,0,69,,,,901,33,,,,30651,93,,,,15193,55,TiO2,4768.59,130.271,2858,78,,,,145,9,,,,0,38,,,,428,14,,,,17677,69,,,,0,83,,,,27,3,,,,66,3,,,,60,2,,,,0,10,,,,0,5,,,,124,1,,,,423,2,,,,9,1,,,,181,1,,,,19,1,,,,11,1,,,,0,246,,,,0,297,,,,0,490,,,,0,655,,,,11,3,,,,0,44,,,,15,1,,,,0,109,,,,20,3,,,,5,1,,,,541516,1053,core,NHW,17-1055-006,245,core,60,60,BVR,BVR-245
801021,60,2018-11-14,14:30:00,Geochem(2),,60,No,,,PPM,,,,0,4288,,,,74544,686,,,,300025,806,,,,0,77,,,,1024,36,,,,29965,97,,,,15378,59,TiO2,4701.29,135.926,2818,81,,,,127,10,,,,0,40,,,,402,14,,,,17294,72,,,,0,86,,,,24,3,,,,73,3,,,,58,2,,,,3,1,,,,0,6,,,,122,1,,,,417,2,,,,10,1,,,,183,2,,,,21,1,,,,13,1,,,,0,261,,,,0,315,,,,0,519,,,,0,692,,,,15,3,,,,0,46,,,,17,1,,,,0,116,,,,26,3,,,,5,1,,,,557436,1105,expedient tool,NHW,17-1055-006,245a,expedient tool,60,60,BVR,BVR-245a
801021,61,2018-11-14,14:33:07,Geochem(2),,61,No,,,PPM,,,,0,3099,,,,81259,607,,,,328995,727,,,,0,56,,,,948,29,,,,31495,86,,,,15488,51,TiO2,4996.9,123.172,2995,74,,,,133,9,,,,39,12,,,,436,13,,,,18737,66,,,,0,79,,,,22,3,,,,67,3,,,,62,2,,,,3,1,,,,0,5,,,,129,1,,,,434,2,,,,10,1,,,,189,1,,,,18,1,,,,7,1,,,,0,226,,,,0,272,,,,0,449,,,,0,597,,,,0,54,,,,0,39,,,,19,1,,,,0,101,,,,21,3,,,,0,67,,,,518494,974,formal tool,NHW,17-1055-006,250,formal tool,60,60,BVR,BVR-250
801021,62,2018-11-14,14:40:22,Geochem(2),,62,No,,,PPM,,,,0,2929,,,,85090,603,,,,316688,688,,,,194,36,,,,920,27,,,,39262,98,,,,17130,53,TiO2,4478,115.337,2684,69,,,,131,8,,,,36,11,,,,460,13,,,,18531,64,,,,0,77,,,,10,3,,,,53,2,,,,85,2,,,,0,9,,,,0,5,,,,125,1,,,,435,2,,,,7,1,,,,183,1,,,,15,1,,,,0,39,,,,0,216,,,,0,258,,,,0,416,,,,0,549,,,,0,54,,,,0,38,,,,17,1,,,,0,97,,,,11,3,,,,6,1,,,,517927,949,formal tool,NHW,17-1055-006,251,formal tool,60,60,BVR,BVR-251
801021,63,2018-11-14,14:44:43,Geochem(2),,63,No,,,PPM,,,,0,2826,,,,83784,645,,,,299775,703,,,,434,39,,,,1018,29,,,,53087,132,,,,17974,59,TiO2,4194.46,119.558,2514,72,,,,118,9,,,,74,12,,,,465,14,,,,18982,69,,,,0,82,,,,0,15,,,,38,2,,,,117,3,,,,3,1,,,,0,5,,,,120,1,,,,444,2,,,,9,1,,,,177,1,,,,18,1,,,,8,1,,,,0,226,,,,0,270,,,,0,430,,,,0,562,,,,0,58,,,,0,41,,,,16,1,,,,0,104,,,,15,3,,,,0,70,,,,520808,1009,formal tool,NHW,17-1055-006,252,formal tool,60,60,BVR,BVR-252
801021,64,2018-11-14,14:48:16,Geochem(2),,64,No,,,PPM,,,,0,2649,,,,83305,605,,,,320106,701,,,,660,39,,,,1016,28,,,,38076,97,,,,17728,55,TiO2,4535.59,117.582,2719,70,,,,102,8,,,,42,11,,,,480,13,,,,17595,62,,,,0,76,,,,18,3,,,,41,2,,,,72,2,,,,0,9,,,,0,5,,,,121,1,,,,418,2,,,,7,1,,,,187,1,,,,15,1,,,,0,39,,,,0,221,,,,0,264,,,,0,430,,,,0,567,,,,0,55,,,,0,39,,,,16,1,,,,0,98,,,,10,3,,,,0,66,,,,517266,960,formal tool,NHW,17-1055-006,253,formal tool,60,60,BVR,BVR-253
801021,67,2018-11-14,15:17:38,Geochem(2),,67,No,,,PPM,,,,0,3108,,,,82870,604,,,,321132,718,,,,0,57,,,,854,28,,,,30480,84,,,,15016,50,TiO2,4443.22,116.594,2663,70,,,,133,8,,,,0,35,,,,440,13,,,,17188,62,,,,0,76,,,,17,3,,,,54,3,,,,61,2,,,,3,1,,,,0,5,,,,124,1,,,,416,2,,,,9,1,,,,184,1,,,,18,1,,,,6,1,,,,0,225,,,,0,271,,,,0,448,,,,0,598,,,,0,55,,,,0,39,,,,14,1,,,,0,99,,,,10,3,,,,5,1,,,,528306,970,expedient tool,NHW,17-1055-006,263,expedient tool,60,60,BVR,BVR-263
801021,68,2018-11-14,15:20:37,Geochem(2),,68,No,,,PPM,,,,0,3168,,,,80130,611,,,,318925,729,,,,0,58,,,,847,29,,,,31040,87,,,,14589,50,TiO2,4686.93,120.471,2809,72,,,,132,9,,,,45,11,,,,426,13,,,,17819,64,,,,0,79,,,,17,3,,,,62,3,,,,60,2,,,,0,9,,,,0,5,,,,123,1,,,,416,2,,,,9,1,,,,177,1,,,,17,1,,,,5,1,,,,0,228,,,,0,275,,,,0,454,,,,0,606,,,,10,3,,,,0,41,,,,17,1,,,,0,102,,,,16,3,,,,0,68,,,,532308,984,formal tool,NHW,17-1055-006,266,formal tool,60,60,BVR,BVR-266
801021,69,2018-11-14,15:24:07,Geochem(2),,69,No,,,PPM,,,,0,4061,,,,74168,662,,,,282659,757,,,,0,76,,,,918,32,,,,27744,88,,,,22192,70,TiO2,6642.13,144.79,3981,87,,,,160,10,,,,68,13,,,,568,15,,,,28351,97,,,,0,106,,,,42,4,,,,79,3,,,,80,2,,,,3,1,,,,0,6,,,,115,1,,,,571,3,,,,11,1,,,,180,2,,,,19,1,,,,11,1,,,,0,242,,,,0,292,,,,0,482,,,,0,641,,,,0,61,,,,0,45,,,,17,1,,,,0,109,,,,22,3,,,,0,73,,,,558038,1087,core,NHW,17-1055-006,269,core,60,60,BVR,BVR-269
801021,70,2018-11-14,15:28:16,Geochem(2),,70,No,,,PPM,,,,0,3672,,,,68003,577,,,,273876,719,,,,0,67,,,,818,28,,,,27496,84,,,,13715,50,TiO2,4344.68,113.996,2604,68,,,,128,8,,,,0,38,,,,413,12,,,,16212,63,,,,0,82,,,,16,3,,,,56,3,,,,56,2,,,,3,1,,,,0,5,,,,110,1,,,,381,2,,,,8,1,,,,163,1,,,,19,1,,,,8,1,,,,0,241,,,,0,290,,,,0,478,,,,0,638,,,,0,59,,,,0,43,,,,16,1,,,,0,107,,,,16,2,,,,6,1,,,,595879,1003,debitage-ctx,NHW,17-1055-006,271,debitage,60,60,BVR,BVR-271
801021,72,2018-11-14,15:36:10,Geochem(2),,72,No,,,PPM,,,,0,2658,,,,91722,593,,,,354580,704,,,,0,48,,,,883,27,,,,31492,81,,,,15618,49,TiO2,4291.96,112.804,2573,68,,,,113,8,,,,0,34,,,,410,12,,,,18369,61,,,,0,75,,,,0,14,,,,46,2,,,,60,2,,,,3,1,,,,0,4,,,,124,1,,,,433,2,,,,7,1,,,,178,1,,,,14,1,,,,0,38,,,,0,212,,,,0,252,,,,0,405,,,,0,533,,,,0,52,,,,0,38,,,,16,1,,,,0,95,,,,10,2,,,,0,65,,,,483350,926,expedient tool,NHW,17-1055-006,283,expedient tool,60,60,BVR,BVR-283
801021,71,2018-11-14,15:32:39,Geochem(2),,71,No,,,PPM,,,,0,3371,,,,82543,634,,,,322894,749,,,,0,60,,,,817,30,,,,30457,88,,,,15126,53,TiO2,4637.38,124.014,2780,74,,,,121,9,,,,53,12,,,,421,13,,,,17654,66,,,,0,79,,,,23,3,,,,62,3,,,,61,2,,,,4,1,,,,0,5,,,,123,1,,,,421,2,,,,7,1,,,,179,1,,,,19,1,,,,6,1,,,,0,235,,,,0,283,,,,22,7,,,,0,621,,,,12,3,,,,0,43,,,,15,1,,,,0,104,,,,15,3,,,,6,1,,,,526158,1009,formal tool,NHW,17-1055-006,296,formal tool,60,60,BVR,BVR-296
801021,83,2018-11-14,16:41:33,Geochem(2),,83,No,,,PPM,,,,0,3267,,,,85306,666,,,,310181,758,,,,357,43,,,,885,32,,,,29657,89,,,,20689,65,TiO2,5096.74,132.329,3055,79,,,,127,9,,,,45,12,,,,254,12,,,,16843,66,,,,0,80,,,,23,3,,,,68,3,,,,50,2,,,,0,9,,,,0,5,,,,113,1,,,,463,2,,,,7,1,,,,162,1,,,,16,1,,,,5,1,,,,0,244,,,,0,294,,,,0,484,,,,0,647,,,,15,3,,,,0,45,,,,14,1,,,,0,108,,,,16,3,,,,0,72,,,,531650,1046,manuport,NHW,17-1055-006,299,manuport,60,60,BVR,BVR-299
801021,82,2018-11-14,16:39:04,Geochem(2),,82,No,,,PPM,,,,0,3521,,,,77846,663,,,,299417,768,,,,0,71,,,,924,33,,,,28144,88,,,,20350,66,TiO2,5574.76,137.141,3342,82,,,,143,9,,,,0,41,,,,482,14,,,,23393,84,,,,0,96,,,,32,3,,,,55,3,,,,69,2,,,,0,10,,,,0,5,,,,106,1,,,,510,2,,,,10,1,,,,169,2,,,,18,1,,,,12,1,,,,0,244,,,,0,294,,,,0,485,,,,0,646,,,,0,60,,,,5,2,,,,17,1,,,,0,109,,,,22,3,,,,0,74,,,,544936,1073,exped tool grey,NHW,17-1055-006,302,exped tool grey,60,60,BVR,BVR-302
801021,81,2018-11-14,16:36:27,Geochem(2),,81,No,,,PPM,,,,0,2963,,,,89623,616,,,,331064,715,,,,0,56,,,,779,28,,,,29412,81,,,,19186,57,TiO2,5019.53,122.035,3009,73,,,,137,9,,,,68,12,,,,393,12,,,,20490,69,,,,0,82,,,,25,3,,,,75,3,,,,59,2,,,,3,1,,,,0,5,,,,115,1,,,,483,2,,,,7,1,,,,166,1,,,,13,1,,,,0,39,,,,0,223,,,,0,268,,,,0,440,,,,0,589,,,,14,3,,,,0,41,,,,13,1,,,,0,98,,,,9,3,,,,0,67,,,,504856,968,exped tool grey,NHW,17-1055-006,303,exped tool grey,60,60,BVR,BVR-303
801021,84,2018-11-14,16:44:13,Geochem(2),,84,No,,,PPM,,,,0,3751,,,,79615,662,,,,318056,783,,,,0,66,,,,885,33,,,,30528,92,,,,14751,54,TiO2,4541.7,128.923,2722,77,,,,121,9,,,,50,12,,,,401,14,,,,17633,69,,,,0,83,,,,23,3,,,,59,3,,,,59,2,,,,4,1,,,,0,5,,,,121,1,,,,411,2,,,,9,1,,,,179,1,,,,20,1,,,,7,1,,,,0,247,,,,0,297,,,,0,491,,,,0,654,,,,9,3,,,,0,45,,,,16,1,,,,0,109,,,,19,3,,,,6,1,,,,534296,1057,expedient tool,NHW,17-1055-006,321,expedient tool,60,60,BVR,BVR-321
801021,85,2018-11-14,16:48:38,Geochem(2),,85,No,,,PPM,,,,0,3581,,,,79794,649,,,,315855,760,,,,0,66,,,,885,32,,,,30567,90,,,,15832,55,TiO2,4894.46,129.036,2934,77,,,,145,9,,,,58,13,,,,438,14,,,,18595,69,,,,0,82,,,,19,3,,,,63,3,,,,57,2,,,,3,1,,,,0,5,,,,126,1,,,,434,2,,,,10,1,,,,181,1,,,,19,1,,,,9,1,,,,0,240,,,,0,289,,,,0,477,,,,0,634,,,,14,3,,,,0,43,,,,17,1,,,,0,106,,,,20,3,,,,5,1,,,,533920,1031,core,NHW,17-1055-006,333,core,60,60,BVR,BVR-333
801021,86,2018-11-14,16:51:19,Geochem(2),,86,No,,,PPM,,,,0,3343,,,,77985,643,,,,301109,747,,,,0,68,,,,871,31,,,,26782,83,,,,19464,62,TiO2,4986.8,128.867,2989,77,,,,140,9,,,,50,12,,,,266,12,,,,18870,70,,,,0,83,,,,20,3,,,,58,3,,,,66,2,,,,4,1,,,,0,5,,,,108,1,,,,461,2,,,,9,1,,,,148,1,,,,15,1,,,,9,1,,,,0,239,,,,0,287,,,,0,474,,,,0,630,,,,0,59,,,,0,43,,,,16,1,,,,0,106,,,,21,3,,,,0,72,,,,550537,1030,core,NHW,17-1055-006,336,core,60,60,BVR,BVR-336
801021,87,2018-11-14,16:54:08,Geochem(2),,87,No,,,PPM,,,,0,3198,,,,91552,637,,,,313339,720,,,,151,38,,,,945,29,,,,28045,81,,,,19689,60,TiO2,6053.56,132.125,3629,79,,,,140,9,,,,54,12,,,,425,13,,,,22382,75,,,,0,88,,,,30,3,,,,61,3,,,,66,2,,,,3,1,,,,0,5,,,,104,1,,,,508,2,,,,9,1,,,,164,1,,,,14,1,,,,0,40,,,,0,227,,,,0,273,,,,0,450,,,,0,600,,,,9,3,,,,0,42,,,,15,1,,,,0,100,,,,11,3,,,,0,69,,,,518654,1000,core,NHW,17-1055-006,346,core,60,60,BVR,BVR-346
801021,80,2018-11-14,16:32:58,Geochem(2),,80,No,,,PPM,,,,0,3137,,,,78986,631,,,,317847,748,,,,0,61,,,,838,30,,,,29486,86,,,,15849,54,TiO2,4987.88,126.567,2990,76,,,,122,9,,,,0,36,,,,450,13,,,,18256,67,,,,0,80,,,,16,3,,,,60,3,,,,59,2,,,,0,9,,,,0,5,,,,123,1,,,,423,2,,,,8,1,,,,178,1,,,,19,1,,,,7,1,,,,0,235,,,,0,282,,,,0,465,,,,0,620,,,,0,58,,,,0,43,,,,17,1,,,,0,103,,,,16,3,,,,0,70,,,,534251,1010,core,NHW,17-1055-006,347,core,60,60,BVR,BVR-347
801021,88,2018-11-14,16:57:06,Geochem(2),,88,No,,,PPM,,,,0,3057,,,,84277,613,,,,334231,729,,,,0,57,,,,861,29,,,,31533,86,,,,15164,51,TiO2,4918,122.83,2948,74,,,,142,9,,,,38,11,,,,435,13,,,,18264,65,,,,0,78,,,,21,3,,,,62,3,,,,60,2,,,,3,1,,,,0,5,,,,123,1,,,,432,2,,,,10,1,,,,183,1,,,,16,1,,,,4,1,,,,0,225,,,,0,271,,,,0,448,,,,0,597,,,,0,54,,,,0,40,,,,16,1,,,,0,100,,,,14,3,,,,5,1,,,,511160,974,core,NHW,17-1055-006,357,core,60,60,BVR,BVR-357
801021,89,2018-11-14,17:01:26,Geochem(2),,89,No,,,PPM,,,,0,2698,,,,87139,586,,,,349022,706,,,,0,51,,,,822,27,,,,31507,81,,,,15042,49,TiO2,4781.76,117.233,2866,70,,,,145,8,,,,35,11,,,,406,12,,,,18476,62,,,,0,75,,,,22,3,,,,63,3,,,,63,2,,,,3,1,,,,0,5,,,,126,1,,,,430,2,,,,8,1,,,,181,1,,,,16,1,,,,0,38,,,,0,216,,,,0,260,,,,0,429,,,,0,573,,,,14,3,,,,0,40,,,,16,1,,,,0,96,,,,11,3,,,,4,1,,,,493583,930,expedient tool,NHW,17-1055-006,358,expedient tool,60,60,BVR,BVR-358
801021,90,2018-11-14,17:04:11,Geochem(2),,90,No,,,PPM,,,,0,2835,,,,84896,592,,,,338241,709,,,,0,51,,,,864,27,,,,31366,83,,,,15281,49,TiO2,5133.94,120.779,3077,72,,,,141,8,,,,68,12,,,,445,13,,,,19019,64,,,,0,78,,,,20,3,,,,58,3,,,,62,2,,,,3,1,,,,0,5,,,,126,1,,,,438,2,,,,7,1,,,,183,1,,,,15,1,,,,4,1,,,,0,219,,,,0,264,,,,0,435,,,,0,582,,,,13,3,,,,0,39,,,,18,1,,,,0,97,,,,12,3,,,,6,1,,,,505638,945,formal tool,NHW,17-1055-006,359,formal tool,60,60,BVR,BVR-359
801021,91,2018-11-14,17:07:50,Geochem(2),,91,No,,,PPM,,,,0,3210,,,,83893,631,,,,315149,727,,,,0,60,,,,884,29,,,,34124,94,,,,15636,53,TiO2,4949.5,124.913,2967,75,,,,145,9,,,,0,36,,,,436,13,,,,18021,66,,,,0,79,,,,19,3,,,,59,3,,,,104,2,,,,0,9,,,,0,5,,,,126,1,,,,430,2,,,,9,1,,,,184,1,,,,20,1,,,,9,1,,,,0,231,,,,0,278,,,,23,7,,,,0,608,,,,9,3,,,,0,42,,,,19,1,,,,0,102,,,,16,3,,,,0,69,,,,527719,996,formal tool,NHW,17-1055-006,360,formal tool,60,60,BVR,BVR-360
801021,92,2018-11-14,17:10:23,Geochem(2),,92,No,,,PPM,,,,0,2510,,,,90655,579,,,,357201,696,,,,346,36,,,,772,26,,,,31114,79,,,,15008,48,TiO2,4802.92,115.644,2879,69,,,,125,8,,,,56,11,,,,440,12,,,,18000,60,,,,0,73,,,,18,3,,,,57,2,,,,59,2,,,,0,9,,,,0,5,,,,123,1,,,,430,2,,,,9,1,,,,181,1,,,,14,1,,,,0,38,,,,0,213,,,,0,255,,,,22,7,,,,0,562,,,,8,3,,,,0,38,,,,16,1,,,,0,94,,,,9,2,,,,5,1,,,,482451,911,formal tool,NHW,17-1055-006,361,formal tool,60,60,BVR,BVR-361
801021,97,2018-11-14,17:30:36,Geochem(2),,97,No,,,PPM,,,,0,3969,,,,73698,656,,,,301933,772,,,,0,71,,,,901,33,,,,30735,94,,,,16264,58,TiO2,4815.55,131.144,2887,79,,,,121,9,,,,39,12,,,,438,14,,,,19190,73,,,,0,86,,,,20,3,,,,58,3,,,,65,2,,,,3,1,,,,0,5,,,,128,1,,,,443,2,,,,9,1,,,,182,2,,,,21,1,,,,11,1,,,,0,246,,,,0,297,,,,0,490,,,,0,651,,,,12,3,,,,0,44,,,,19,1,,,,0,110,,,,23,3,,,,6,1,,,,552795,1059,expedient tool,NHW,17-1055-006,402,expedient tool,60,60,BVR,BVR-402
801021,98,2018-11-14,17:33:23,Geochem(2),,98,No,,,PPM,,,,0,3349,,,,77874,617,,,,306206,720,,,,0,61,,,,766,29,,,,30314,86,,,,14264,50,TiO2,5081.58,123.818,3046,74,,,,144,9,,,,0,36,,,,1334,20,,,,17868,65,,,,0,77,,,,21,3,,,,43,2,,,,87,2,,,,3,1,,,,0,5,,,,133,1,,,,428,2,,,,9,1,,,,176,1,,,,18,1,,,,0,40,,,,0,226,,,,0,272,,,,0,448,,,,0,599,,,,0,57,,,,0,42,,,,13,1,,,,0,100,,,,14,3,,,,0,68,,,,547240,982,exped tool grey,NHW,17-1055-006,403,exped tool grey,60,60,BVR,BVR-403
801021,94,2018-11-14,17:20:11,Geochem(2),,94,No,,,PPM,,,,29203,2449,,,,80167,678,,,,254321,924,,,,727,42,,,,908,29,,,,19437,81,,,,39434,143,TiO2,11122,166.543,6667,100,,,,136,9,,,,487,17,,,,994,19,,,,57532,214,,,,0,141,,,,186,5,,,,68,3,,,,111,3,,,,0,7,,,,0,5,,,,37,1,,,,789,4,,,,18,1,,,,119,2,,,,20,1,,,,0,36,,,,0,208,,,,0,251,,,,0,411,,,,0,549,,,,13,3,,,,0,40,,,,8,1,,,,0,93,,,,0,128,,,,0,65,,,,508617,1690,grey,NHW,17-1055-006,418,grey,60,60,BVR,BVR-418
801021,96,2018-11-14,17:27:02,Geochem(2),,96,No,,,PPM,,,,0,2378,,,,89450,585,,,,353329,702,,,,0,48,,,,744,26,,,,30882,80,,,,16102,50,TiO2,4638.15,115.193,2780,69,,,,136,8,,,,0,34,,,,405,12,,,,18666,62,,,,0,75,,,,14,3,,,,54,2,,,,64,2,,,,4,1,,,,0,5,,,,124,1,,,,436,2,,,,8,1,,,,177,1,,,,14,1,,,,0,38,,,,0,213,,,,0,255,,,,0,415,,,,0,552,,,,0,52,,,,0,37,,,,15,1,,,,9,3,,,,0,127,,,,0,65,,,,486586,923,core,NHW,17-1055-006,425,core,60,60,BVR,BVR-425
801021,95,2018-11-14,17:23:52,Geochem(2),,95,No,,,PPM,,,,0,3445,,,,72252,614,,,,316894,751,,,,0,64,,,,950,31,,,,29425,86,,,,16239,54,TiO2,4628.96,123.723,2775,74,,,,131,9,,,,38,12,,,,401,13,,,,18234,67,,,,0,81,,,,20,3,,,,57,3,,,,62,2,,,,0,9,,,,0,5,,,,124,1,,,,424,2,,,,9,1,,,,176,1,,,,20,1,,,,8,1,,,,0,235,,,,0,282,,,,0,465,,,,0,621,,,,9,3,,,,0,40,,,,17,1,,,,0,104,,,,19,3,,,,6,1,,,,541709,1006,formal tool,NHW,17-1055-006,441,formal tool,60,60,BVR,BVR-441
801021,93,2018-11-14,17:16:48,Geochem(2),,93,No,,,PPM,,,,269622,2248,,,,22356,398,,,,245659,878,,,,0,45,,,,698,21,,,,0,71,,,,927,15,TiO2,0,128.806,0,77,,,,19,5,,,,1570,20,,,,1220,17,,,,47488,171,,,,0,105,,,,2497,15,,,,44,3,,,,39,1,,,,7,1,,,,0,3,,,,0,5,,,,5,0,,,,0,9,,,,0,13,,,,0,19,,,,0,27,,,,0,163,,,,0,195,,,,0,319,,,,0,423,,,,0,39,,,,0,29,,,,0,21,,,,19,2,,,,0,87,,,,0,36,,,,407830,1460,deb obsidian,NHW,17-1055-006,448,debitage,60,60,BVR,BVR-448
801021,45,2018-11-14,13:26:34,Geochem(2),,45,No,,,PPM,,,,0,3968,,,,77776,703,,,,262371,769,,,,1238,51,,,,997,35,,,,22673,82,,,,30161,94,TiO2,9556.02,171.545,5728,103,,,,130,10,,,,73,14,,,,849,19,,,,37057,126,,,,0,126,,,,43,4,,,,59,3,,,,80,3,,,,0,9,,,,0,6,,,,81,1,,,,624,3,,,,14,1,,,,181,2,,,,23,1,,,,10,1,,,,0,249,,,,0,300,,,,0,488,,,,0,648,,,,0,64,,,,6,2,,,,14,1,,,,0,111,,,,17,3,,,,0,74,,,,559794,1169,deb rough,NHW,17-1055-006,188a,debitage,60,60,BVR,BVR-188a
801021,46,2018-11-14,13:31:46,Geochem(2),,46,No,,,PPM,,,,0,3142,,,,82256,612,,,,324667,724,,,,1922,47,,,,840,29,,,,30484,85,,,,16676,54,TiO2,4677.8,120.9,2804,72,,,,139,9,,,,0,36,,,,426,13,,,,18462,65,,,,0,79,,,,18,3,,,,58,3,,,,62,2,,,,3,1,,,,0,5,,,,126,1,,,,424,2,,,,9,1,,,,183,1,,,,18,1,,,,6,1,,,,0,226,,,,0,270,,,,0,445,,,,0,589,,,,10,3,,,,0,42,,,,17,1,,,,0,100,,,,13,3,,,,0,68,,,,520376,978,debitage,NHW,17-1055-006,188b,debitage,60,60,BVR,BVR-188b
801021,47,2018-11-14,13:35:10,Geochem(2),,47,No,,,PPM,,,,0,3198,,,,80332,635,,,,296767,730,,,,190,39,,,,1009,30,,,,30408,89,,,,18166,59,TiO2,7368.78,143.092,4417,86,,,,149,9,,,,38,12,,,,387,13,,,,29160,93,,,,0,102,,,,45,3,,,,158,4,,,,63,2,,,,6,1,,,,0,5,,,,114,1,,,,686,3,,,,12,1,,,,196,2,,,,22,1,,,,6,1,,,,0,227,,,,0,274,,,,0,450,,,,0,600,,,,9,3,,,,0,41,,,,15,1,,,,0,104,,,,16,3,,,,0,72,,,,537629,1037,cortex,NHW,17-1055-006,199a,debitage,60,60,BVR,BVR-199a
801021,48,2018-11-14,13:38:23,Geochem(2),,48,No,,,PPM,,,,0,3883,,,,67157,668,,,,258521,746,,,,730,46,,,,1023,33,,,,26934,90,,,,29114,89,TiO2,7118.07,151.053,4267,91,,,,148,10,,,,71,13,,,,391,14,,,,30710,107,,,,0,114,,,,59,4,,,,111,4,,,,76,2,,,,3,1,,,,0,6,,,,115,1,,,,718,3,,,,16,1,,,,196,2,,,,24,1,,,,11,1,,,,0,247,,,,0,299,,,,0,490,,,,0,655,,,,13,3,,,,0,45,,,,16,1,,,,0,113,,,,24,3,,,,0,79,,,,579552,1115,nocortex,NHW,17-1055-006,199b,debitage,60,60,BVR,BVR-199b
801021,4,2018-11-14,10:49:54,Geochem(2),,4,No,,,PPM,,,,0,2690,,,,79454,603,,,,362374,730,,,,982,43,,,,1000,29,,,,34468,87,,,,17698,53,TiO2,4941.25,119.962,2962,72,,,,115,8,,,,42,11,,,,445,13,,,,20039,66,,,,0,80,,,,12,3,,,,47,2,,,,75,2,,,,4,1,,,,0,5,,,,131,1,,,,449,2,,,,8,1,,,,190,1,,,,17,1,,,,0,39,,,,0,213,,,,0,253,,,,0,407,,,,0,533,,,,0,53,,,,0,38,,,,16,1,,,,0,98,,,,16,3,,,,0,67,,,,479459,947,formal tool,NHW,17-1055-006,1a,formal tool,60,60,BVR,BVR-1a
801021,5,2018-11-14,10:52:33,Geochem(2),,5,No,,,PPM,,,,0,2688,,,,86777,652,,,,301136,666,,,,890,45,,,,1057,31,,,,35010,94,,,,17814,57,TiO2,4760.96,125.046,2854,75,,,,112,9,,,,0,34,,,,444,13,,,,19336,68,,,,0,75,,,,12,3,,,,44,3,,,,74,2,,,,0,9,,,,0,5,,,,131,1,,,,458,2,,,,8,1,,,,190,1,,,,15,1,,,,0,39,,,,0,217,,,,0,258,,,,0,419,,,,0,554,,,,0,54,,,,0,39,,,,19,1,,,,0,97,,,,14,3,,,,0,65,,,,533604,953,formal tool,NHW,17-1055-006,1b,formal tool,60,60,BVR,BVR-1b
801021,49,2018-11-14,13:42:41,Geochem(2),,49,No,,,PPM,,,,0,3072,,,,80725,601,,,,324590,718,,,,0,56,,,,776,28,,,,30892,84,,,,16060,52,TiO2,5022.52,122.055,3011,73,,,,143,9,,,,0,36,,,,438,13,,,,18935,66,,,,0,79,,,,24,3,,,,71,3,,,,66,2,,,,3,1,,,,0,5,,,,128,1,,,,456,2,,,,8,1,,,,182,1,,,,17,1,,,,5,1,,,,0,223,,,,0,268,,,,0,444,,,,0,590,,,,10,3,,,,0,40,,,,18,1,,,,0,99,,,,14,3,,,,4,1,,,,523425,967,debitage,NHW,17-1055-006,206a,debitage,60,60,BVR,BVR-206a
801021,50,2018-11-14,13:45:26,Geochem(2),,50,No,,,PPM,,,,0,3074,,,,84992,611,,,,334444,729,,,,0,55,,,,834,29,,,,30673,84,,,,15281,51,TiO2,4747.74,121.187,2846,73,,,,112,8,,,,0,36,,,,413,13,,,,18398,65,,,,0,78,,,,15,3,,,,52,3,,,,61,2,,,,4,1,,,,0,5,,,,124,1,,,,417,2,,,,8,1,,,,179,1,,,,17,1,,,,0,40,,,,0,224,,,,0,269,,,,0,440,,,,0,582,,,,9,3,,,,0,40,,,,16,1,,,,0,100,,,,13,3,,,,0,67,,,,511093,973,debitage,NHW,17-1055-006,206b,debitage,60,60,BVR,BVR-206b
801021,56,2018-11-14,14:19:06,Geochem(2),,56,No,,,PPM,,,,0,3110,,,,81538,607,,,,330031,729,,,,0,56,,,,803,28,,,,31324,86,,,,15758,52,TiO2,5029.67,123.113,3015,74,,,,113,8,,,,56,12,,,,438,13,,,,19667,68,,,,0,81,,,,21,3,,,,67,3,,,,65,2,,,,3,1,,,,0,5,,,,130,1,,,,453,2,,,,9,1,,,,182,1,,,,16,1,,,,0,40,,,,0,223,,,,0,267,,,,0,436,,,,0,578,,,,9,3,,,,0,40,,,,17,1,,,,0,100,,,,14,3,,,,5,1,,,,516264,977,debitage,NHW,17-1055-006,239a,debitage,60,60,BVR,BVR-239a
801021,57,2018-11-14,14:21:27,Geochem(2),,57,No,,,PPM,,,,0,3308,,,,80780,620,,,,318065,732,,,,0,59,,,,826,29,,,,31166,88,,,,16419,54,TiO2,5100.07,125.626,3057,75,,,,130,9,,,,0,37,,,,463,13,,,,19437,69,,,,0,81,,,,14,3,,,,63,3,,,,67,2,,,,3,1,,,,0,5,,,,129,1,,,,451,2,,,,8,1,,,,183,1,,,,18,1,,,,8,1,,,,0,229,,,,0,276,,,,0,453,,,,0,604,,,,9,3,,,,0,42,,,,17,1,,,,0,102,,,,18,3,,,,6,1,,,,528663,995,debitage,NHW,17-1055-006,239b,debitage,60,60,BVR,BVR-239b
801021,58,2018-11-14,14:23:56,Geochem(2),,58,No,,,PPM,,,,0,2847,,,,80690,601,,,,313853,711,,,,196,37,,,,832,28,,,,27163,78,,,,17732,55,TiO2,4878.37,119.97,2924,72,,,,143,8,,,,44,11,,,,447,13,,,,23176,75,,,,0,86,,,,22,3,,,,97,3,,,,69,2,,,,0,9,,,,0,5,,,,129,1,,,,444,2,,,,6,1,,,,162,1,,,,11,1,,,,5,1,,,,0,220,,,,0,264,,,,0,437,,,,0,582,,,,0,53,,,,0,39,,,,16,1,,,,0,97,,,,13,3,,,,5,1,,,,531822,972,debitage-grey,NHW,17-1055-006,239c,debitage,60,60,BVR,BVR-239c
801021,59,2018-11-14,14:26:51,Geochem(2),,59,No,,,PPM,,,,0,3424,,,,71879,612,,,,321053,759,,,,0,63,,,,873,31,,,,28103,84,,,,17652,57,TiO2,5264.4,129.534,3156,78,,,,138,9,,,,67,12,,,,267,12,,,,19391,70,,,,0,84,,,,33,3,,,,77,3,,,,59,2,,,,4,1,,,,0,5,,,,122,1,,,,482,2,,,,8,1,,,,170,1,,,,15,1,,,,6,1,,,,0,236,,,,0,284,,,,0,468,,,,0,623,,,,0,57,,,,0,42,,,,15,1,,,,0,105,,,,20,3,,,,6,1,,,,536405,1015,debitage-grey,NHW,17-1055-006,239d,debitage,60,60,BVR,BVR-239d
801021,65,2018-11-14,14:58:52,Geochem(2),,65,No,,,PPM,,,,0,3025,,,,84710,609,,,,332416,721,,,,0,56,,,,848,28,,,,31290,85,,,,15730,51,TiO2,4762.74,120.263,2855,72,,,,120,8,,,,0,36,,,,414,13,,,,18370,64,,,,0,77,,,,13,3,,,,49,2,,,,58,2,,,,2,1,,,,0,5,,,,122,1,,,,434,2,,,,9,1,,,,174,1,,,,15,1,,,,0,40,,,,0,223,,,,0,268,,,,0,438,,,,0,581,,,,8,3,,,,0,40,,,,18,1,,,,0,100,,,,20,3,,,,0,67,,,,512323,965,debitage,NHW,17-1055-006,255a,debitage,60,60,BVR,BVR-255a
801021,66,2018-11-14,15:05:03,Geochem(2),,66,No,,,PPM,,,,0,3592,,,,80773,649,,,,311937,758,,,,0,66,,,,786,31,,,,28504,86,,,,18391,60,TiO2,4783.96,127.629,2868,77,,,,108,9,,,,0,38,,,,395,13,,,,20677,75,,,,0,87,,,,17,3,,,,67,3,,,,65,2,,,,4,1,,,,0,5,,,,117,1,,,,451,2,,,,8,1,,,,168,1,,,,16,1,,,,8,1,,,,0,238,,,,0,286,,,,0,468,,,,0,619,,,,12,3,,,,0,44,,,,12,1,,,,0,106,,,,15,3,,,,0,71,,,,534603,1038,debitage,NHW,17-1055-006,255b,debitage,60,60,BVR,BVR-255b
801021,73,2018-11-14,16:11:04,Geochem(2),,73,No,,,PPM,,,,0,3637,,,,79630,659,,,,319158,777,,,,0,66,,,,868,32,,,,29883,90,,,,14935,54,TiO2,4744.23,129.028,2844,77,,,,133,9,,,,59,12,,,,415,13,,,,17907,68,,,,0,83,,,,14,3,,,,71,3,,,,61,2,,,,0,10,,,,0,5,,,,123,1,,,,425,2,,,,8,1,,,,186,1,,,,19,1,,,,7,1,,,,0,244,,,,0,294,,,,0,486,,,,0,650,,,,0,60,,,,0,44,,,,17,1,,,,0,107,,,,11,3,,,,5,1,,,,533221,1046,debitage,NHW,17-1055-006,297a,debitage,60,60,BVR,BVR-297a
801021,74,2018-11-14,16:15:15,Geochem(2),,74,No,,,PPM,,,,0,19773,,,,88871,4165,,,,340342,2992,,,,0,353,,,,937,201,,,,31301,451,,,,15374,301,TiO2,4543.87,122.162,2724,73,,,,116,8,,,,0,35,,,,426,13,,,,18457,126,,,,0,78,,,,11,3,,,,60,3,,,,62,2,,,,3,1,,,,0,5,,,,126,1,,,,438,3,,,,7,1,,,,178,2,,,,17,1,,,,5,1,,,,0,224,,,,0,267,,,,0,434,,,,0,575,,,,0,54,,,,0,40,,,,16,1,,,,0,99,,,,13,3,,,,0,68,,,,500516,3094,debitage,NHW,17-1055-006,297b,debitage,60,2.13008,BVR,BVR-297b
801021,75,2018-11-14,16:16:35,Geochem(2),,75,No,,,PPM,,,,0,3388,,,,81281,642,,,,321024,756,,,,0,63,,,,771,31,,,,30389,88,,,,15249,53,TiO2,4780.33,126.179,2865,76,,,,139,9,,,,49,12,,,,408,13,,,,17709,66,,,,0,80,,,,20,3,,,,61,3,,,,58,2,,,,0,9,,,,0,5,,,,122,1,,,,425,2,,,,8,1,,,,182,1,,,,18,1,,,,6,1,,,,0,237,,,,0,285,,,,0,471,,,,0,628,,,,0,58,,,,0,43,,,,17,1,,,,0,105,,,,19,3,,,,5,1,,,,529175,1018,debitage,NHW,17-1055-006,297c,debitage,60,60,BVR,BVR-297c
801021,76,2018-11-14,16:19:16,Geochem(2),,76,No,,,PPM,,,,0,3603,,,,77309,659,,,,310063,769,,,,0,67,,,,956,32,,,,33569,98,,,,19718,64,TiO2,6341.79,142.669,3801,86,,,,143,10,,,,0,40,,,,479,14,,,,22716,81,,,,0,94,,,,17,3,,,,64,3,,,,65,2,,,,0,10,,,,0,5,,,,100,1,,,,512,2,,,,10,1,,,,153,1,,,,12,1,,,,6,1,,,,0,242,,,,0,292,,,,0,481,,,,0,640,,,,10,3,,,,0,45,,,,17,1,,,,0,106,,,,9,3,,,,0,73,,,,530271,1065,debitage-grey,NHW,17-1055-006,297d,debitage,60,60,BVR,BVR-297d
801021,77,2018-11-14,16:21:44,Geochem(2),,77,No,,,PPM,,,,0,2719,,,,82676,606,,,,324077,711,,,,378,38,,,,1086,29,,,,32557,87,,,,20410,59,TiO2,5944.66,128.416,3563,77,,,,131,9,,,,54,11,,,,548,14,,,,22305,73,,,,0,85,,,,18,3,,,,55,3,,,,67,2,,,,2,1,,,,0,5,,,,94,1,,,,517,2,,,,7,1,,,,147,1,,,,9,1,,,,0,39,,,,0,218,,,,0,263,,,,0,427,,,,0,567,,,,0,54,,,,0,39,,,,12,1,,,,0,96,,,,0,131,,,,4,1,,,,511282,973,debitage-grey,NHW,17-1055-006,297e,debitage,60,60,BVR,BVR-297e
801021,78,2018-11-14,16:24:27,Geochem(2),,78,No,,,PPM,,,,0,3878,,,,81963,674,,,,298168,772,,,,0,71,,,,824,33,,,,24372,80,,,,25424,77,TiO2,6336.33,143.984,3798,86,,,,146,10,,,,72,13,,,,580,16,,,,28461,97,,,,0,106,,,,34,3,,,,81,3,,,,74,2,,,,4,1,,,,0,5,,,,92,1,,,,529,3,,,,10,1,,,,168,2,,,,17,1,,,,10,1,,,,0,244,,,,0,294,,,,0,484,,,,0,645,,,,10,3,,,,0,43,,,,15,1,,,,0,108,,,,15,3,,,,5,1,,,,535126,1096,debitage-ctx,NHW,17-1055-006,298a,debitage,60,60,BVR,BVR-298a
801021,79,2018-11-14,16:29:25,Geochem(2),,79,No,,,PPM,,,,0,2944,,,,80210,602,,,,323737,713,,,,263,38,,,,917,28,,,,34189,90,,,,20089,59,TiO2,6187.13,130.75,3709,78,,,,129,9,,,,44,11,,,,513,14,,,,23553,76,,,,0,88,,,,20,3,,,,63,3,,,,67,2,,,,4,1,,,,0,5,,,,99,1,,,,501,2,,,,9,1,,,,151,1,,,,12,1,,,,0,39,,,,0,221,,,,0,265,,,,0,438,,,,0,586,,,,0,55,,,,0,41,,,,12,1,,,,0,97,,,,0,132,,,,0,67,,,,511709,977,debitage-grey,NHW,17-1055-006,298b,debitage,60,60,BVR,BVR-298b
801021,6,2018-11-14,10:55:45,Geochem(2),,6,No,,,PPM,,,,0,2548,,,,90234,608,,,,358917,710,,,,0,49,,,,775,27,,,,32676,83,,,,15634,49,TiO2,4844.66,116.856,2904,70,,,,98,8,,,,0,32,,,,422,12,,,,19364,63,,,,0,76,,,,16,3,,,,50,2,,,,63,2,,,,4,1,,,,0,5,,,,126,1,,,,441,2,,,,8,1,,,,186,1,,,,15,1,,,,0,38,,,,0,208,,,,0,247,,,,0,394,,,,0,516,,,,0,52,,,,0,37,,,,16,1,,,,0,94,,,,8,2,,,,0,65,,,,478045,927,BVR,NHW,17-1055-006,2a,formal tool,60,60,BVR,BVR-2a
801021,7,2018-11-14,10:58:45,Geochem(2),,7,No,,,PPM,,,,0,2898,,,,86573,627,,,,339364,738,,,,0,55,,,,828,29,,,,31180,85,,,,15023,51,TiO2,4402.93,117.005,2639,70,,,,101,8,,,,0,34,,,,386,12,,,,18296,64,,,,0,79,,,,8,3,,,,47,2,,,,62,2,,,,3,1,,,,0,5,,,,121,1,,,,418,2,,,,8,1,,,,176,1,,,,15,1,,,,0,40,,,,0,220,,,,0,261,,,,0,415,,,,0,542,,,,0,54,,,,0,40,,,,15,1,,,,0,100,,,,9,3,,,,4,1,,,,504723,980,BVR,NHW,17-1055-006,2b,formal tool,60,60,BVR,BVR-2b
801021,99,2018-11-14,17:36:19,Geochem(2),,99,No,,,PPM,,,,0,3619,,,,77753,648,,,,313253,769,,,,562,44,,,,821,32,,,,29855,90,,,,16041,56,TiO2,4780.42,129.022,2865,77,,,,147,9,,,,39,12,,,,427,14,,,,17855,68,,,,0,82,,,,21,3,,,,57,3,,,,58,2,,,,0,10,,,,0,5,,,,122,1,,,,426,2,,,,10,1,,,,175,1,,,,19,1,,,,9,1,,,,0,244,,,,0,294,,,,0,485,,,,0,642,,,,9,3,,,,0,43,,,,17,1,,,,0,108,,,,19,3,,,,5,1,,,,539433,1043,debitage,NHW,17-1055-006,390a,debitage,60,60,BVR,BVR-390a
801021,100,2018-11-14,17:38:49,Geochem(2),,100,No,,,PPM,,,,0,3869,,,,81072,665,,,,302588,772,,,,0,72,,,,820,32,,,,26463,85,,,,20788,67,TiO2,5607.04,137.822,3361,83,,,,130,9,,,,55,13,,,,483,15,,,,23572,84,,,,0,97,,,,37,3,,,,65,3,,,,72,2,,,,3,1,,,,0,5,,,,107,1,,,,500,2,,,,9,1,,,,167,2,,,,17,1,,,,8,1,,,,0,245,,,,0,295,,,,0,489,,,,0,651,,,,14,3,,,,0,45,,,,14,1,,,,0,108,,,,17,3,,,,4,1,,,,539633,1076,debitage coarse,NHW,17-1055-006,390b,debitage,60,60,BVR,BVR-390b
801021,101,2018-11-14,17:41:18,Geochem(2),,101,No,,,PPM,,,,0,3119,,,,85378,623,,,,339495,743,,,,0,58,,,,794,30,,,,31536,87,,,,15488,52,TiO2,4584.97,121.871,2748,73,,,,97,8,,,,0,35,,,,408,13,,,,18292,65,,,,0,79,,,,9,3,,,,48,3,,,,59,2,,,,4,1,,,,0,5,,,,124,1,,,,424,2,,,,8,1,,,,179,1,,,,15,1,,,,4,1,,,,0,225,,,,0,268,,,,0,428,,,,0,561,,,,0,54,,,,0,38,,,,14,1,,,,0,102,,,,18,3,,,,5,1,,,,504851,987,debitage coarse,NHW,17-1055-006,390c,debitage,60,60,BVR,BVR-390c
801021,102,2018-11-14,17:43:54,Geochem(2),,102,No,,,PPM,,,,0,3612,,,,76253,632,,,,309592,756,,,,0,65,,,,900,31,,,,31180,92,,,,15075,54,TiO2,4718.44,126.145,2828,76,,,,139,9,,,,0,37,,,,421,13,,,,18044,68,,,,0,83,,,,20,3,,,,68,3,,,,61,2,,,,4,1,,,,0,5,,,,123,1,,,,431,2,,,,9,1,,,,182,1,,,,19,1,,,,11,1,,,,0,240,,,,0,288,,,,0,477,,,,0,634,,,,0,58,,,,0,42,,,,15,1,,,,0,106,,,,18,3,,,,5,1,,,,544601,1029,debitage,NHW,17-1055-006,390d,debitage,60,60,BVR,BVR-390d
801021,22,2018-11-14,11:48:55,Geochem(2),,22,No,,,PPM,,,,0,3267,,,,83759,638,,,,324408,753,,,,0,62,,,,842,31,,,,29412,86,,,,15711,54,TiO2,4628.48,124.318,2774,75,,,,123,9,,,,0,37,,,,413,13,,,,17603,66,,,,0,79,,,,23,3,,,,59,3,,,,57,2,,,,4,1,,,,0,5,,,,120,1,,,,426,2,,,,9,1,,,,174,1,,,,18,1,,,,6,1,,,,0,237,,,,0,285,,,,0,468,,,,0,624,,,,9,3,,,,0,42,,,,15,1,,,,0,104,,,,15,3,,,,5,1,,,,524016,1014,debitage - BRFx,NHW,17-1055-006,56a,debitage,60,60,BVR,BVR-56a
801021,23,2018-11-14,11:51:36,Geochem(2),,23,No,,,PPM,,,,0,3194,,,,83346,617,,,,321725,724,,,,137,38,,,,940,29,,,,30866,86,,,,15978,52,TiO2,5016.85,123.384,3007,74,,,,114,8,,,,0,35,,,,432,13,,,,19070,67,,,,0,80,,,,15,3,,,,57,3,,,,63,2,,,,3,1,,,,0,5,,,,125,1,,,,439,2,,,,9,1,,,,181,1,,,,17,1,,,,6,1,,,,0,226,,,,0,271,,,,0,444,,,,0,588,,,,11,3,,,,0,40,,,,16,1,,,,0,100,,,,17,3,,,,0,68,,,,523426,981,debitage - BRF,NHW,17-1055-006,56b,debitage,60,60,BVR,BVR-56b
801021,25,2018-11-14,11:58:14,Geochem(2),,25,No,,,PPM,,,,0,2916,,,,85377,604,,,,332320,718,,,,0,55,,,,814,28,,,,30570,83,,,,16056,52,TiO2,4833.89,120.384,2897,72,,,,115,8,,,,36,11,,,,439,13,,,,18836,65,,,,0,78,,,,13,3,,,,57,3,,,,59,2,,,,3,1,,,,0,5,,,,125,1,,,,438,2,,,,6,1,,,,177,1,,,,17,1,,,,4,1,,,,0,223,,,,0,267,,,,0,440,,,,0,585,,,,8,3,,,,0,40,,,,16,1,,,,0,98,,,,10,3,,,,6,1,,,,511599,962,debitage,NHW,17-1055-006,64a,debitage,60,60,BVR,BVR-64a
801021,26,2018-11-14,12:00:44,Geochem(2),,26,No,,,PPM,,,,0,3400,,,,81954,639,,,,319699,750,,,,0,63,,,,917,31,,,,31623,91,,,,15417,54,TiO2,4686.76,125.639,2809,75,,,,144,9,,,,0,37,,,,423,13,,,,17910,67,,,,0,80,,,,17,3,,,,56,3,,,,61,2,,,,0,10,,,,0,5,,,,125,1,,,,431,2,,,,9,1,,,,181,1,,,,18,1,,,,7,1,,,,0,237,,,,0,285,,,,0,469,,,,0,625,,,,0,57,,,,0,40,,,,18,1,,,,0,105,,,,19,3,,,,4,1,,,,528156,1016,debitage,NHW,17-1055-006,64b,debitage,60,60,BVR,BVR-64b
801021,27,2018-11-14,12:05:05,Geochem(2),,27,No,,,PPM,,,,0,8280,,,,57954,853,,,,237893,930,,,,0,140,,,,1392,52,,,,27308,120,,,,15543,76,TiO2,4415.2,162.815,2647,98,,,,137,12,,,,0,51,,,,454,18,,,,17978,94,,,,0,108,,,,32,4,,,,77,4,,,,57,3,,,,0,13,,,,0,7,,,,121,2,,,,432,3,,,,10,1,,,,179,2,,,,33,1,,,,25,2,,,,0,330,,,,0,400,,,,0,659,,,,0,880,,,,13,4,,,,0,57,,,,17,2,,,,0,146,,,,33,4,,,,9,2,,,,637658,1350,core,NHW,17-1055-006,67a,core,60,60,BVR,BVR-67a
801021,28,2018-11-14,12:07:29,Geochem(2),,28,No,,,PPM,,,,0,3627,,,,77160,639,,,,308685,755,,,,0,65,,,,839,31,,,,30088,89,,,,16101,56,TiO2,4802.1,127.573,2878,76,,,,143,9,,,,0,38,,,,418,13,,,,19481,72,,,,0,84,,,,26,3,,,,70,3,,,,66,2,,,,3,1,,,,0,5,,,,125,1,,,,447,2,,,,7,1,,,,181,1,,,,20,1,,,,9,1,,,,0,239,,,,0,289,,,,0,477,,,,0,634,,,,10,3,,,,0,44,,,,16,1,,,,0,107,,,,19,3,,,,4,1,,,,543203,1031,core,NHW,17-1055-006,67b,core,60,60,BVR,BVR-67b
