"","ID","Instrument.Serial.Num","Reading..","Date","Time","Method.Name","User.Factor.Name","Test.Label","Collimation.Status","Latitude","Longitude","Units","Mg.Compound","Mg.Compound.Level","Mg.Compound.Error","Mg.Concentration","Mg.Error1s","Al.Compound","Al.Compound.Level","Al.Compound.Error","Al.Concentration","Al.Error1s","Si.Compound","Si.Compound.Level","Si.Compound.Error","Si.Concentration","Si.Error1s","P.Compound","P.Compound.Level","P.Compound.Error","P.Concentration","P.Error1s","S.Compound","S.Compound.Level","S.Compound.Error","S.Concentration","S.Error1s","K.Compound","K.Compound.Level","K.Compound.Error","K.Concentration","K.Error1s","Ca.Compound","Ca.Compound.Level","Ca.Compound.Error","Ca.Concentration","Ca.Error1s","Ti.Compound","Ti.Compound.Level","Ti.Compound.Error","Ti.Concentration","Ti.Error1s","V.Compound","V.Compound.Level","V.Compound.Error","V.Concentration","V.Error1s","Cr.Compound","Cr.Compound.Level","Cr.Compound.Error","Cr.Concentration","Cr.Error1s","Mn.Compound","Mn.Compound.Level","Mn.Compound.Error","Mn.Concentration","Mn.Error1s","Fe.Compound","Fe.Compound.Level","Fe.Compound.Error","Fe.Concentration","Fe.Error1s","Co.Compound","Co.Compound.Level","Co.Compound.Error","Co.Concentration","Co.Error1s","Ni.Compound","Ni.Compound.Level","Ni.Compound.Error","Ni.Concentration","Ni.Error1s","Cu.Compound","Cu.Compound.Level","Cu.Compound.Error","Cu.Concentration","Cu.Error1s","Zn.Compound","Zn.Compound.Level","Zn.Compound.Error","Zn.Concentration","Zn.Error1s","As.Compound","As.Compound.Level","As.Compound.Error","As.Concentration","As.Error1s","Se.Compound","Se.Compound.Level","Se.Compound.Error","Se.Concentration","Se.Error1s","Rb.Compound","Rb.Compound.Level","Rb.Compound.Error","Rb.Concentration","Rb.Error1s","Sr.Compound","Sr.Compound.Level","Sr.Compound.Error","Sr.Concentration","Sr.Error1s","Y.Compound","Y.Compound.Level","Y.Compound.Error","Y.Concentration","Y.Error1s","Zr.Compound","Zr.Compound.Level","Zr.Compound.Error","Zr.Concentration","Zr.Error1s","Nb.Compound","Nb.Compound.Level","Nb.Compound.Error","Nb.Concentration","Nb.Error1s","Mo.Compound","Mo.Compound.Level","Mo.Compound.Error","Mo.Concentration","Mo.Error1s","Ag.Compound","Ag.Compound.Level","Ag.Compound.Error","Ag.Concentration","Ag.Error1s","Cd.Compound","Cd.Compound.Level","Cd.Compound.Error","Cd.Concentration","Cd.Error1s","Sn.Compound","Sn.Compound.Level","Sn.Compound.Error","Sn.Concentration","Sn.Error1s","Sb.Compound","Sb.Compound.Level","Sb.Compound.Error","Sb.Concentration","Sb.Error1s","W.Compound","W.Compound.Level","W.Compound.Error","W.Concentration","W.Error1s","Au.Compound","Au.Compound.Level","Au.Compound.Error","Au.Concentration","Au.Error1s","Hg.Compound","Hg.Compound.Level","Hg.Compound.Error","Hg.Concentration","Hg.Error1s","Pb.Compound","Pb.Compound.Level","Pb.Compound.Error","Pb.Concentration","Pb.Error1s","Bi.Compound","Bi.Compound.Level","Bi.Compound.Error","Bi.Concentration","Bi.Error1s","Th.Compound","Th.Compound.Level","Th.Compound.Error","Th.Concentration","Th.Error1s","U.Compound","U.Compound.Level","U.Compound.Error","U.Concentration","U.Error1s","LE.Compound","LE.Compound.Level","LE.Compound.Error","LE.Concentration","LE.Error1s","Notes","Operator","Project.No","Sample.ID","Sample.Type"
"101",190,801021,2,"2018-11-14","1900-01-00","Geochem(2)",NA,2,"No",NA,NA,"PPM",NA,NA,NA,0,5310,NA,NA,NA,52719,706,"",NA,NA,270653,804,NA,NA,NA,0,95,NA,NA,NA,1038,39,NA,NA,NA,27653,96,NA,NA,NA,6986,41,"TiO2",2478.25,114.064,1485,68,NA,NA,NA,166,10,NA,NA,NA,0,39,NA,NA,NA,1202,21,NA,NA,NA,5653,37,NA,NA,NA,0,48,NA,NA,NA,17,3,NA,NA,NA,28,2,NA,NA,NA,38,2,NA,NA,NA,3,1,NA,NA,NA,0,6,NA,NA,NA,324,2,NA,NA,NA,592,3,NA,NA,NA,28,1,NA,NA,NA,47,1,NA,NA,NA,23,1,NA,NA,NA,14,1,NA,NA,NA,0,262,NA,NA,NA,0,317,NA,NA,NA,0,524,NA,NA,NA,0,696,NA,NA,NA,9,3,NA,NA,NA,NA,NA,NA,NA,NA,0,45,NA,NA,NA,12,1,NA,NA,NA,0,117,NA,NA,NA,18,3,NA,NA,NA,0,88,NA,NA,NA,631291,1067,"Twin Lakes obsidian","NHW","Similkameen","obsidian","Geo"
"102",191,801021,1,"2018-11-14","1900-01-00","Geochem(2)",NA,1,"No",NA,NA,"PPM",NA,NA,NA,0,4772,NA,NA,NA,61942,718,"",NA,NA,277461,783,NA,NA,NA,0,77,NA,NA,NA,826,36,NA,NA,NA,32801,104,NA,NA,NA,8876,45,"TiO2",2965.27,117.533,1777,70,NA,NA,NA,153,10,NA,NA,NA,0,36,NA,NA,NA,313,12,NA,NA,NA,5067,34,NA,NA,NA,0,45,NA,NA,NA,17,3,NA,NA,NA,30,2,NA,NA,NA,32,2,NA,NA,NA,0,10,NA,NA,NA,0,5,NA,NA,NA,106,1,NA,NA,NA,420,2,NA,NA,NA,24,1,NA,NA,NA,60,1,NA,NA,NA,22,1,NA,NA,NA,11,1,NA,NA,NA,0,258,NA,NA,NA,0,311,NA,NA,NA,0,512,NA,NA,NA,0,681,NA,NA,NA,11,3,NA,NA,NA,NA,NA,NA,NA,NA,0,45,NA,NA,NA,14,1,NA,NA,NA,0,112,NA,NA,NA,21,3,NA,NA,NA,4,1,NA,NA,NA,610013,1054,"Twin Lakes rhyolite","NHW","Similkameen","rhyolite","Geo"
"261",350,801203,101,"2018-09-07","1900-01-00","geoChem-Extra",NA,101,"No",NA,NA,"PPM",NA,NA,NA,0,3713,NA,NA,NA,78616,670,"",NA,NA,334616,853,NA,NA,NA,0,85,NA,NA,NA,0,63,NA,NA,NA,31008,100,NA,NA,NA,15088,60,"",NA,NA,2884,89,NA,NA,NA,133,11,NA,NA,NA,0,42,NA,NA,NA,401,15,NA,NA,NA,17472,75,NA,NA,NA,0,90,NA,NA,NA,18,3,NA,NA,NA,42,3,NA,NA,NA,57,2,NA,NA,NA,0,11,NA,NA,NA,0,6,NA,NA,NA,121,1,NA,NA,NA,415,2,NA,NA,NA,9,1,NA,NA,NA,186,2,NA,NA,NA,12,1,NA,NA,NA,8,1,NA,NA,NA,0,260,NA,NA,NA,0,311,NA,NA,NA,0,535,NA,NA,NA,0,684,NA,NA,NA,0,91,NA,NA,NA,0,39,NA,NA,NA,0,49,NA,NA,NA,18,1,NA,NA,NA,0,143,NA,NA,NA,14,3,NA,NA,NA,0,81,NA,NA,NA,518882,1131,"Arrowstone","PMR","geol-astoneac","1","Geo"
"262",351,801203,102,"2018-09-07","1900-01-00","geoChem-Extra",NA,102,"No",NA,NA,"PPM",NA,NA,NA,0,4014,NA,NA,NA,77025,683,"",NA,NA,328584,867,NA,NA,NA,0,90,NA,NA,NA,0,66,NA,NA,NA,30822,102,NA,NA,NA,15180,62,"",NA,NA,2782,90,NA,NA,NA,135,11,NA,NA,NA,0,44,NA,NA,NA,405,15,NA,NA,NA,17416,76,NA,NA,NA,0,92,NA,NA,NA,17,3,NA,NA,NA,46,3,NA,NA,NA,59,2,NA,NA,NA,0,11,NA,NA,NA,0,6,NA,NA,NA,121,1,NA,NA,NA,418,2,NA,NA,NA,9,1,NA,NA,NA,189,2,NA,NA,NA,11,1,NA,NA,NA,8,1,NA,NA,NA,0,266,NA,NA,NA,0,320,NA,NA,NA,0,547,NA,NA,NA,0,699,NA,NA,NA,0,94,NA,NA,NA,0,40,NA,NA,NA,0,49,NA,NA,NA,18,1,NA,NA,NA,0,147,NA,NA,NA,17,3,NA,NA,NA,0,83,NA,NA,NA,526735,1155,"Arrowstone","PMR","geol-astoneac","1","Geo"
"263",352,801203,103,"2018-09-07","1900-01-00","geoChem-Extra",NA,103,"No",NA,NA,"PPM",NA,NA,NA,0,4200,NA,NA,NA,76216,694,"",NA,NA,323969,879,NA,NA,NA,0,94,NA,NA,NA,0,69,NA,NA,NA,30378,103,NA,NA,NA,15281,63,"",NA,NA,2688,90,NA,NA,NA,147,12,NA,NA,NA,0,46,NA,NA,NA,395,16,NA,NA,NA,17317,77,NA,NA,NA,0,93,NA,NA,NA,12,3,NA,NA,NA,34,3,NA,NA,NA,58,2,NA,NA,NA,0,11,NA,NA,NA,0,6,NA,NA,NA,120,1,NA,NA,NA,424,2,NA,NA,NA,9,1,NA,NA,NA,186,2,NA,NA,NA,11,1,NA,NA,NA,10,1,NA,NA,NA,0,270,NA,NA,NA,0,324,NA,NA,NA,0,556,NA,NA,NA,0,712,NA,NA,NA,0,95,NA,NA,NA,0,38,NA,NA,NA,0,49,NA,NA,NA,17,1,NA,NA,NA,0,149,NA,NA,NA,16,3,NA,NA,NA,0,85,NA,NA,NA,532713,1174,"Arrowstone","PMR","geol-astoneac","1","Geo"
"264",353,801203,107,"2018-09-07","1900-01-00","geoChem-Extra",NA,107,"No",NA,NA,"PPM",NA,NA,NA,0,4524,NA,NA,NA,82253,717,"",NA,NA,309902,893,NA,NA,NA,0,106,NA,NA,NA,0,73,NA,NA,NA,12562,64,NA,NA,NA,29924,98,"",NA,NA,2992,95,NA,NA,NA,84,11,NA,NA,NA,0,47,NA,NA,NA,574,18,NA,NA,NA,26634,106,NA,NA,NA,0,119,NA,NA,NA,51,4,NA,NA,NA,37,3,NA,NA,NA,58,2,NA,NA,NA,0,10,NA,NA,NA,0,5,NA,NA,NA,25,1,NA,NA,NA,717,3,NA,NA,NA,14,1,NA,NA,NA,129,2,NA,NA,NA,6,1,NA,NA,NA,6,1,NA,NA,NA,0,273,NA,NA,NA,0,327,NA,NA,NA,0,560,NA,NA,NA,0,718,NA,NA,NA,0,97,NA,NA,NA,0,40,NA,NA,NA,0,52,NA,NA,NA,9,1,NA,NA,NA,0,151,NA,NA,NA,15,3,NA,NA,NA,0,87,NA,NA,NA,534008,1234,"Watts","PMR","geol-watts","1","Geo"
"265",354,801203,108,"2018-09-07","1900-01-00","geoChem-Extra",NA,108,"No",NA,NA,"PPM",NA,NA,NA,0,4151,NA,NA,NA,79535,663,"",NA,NA,302249,833,NA,NA,NA,0,99,NA,NA,NA,0,68,NA,NA,NA,11815,57,NA,NA,NA,31397,96,"",NA,NA,3262,92,NA,NA,NA,90,11,NA,NA,NA,82,14,NA,NA,NA,699,18,NA,NA,NA,31258,112,NA,NA,NA,0,120,NA,NA,NA,60,4,NA,NA,NA,38,3,NA,NA,NA,66,2,NA,NA,NA,0,10,NA,NA,NA,0,5,NA,NA,NA,25,1,NA,NA,NA,751,3,NA,NA,NA,16,1,NA,NA,NA,131,2,NA,NA,NA,6,1,NA,NA,NA,4,1,NA,NA,NA,0,251,NA,NA,NA,0,301,NA,NA,NA,0,516,NA,NA,NA,0,663,NA,NA,NA,0,89,NA,NA,NA,0,36,NA,NA,NA,0,48,NA,NA,NA,8,1,NA,NA,NA,0,139,NA,NA,NA,0,155,NA,NA,NA,0,82,NA,NA,NA,538508,1166,"Watts","PMR","geol-watts","1","Geo"
"266",355,801203,109,"2018-09-07","1900-01-00","geoChem-Extra",NA,109,"No",NA,NA,"PPM",NA,NA,NA,0,3525,NA,NA,NA,83856,670,"",NA,NA,313524,840,NA,NA,NA,0,94,NA,NA,NA,0,64,NA,NA,NA,11749,57,NA,NA,NA,30919,94,"",NA,NA,3227,92,NA,NA,NA,111,11,NA,NA,NA,98,14,NA,NA,NA,702,19,NA,NA,NA,31325,111,NA,NA,NA,0,121,NA,NA,NA,65,4,NA,NA,NA,35,3,NA,NA,NA,66,2,NA,NA,NA,0,9,NA,NA,NA,0,6,NA,NA,NA,24,1,NA,NA,NA,733,3,NA,NA,NA,12,1,NA,NA,NA,128,2,NA,NA,NA,6,1,NA,NA,NA,0,42,NA,NA,NA,0,252,NA,NA,NA,0,302,NA,NA,NA,0,517,NA,NA,NA,0,661,NA,NA,NA,0,89,NA,NA,NA,0,37,NA,NA,NA,0,47,NA,NA,NA,8,1,NA,NA,NA,0,139,NA,NA,NA,0,154,NA,NA,NA,0,81,NA,NA,NA,523410,1167,"Watts","PMR","geol-watts","1","Geo"
"267",356,801203,97,"2018-09-07","1900-01-00","geoChem-Extra",NA,97,"No",NA,NA,"PPM",NA,NA,NA,0,3312,NA,NA,NA,84858,654,"",NA,NA,353573,829,NA,NA,NA,0,75,NA,NA,NA,0,54,NA,NA,NA,31460,96,NA,NA,NA,15770,59,"",NA,NA,2986,88,NA,NA,NA,150,11,NA,NA,NA,0,41,NA,NA,NA,424,15,NA,NA,NA,18421,74,NA,NA,NA,0,89,NA,NA,NA,16,3,NA,NA,NA,42,3,NA,NA,NA,64,2,NA,NA,NA,4,1,NA,NA,NA,0,6,NA,NA,NA,121,1,NA,NA,NA,429,2,NA,NA,NA,10,1,NA,NA,NA,185,2,NA,NA,NA,9,1,NA,NA,NA,6,1,NA,NA,NA,0,250,NA,NA,NA,0,299,NA,NA,NA,0,514,NA,NA,NA,0,658,NA,NA,NA,0,88,NA,NA,NA,0,36,NA,NA,NA,0,47,NA,NA,NA,16,1,NA,NA,NA,0,139,NA,NA,NA,18,3,NA,NA,NA,0,79,NA,NA,NA,491440,1088,"Arrowstone","PMR","geol-astonesc","1","Geo"
"268",357,801203,98,"2018-09-07","1900-01-00","geoChem-Extra",NA,98,"No",NA,NA,"PPM",NA,NA,NA,0,3640,NA,NA,NA,81783,675,"",NA,NA,343094,858,NA,NA,NA,0,84,NA,NA,NA,0,60,NA,NA,NA,30424,98,NA,NA,NA,15372,61,"",NA,NA,2914,90,NA,NA,NA,148,11,NA,NA,NA,0,43,NA,NA,NA,408,15,NA,NA,NA,17507,74,NA,NA,NA,0,91,NA,NA,NA,0,17,NA,NA,NA,41,3,NA,NA,NA,56,2,NA,NA,NA,0,11,NA,NA,NA,0,5,NA,NA,NA,120,1,NA,NA,NA,412,2,NA,NA,NA,11,1,NA,NA,NA,181,2,NA,NA,NA,11,1,NA,NA,NA,8,1,NA,NA,NA,0,261,NA,NA,NA,0,312,NA,NA,NA,0,537,NA,NA,NA,0,687,NA,NA,NA,0,92,NA,NA,NA,0,38,NA,NA,NA,0,49,NA,NA,NA,18,1,NA,NA,NA,0,143,NA,NA,NA,15,3,NA,NA,NA,0,82,NA,NA,NA,507478,1131,"Arrowstone","PMR","geol-astonesc","1","Geo"
"269",358,801203,99,"2018-09-07","1900-01-00","geoChem-Extra",NA,99,"No",NA,NA,"PPM",NA,NA,NA,0,3542,NA,NA,NA,79193,652,"",NA,NA,334733,829,NA,NA,NA,0,80,NA,NA,NA,0,58,NA,NA,NA,30946,97,NA,NA,NA,15889,60,"",NA,NA,3067,88,NA,NA,NA,145,11,NA,NA,NA,59,14,NA,NA,NA,443,15,NA,NA,NA,19184,77,NA,NA,NA,0,92,NA,NA,NA,0,17,NA,NA,NA,45,3,NA,NA,NA,64,2,NA,NA,NA,0,11,NA,NA,NA,0,5,NA,NA,NA,124,1,NA,NA,NA,435,2,NA,NA,NA,9,1,NA,NA,NA,185,2,NA,NA,NA,12,1,NA,NA,NA,6,1,NA,NA,NA,0,251,NA,NA,NA,0,301,NA,NA,NA,0,516,NA,NA,NA,0,662,NA,NA,NA,0,86,NA,NA,NA,0,35,NA,NA,NA,0,47,NA,NA,NA,19,1,NA,NA,NA,0,139,NA,NA,NA,14,3,NA,NA,NA,5,1,NA,NA,NA,515423,1103,"Arrowstone","PMR","geol-astonesc","1","Geo"
"270",359,801203,100,"2018-09-07","1900-01-00","geoChem-Extra",NA,100,"No",NA,NA,"PPM",NA,NA,NA,0,3807,NA,NA,NA,62304,623,"",NA,NA,260843,769,NA,NA,NA,396,52,NA,NA,NA,1207,32,NA,NA,NA,23707,84,NA,NA,NA,22963,77,"",NA,NA,3391,88,NA,NA,NA,98,10,NA,NA,NA,42,13,NA,NA,NA,630,17,NA,NA,NA,27187,101,NA,NA,NA,0,106,NA,NA,NA,32,3,NA,NA,NA,146,4,NA,NA,NA,421,5,NA,NA,NA,79,6,NA,NA,NA,3,1,NA,NA,NA,116,1,NA,NA,NA,236,2,NA,NA,NA,40,1,NA,NA,NA,282,2,NA,NA,NA,20,1,NA,NA,NA,6,1,NA,NA,NA,0,229,NA,NA,NA,51,6,NA,NA,NA,0,465,NA,NA,NA,0,594,NA,NA,NA,0,121,NA,NA,NA,0,54,NA,NA,NA,10,2,NA,NA,NA,1463,8,NA,NA,NA,0,138,NA,NA,NA,10,3,NA,NA,NA,0,71,NA,NA,NA,594317,1111,"Arrowstone","PMR","geol-astonesc","1","Geo"
"271",360,801203,104,"2018-09-07","1900-01-00","geoChem-Extra",NA,104,"No",NA,NA,"PPM",NA,NA,NA,0,5427,NA,NA,NA,64189,733,"",NA,NA,286216,918,NA,NA,NA,0,118,NA,NA,NA,0,94,NA,NA,NA,24889,100,NA,NA,NA,17569,74,"",NA,NA,3021,100,NA,NA,NA,152,13,NA,NA,NA,0,50,NA,NA,NA,316,16,NA,NA,NA,17189,84,NA,NA,NA,0,98,NA,NA,NA,18,4,NA,NA,NA,80,4,NA,NA,NA,67,3,NA,NA,NA,0,12,NA,NA,NA,0,7,NA,NA,NA,89,1,NA,NA,NA,549,3,NA,NA,NA,7,1,NA,NA,NA,158,2,NA,NA,NA,8,1,NA,NA,NA,14,1,NA,NA,NA,0,293,NA,NA,NA,0,353,NA,NA,NA,0,603,NA,NA,NA,0,774,NA,NA,NA,0,100,NA,NA,NA,0,41,NA,NA,NA,0,52,NA,NA,NA,15,1,NA,NA,NA,0,163,NA,NA,NA,27,3,NA,NA,NA,0,91,NA,NA,NA,585426,1252,"Maiden Creek","PMR","geol-maidcr","1","Geo"
"272",361,801203,105,"2018-09-07","1900-01-00","geoChem-Extra",NA,105,"No",NA,NA,"PPM",NA,NA,NA,0,4478,NA,NA,NA,71744,701,"",NA,NA,313865,895,NA,NA,NA,0,104,NA,NA,NA,0,74,NA,NA,NA,24967,93,NA,NA,NA,17044,68,"",NA,NA,2912,94,NA,NA,NA,151,12,NA,NA,NA,0,46,NA,NA,NA,308,15,NA,NA,NA,16299,76,NA,NA,NA,0,92,NA,NA,NA,12,3,NA,NA,NA,78,4,NA,NA,NA,57,2,NA,NA,NA,0,11,NA,NA,NA,0,6,NA,NA,NA,84,1,NA,NA,NA,531,3,NA,NA,NA,7,1,NA,NA,NA,150,2,NA,NA,NA,5,1,NA,NA,NA,7,1,NA,NA,NA,0,276,NA,NA,NA,0,333,NA,NA,NA,0,568,NA,NA,NA,0,731,NA,NA,NA,0,94,NA,NA,NA,0,39,NA,NA,NA,0,51,NA,NA,NA,17,1,NA,NA,NA,0,152,NA,NA,NA,18,3,NA,NA,NA,0,86,NA,NA,NA,551745,1193,"Maiden Creek","PMR","geol-maidcr","1","Geo"
"273",362,801203,106,"2018-09-07","1900-01-00","geoChem-Extra",NA,106,"No",NA,NA,"PPM",NA,NA,NA,0,4473,NA,NA,NA,71787,694,"",NA,NA,305995,875,NA,NA,NA,0,100,NA,NA,NA,227,35,NA,NA,NA,24918,92,NA,NA,NA,17415,68,"",NA,NA,3015,94,NA,NA,NA,146,12,NA,NA,NA,48,15,NA,NA,NA,288,14,NA,NA,NA,16497,76,NA,NA,NA,0,91,NA,NA,NA,11,3,NA,NA,NA,81,3,NA,NA,NA,65,2,NA,NA,NA,0,11,NA,NA,NA,0,6,NA,NA,NA,86,1,NA,NA,NA,530,3,NA,NA,NA,6,1,NA,NA,NA,154,2,NA,NA,NA,6,1,NA,NA,NA,6,1,NA,NA,NA,0,272,NA,NA,NA,0,327,NA,NA,NA,0,561,NA,NA,NA,0,717,NA,NA,NA,0,94,NA,NA,NA,0,40,NA,NA,NA,0,50,NA,NA,NA,16,1,NA,NA,NA,0,150,NA,NA,NA,13,3,NA,NA,NA,0,86,NA,NA,NA,558692,1178,"Maiden Creek","PMR","geol-maidcr","1","Geo"
"274",363,801203,91,"2018-09-07","1900-01-00","geoChem-Extra",NA,91,"No",NA,NA,"PPM",NA,NA,NA,0,5570,NA,NA,NA,69023,749,"",NA,NA,250740,844,NA,NA,NA,1189,67,NA,NA,NA,2831,46,NA,NA,NA,24292,98,NA,NA,NA,18651,75,"",NA,NA,3992,105,NA,NA,NA,138,12,NA,NA,NA,0,47,NA,NA,NA,334,15,NA,NA,NA,23097,102,NA,NA,NA,0,112,NA,NA,NA,14,4,NA,NA,NA,83,4,NA,NA,NA,68,3,NA,NA,NA,0,12,NA,NA,NA,0,6,NA,NA,NA,79,1,NA,NA,NA,622,3,NA,NA,NA,9,1,NA,NA,NA,156,2,NA,NA,NA,7,1,NA,NA,NA,14,1,NA,NA,NA,0,280,NA,NA,NA,0,337,NA,NA,NA,0,576,NA,NA,NA,0,737,NA,NA,NA,0,96,NA,NA,NA,0,42,NA,NA,NA,0,51,NA,NA,NA,15,1,NA,NA,NA,0,155,NA,NA,NA,16,3,NA,NA,NA,0,89,NA,NA,NA,604632,1237,"Hat Creek","PMR","uphatcreek-1","1","Geo"
"275",364,801203,92,"2018-09-07","1900-01-00","geoChem-Extra",NA,92,"No",NA,NA,"PPM",NA,NA,NA,0,4051,NA,NA,NA,83029,701,"",NA,NA,313417,846,NA,NA,NA,0,94,NA,NA,NA,512,34,NA,NA,NA,28170,96,NA,NA,NA,19154,70,"",NA,NA,4343,103,NA,NA,NA,148,12,NA,NA,NA,0,44,NA,NA,NA,300,14,NA,NA,NA,19508,82,NA,NA,NA,0,97,NA,NA,NA,0,18,NA,NA,NA,82,3,NA,NA,NA,66,2,NA,NA,NA,3,1,NA,NA,NA,0,5,NA,NA,NA,80,1,NA,NA,NA,622,3,NA,NA,NA,7,1,NA,NA,NA,155,2,NA,NA,NA,6,1,NA,NA,NA,5,1,NA,NA,NA,0,263,NA,NA,NA,0,315,NA,NA,NA,0,540,NA,NA,NA,0,693,NA,NA,NA,0,93,NA,NA,NA,0,39,NA,NA,NA,0,48,NA,NA,NA,14,1,NA,NA,NA,0,146,NA,NA,NA,13,3,NA,NA,NA,0,86,NA,NA,NA,530365,1162,"Hat Creek","PMR","uphatcreek-1","1","Geo"
"276",365,801203,93,"2018-09-07","1900-01-00","geoChem-Extra",NA,93,"No",NA,NA,"PPM",NA,NA,NA,0,3900,NA,NA,NA,84087,689,"",NA,NA,313263,828,NA,NA,NA,0,90,NA,NA,NA,647,34,NA,NA,NA,28375,94,NA,NA,NA,19196,68,"",NA,NA,4429,102,NA,NA,NA,158,12,NA,NA,NA,0,44,NA,NA,NA,276,14,NA,NA,NA,20334,82,NA,NA,NA,0,98,NA,NA,NA,15,3,NA,NA,NA,90,3,NA,NA,NA,62,2,NA,NA,NA,4,1,NA,NA,NA,0,6,NA,NA,NA,81,1,NA,NA,NA,635,3,NA,NA,NA,7,1,NA,NA,NA,160,2,NA,NA,NA,5,1,NA,NA,NA,0,43,NA,NA,NA,0,255,NA,NA,NA,0,307,NA,NA,NA,0,526,NA,NA,NA,0,673,NA,NA,NA,0,88,NA,NA,NA,0,36,NA,NA,NA,0,47,NA,NA,NA,12,1,NA,NA,NA,0,143,NA,NA,NA,15,3,NA,NA,NA,0,82,NA,NA,NA,528150,1141,"Hat Creek","PMR","uphatcreek-1","1","Geo"
"277",366,801203,94,"2018-09-07","1900-01-00","geoChem-Extra",NA,94,"No",NA,NA,"PPM",NA,NA,NA,0,3783,NA,NA,NA,81547,664,"",NA,NA,315847,816,NA,NA,NA,0,85,NA,NA,NA,227,31,NA,NA,NA,26156,87,NA,NA,NA,19727,68,"",NA,NA,3846,95,NA,NA,NA,137,11,NA,NA,NA,0,42,NA,NA,NA,377,14,NA,NA,NA,22762,87,NA,NA,NA,0,100,NA,NA,NA,16,3,NA,NA,NA,91,3,NA,NA,NA,72,2,NA,NA,NA,0,11,NA,NA,NA,0,5,NA,NA,NA,82,1,NA,NA,NA,644,3,NA,NA,NA,6,1,NA,NA,NA,163,2,NA,NA,NA,7,1,NA,NA,NA,0,42,NA,NA,NA,0,248,NA,NA,NA,0,297,NA,NA,NA,0,509,NA,NA,NA,0,653,NA,NA,NA,0,88,NA,NA,NA,0,36,NA,NA,NA,0,47,NA,NA,NA,17,1,NA,NA,NA,0,138,NA,NA,NA,0,152,NA,NA,NA,0,80,NA,NA,NA,528275,1118,"Hat Creek","PMR","uphatcreek-2","1","Geo"
"278",367,801203,95,"2018-09-07","1900-01-00","geoChem-Extra",NA,95,"No",NA,NA,"PPM",NA,NA,NA,0,3572,NA,NA,NA,88723,679,"",NA,NA,335526,835,NA,NA,NA,0,83,NA,NA,NA,411,32,NA,NA,NA,27069,89,NA,NA,NA,19910,69,"",NA,NA,3705,95,NA,NA,NA,156,11,NA,NA,NA,0,43,NA,NA,NA,380,15,NA,NA,NA,21441,84,NA,NA,NA,0,99,NA,NA,NA,20,3,NA,NA,NA,81,3,NA,NA,NA,69,2,NA,NA,NA,0,11,NA,NA,NA,0,5,NA,NA,NA,81,1,NA,NA,NA,629,3,NA,NA,NA,6,1,NA,NA,NA,160,2,NA,NA,NA,7,1,NA,NA,NA,0,42,NA,NA,NA,0,253,NA,NA,NA,0,305,NA,NA,NA,0,521,NA,NA,NA,0,669,NA,NA,NA,0,90,NA,NA,NA,0,37,NA,NA,NA,0,48,NA,NA,NA,14,1,NA,NA,NA,0,139,NA,NA,NA,0,153,NA,NA,NA,0,82,NA,NA,NA,501613,1127,"Hat Creek","PMR","uphatcreek-2","1","Geo"
"279",368,801203,96,"2018-09-07","1900-01-00","geoChem-Extra",NA,96,"No",NA,NA,"PPM",NA,NA,NA,0,3897,NA,NA,NA,79921,675,"",NA,NA,311218,827,NA,NA,NA,0,88,NA,NA,NA,436,32,NA,NA,NA,27338,92,NA,NA,NA,19925,70,"",NA,NA,3913,97,NA,NA,NA,153,11,NA,NA,NA,0,44,NA,NA,NA,383,15,NA,NA,NA,23431,90,NA,NA,NA,0,104,NA,NA,NA,18,3,NA,NA,NA,87,3,NA,NA,NA,75,2,NA,NA,NA,0,11,NA,NA,NA,0,5,NA,NA,NA,84,1,NA,NA,NA,658,3,NA,NA,NA,7,1,NA,NA,NA,163,2,NA,NA,NA,8,1,NA,NA,NA,7,1,NA,NA,NA,0,253,NA,NA,NA,0,306,NA,NA,NA,0,522,NA,NA,NA,0,669,NA,NA,NA,0,89,NA,NA,NA,0,37,NA,NA,NA,0,47,NA,NA,NA,14,1,NA,NA,NA,0,141,NA,NA,NA,10,3,NA,NA,NA,0,82,NA,NA,NA,532152,1141,"Hat Creek","PMR","uphatcreek-2","1","Geo"
"282",NA,801054,9,"2018-11-24","21:09:38","Geochem(2)",NA,9,"No",NA,NA,"PPM",NA,NA,NA,0,4739,NA,NA,NA,87480,899,"",NA,NA,313433,1033,NA,NA,NA,1093,78,NA,NA,NA,647,42,NA,NA,NA,18885,89,NA,NA,NA,25648,101,"",NA,NA,5152,123,NA,NA,NA,165,14,NA,NA,NA,76,17,NA,NA,NA,304,17,NA,NA,NA,30843,131,NA,NA,NA,0,130,NA,NA,NA,58,5,NA,NA,NA,76,4,NA,NA,NA,103,3,NA,NA,NA,32,3,NA,NA,NA,0,6,NA,NA,NA,44,1,NA,NA,NA,869,4,NA,NA,NA,9,1,NA,NA,NA,162,2,NA,NA,NA,5,1,NA,NA,NA,0,52,NA,NA,NA,0,306,NA,NA,NA,0,371,NA,NA,NA,0,613,NA,NA,NA,0,831,NA,NA,NA,0,108,NA,NA,NA,0,45,NA,NA,NA,0,56,NA,NA,NA,149,3,NA,NA,NA,0,143,NA,NA,NA,13,4,NA,NA,NA,0,101,NA,NA,NA,514605,1438,"Princeton river","NHW","Princeton river","1","Geo"
"283",NA,801054,10,"2018-11-24","21:12:47","Geochem(2)",NA,10,"No",NA,NA,"PPM",NA,NA,NA,0,5703,NA,NA,NA,76006,912,"",NA,NA,282355,1036,NA,NA,NA,1277,81,NA,NA,NA,0,92,NA,NA,NA,18731,93,NA,NA,NA,27352,112,"",NA,NA,5051,126,NA,NA,NA,183,14,NA,NA,NA,64,17,NA,NA,NA,841,24,NA,NA,NA,26291,124,NA,NA,NA,0,124,NA,NA,NA,62,5,NA,NA,NA,71,4,NA,NA,NA,85,3,NA,NA,NA,0,13,NA,NA,NA,0,7,NA,NA,NA,46,1,NA,NA,NA,876,5,NA,NA,NA,8,1,NA,NA,NA,161,2,NA,NA,NA,6,1,NA,NA,NA,0,55,NA,NA,NA,0,321,NA,NA,NA,0,390,NA,NA,NA,0,644,NA,NA,NA,0,875,NA,NA,NA,0,105,NA,NA,NA,0,42,NA,NA,NA,7,2,NA,NA,NA,16,2,NA,NA,NA,0,149,NA,NA,NA,13,4,NA,NA,NA,0,104,NA,NA,NA,560334,1474,"Princeton river","NHW","Princeton river","1","Geo"
"284",NA,801054,11,"2018-11-24","21:17:27","Geochem(2)",NA,11,"No",NA,NA,"PPM",NA,NA,NA,0,5082,NA,NA,NA,84016,898,"",NA,NA,309927,1049,NA,NA,NA,1125,79,NA,NA,NA,490,42,NA,NA,NA,18527,90,NA,NA,NA,25273,102,"",NA,NA,4983,123,NA,NA,NA,166,14,NA,NA,NA,74,17,NA,NA,NA,314,17,NA,NA,NA,33067,141,NA,NA,NA,0,136,NA,NA,NA,69,5,NA,NA,NA,78,4,NA,NA,NA,105,4,NA,NA,NA,35,3,NA,NA,NA,0,7,NA,NA,NA,42,1,NA,NA,NA,851,4,NA,NA,NA,11,1,NA,NA,NA,159,2,NA,NA,NA,7,1,NA,NA,NA,0,52,NA,NA,NA,0,309,NA,NA,NA,0,376,NA,NA,NA,0,623,NA,NA,NA,0,842,NA,NA,NA,0,112,NA,NA,NA,0,46,NA,NA,NA,0,58,NA,NA,NA,198,4,NA,NA,NA,0,144,NA,NA,NA,0,193,NA,NA,NA,0,100,NA,NA,NA,520324,1466,"Princeton river","NHW","Princeton river","1","Geo"
"285",NA,801054,12,"2018-11-24","21:20:39","Geochem(2)",NA,12,"No",NA,NA,"PPM",NA,NA,NA,0,4524,NA,NA,NA,68210,844,"",NA,NA,361242,1100,NA,NA,NA,0,93,NA,NA,NA,0,73,NA,NA,NA,31541,124,NA,NA,NA,6396,57,"",NA,NA,1773,91,NA,NA,NA,120,12,NA,NA,NA,0,47,NA,NA,NA,384,17,NA,NA,NA,11057,67,NA,NA,NA,0,78,NA,NA,NA,24,4,NA,NA,NA,12,3,NA,NA,NA,37,2,NA,NA,NA,0,13,NA,NA,NA,0,7,NA,NA,NA,88,1,NA,NA,NA,106,1,NA,NA,NA,25,1,NA,NA,NA,138,2,NA,NA,NA,11,1,NA,NA,NA,0,55,NA,NA,NA,0,329,NA,NA,NA,0,398,NA,NA,NA,0,656,NA,NA,NA,0,889,NA,NA,NA,0,104,NA,NA,NA,0,43,NA,NA,NA,0,58,NA,NA,NA,21,2,NA,NA,NA,0,139,NA,NA,NA,11,4,NA,NA,NA,0,86,NA,NA,NA,518659,1367,"Glass Butte","NHW","Glass Butte","1","Geo"
"286",NA,801054,13,"2018-11-24","21:22:01","Geochem(2)",NA,13,"No",NA,NA,"PPM",NA,NA,NA,0,4876,NA,NA,NA,68185,866,"",NA,NA,352214,1117,NA,NA,NA,0,102,NA,NA,NA,0,79,NA,NA,NA,31214,127,NA,NA,NA,6526,58,"",NA,NA,1902,94,NA,NA,NA,99,12,NA,NA,NA,0,47,NA,NA,NA,417,18,NA,NA,NA,10918,68,NA,NA,NA,0,79,NA,NA,NA,36,5,NA,NA,NA,0,18,NA,NA,NA,31,2,NA,NA,NA,0,13,NA,NA,NA,0,7,NA,NA,NA,84,1,NA,NA,NA,108,1,NA,NA,NA,26,1,NA,NA,NA,140,2,NA,NA,NA,13,1,NA,NA,NA,7,2,NA,NA,NA,0,337,NA,NA,NA,0,409,NA,NA,NA,0,673,NA,NA,NA,0,910,NA,NA,NA,0,109,NA,NA,NA,0,44,NA,NA,NA,0,59,NA,NA,NA,19,2,NA,NA,NA,0,144,NA,NA,NA,15,4,NA,NA,NA,0,90,NA,NA,NA,527891,1400,"Glass Butte","NHW","Glass Butte","1","Geo"
"287",NA,801054,14,"2018-11-24","21:23:34","Geochem(2)",NA,14,"No",NA,NA,"PPM",NA,NA,NA,0,4010,NA,NA,NA,73310,819,"",NA,NA,380507,1073,NA,NA,NA,0,84,NA,NA,NA,0,65,NA,NA,NA,31883,119,NA,NA,NA,6169,56,"",NA,NA,1775,88,NA,NA,NA,129,12,NA,NA,NA,64,16,NA,NA,NA,406,17,NA,NA,NA,10821,64,NA,NA,NA,0,75,NA,NA,NA,15,4,NA,NA,NA,0,17,NA,NA,NA,36,2,NA,NA,NA,0,12,NA,NA,NA,0,6,NA,NA,NA,83,1,NA,NA,NA,107,1,NA,NA,NA,27,1,NA,NA,NA,140,2,NA,NA,NA,9,1,NA,NA,NA,0,54,NA,NA,NA,0,320,NA,NA,NA,0,387,NA,NA,NA,0,636,NA,NA,NA,0,865,NA,NA,NA,0,98,NA,NA,NA,0,41,NA,NA,NA,8,2,NA,NA,NA,18,2,NA,NA,NA,0,134,NA,NA,NA,0,180,NA,NA,NA,0,84,NA,NA,NA,494359,1318,"Glass Butte","NHW","Glass Butte","1","Geo"
"288",NA,801054,15,"2018-11-24","21:25:51","Geochem(2)",NA,15,"No",NA,NA,"PPM",NA,NA,NA,0,4307,NA,NA,NA,94383,862,"",NA,NA,342598,1025,NA,NA,NA,0,101,NA,NA,NA,0,67,NA,NA,NA,12909,71,NA,NA,NA,31386,111,"",NA,NA,3287,104,NA,NA,NA,102,12,NA,NA,NA,0,50,NA,NA,NA,584,20,NA,NA,NA,27991,117,NA,NA,NA,0,121,NA,NA,NA,62,5,NA,NA,NA,29,3,NA,NA,NA,62,3,NA,NA,NA,0,11,NA,NA,NA,0,6,NA,NA,NA,25,1,NA,NA,NA,750,4,NA,NA,NA,15,1,NA,NA,NA,131,2,NA,NA,NA,6,1,NA,NA,NA,0,51,NA,NA,NA,0,304,NA,NA,NA,0,370,NA,NA,NA,0,610,NA,NA,NA,0,826,NA,NA,NA,0,103,NA,NA,NA,0,42,NA,NA,NA,0,57,NA,NA,NA,8,1,NA,NA,NA,0,137,NA,NA,NA,0,188,NA,NA,NA,0,94,NA,NA,NA,485542,1378,"Watts","NHW","geol-watts","1","Geo"
"289",NA,801054,16,"2018-11-24","21:27:34","Geochem(2)",NA,16,"No",NA,NA,"PPM",NA,NA,NA,0,8053,NA,NA,NA,70110,1039,"",NA,NA,269362,1204,NA,NA,NA,0,178,NA,NA,NA,0,129,NA,NA,NA,12155,88,NA,NA,NA,30698,145,"",NA,NA,2870,122,NA,NA,NA,110,15,NA,NA,NA,0,60,NA,NA,NA,557,24,NA,NA,NA,25919,146,NA,NA,NA,0,144,NA,NA,NA,73,6,NA,NA,NA,27,4,NA,NA,NA,59,3,NA,NA,NA,0,13,NA,NA,NA,0,8,NA,NA,NA,23,1,NA,NA,NA,744,5,NA,NA,NA,15,1,NA,NA,NA,134,2,NA,NA,NA,11,2,NA,NA,NA,15,2,NA,NA,NA,0,386,NA,NA,NA,0,470,NA,NA,NA,0,773,NA,NA,NA,0,1049,NA,NA,NA,0,131,NA,NA,NA,0,53,NA,NA,NA,0,71,NA,NA,NA,8,2,NA,NA,NA,0,175,NA,NA,NA,23,5,NA,NA,NA,0,119,NA,NA,NA,586852,1713,"Watts","NHW","geol-watts","1","Geo"
"290",NA,801054,17,"2018-11-24","21:30:43","Geochem(2)",NA,17,"No",NA,NA,"PPM",NA,NA,NA,0,3995,NA,NA,NA,99054,839,"",NA,NA,360836,1008,NA,NA,NA,0,93,NA,NA,NA,0,62,NA,NA,NA,12351,68,NA,NA,NA,32090,108,"",NA,NA,3120,101,NA,NA,NA,87,11,NA,NA,NA,67,15,NA,NA,NA,624,20,NA,NA,NA,27658,112,NA,NA,NA,0,119,NA,NA,NA,61,5,NA,NA,NA,27,3,NA,NA,NA,59,3,NA,NA,NA,0,11,NA,NA,NA,0,6,NA,NA,NA,26,1,NA,NA,NA,731,4,NA,NA,NA,13,1,NA,NA,NA,127,2,NA,NA,NA,0,34,NA,NA,NA,0,50,NA,NA,NA,0,299,NA,NA,NA,0,362,NA,NA,NA,0,594,NA,NA,NA,0,807,NA,NA,NA,0,99,NA,NA,NA,0,39,NA,NA,NA,0,54,NA,NA,NA,9,1,NA,NA,NA,0,133,NA,NA,NA,0,181,NA,NA,NA,0,91,NA,NA,NA,462939,1333,"Watts","NHW","geol-watts","1","Geo"
"291",NA,801054,18,"2018-11-24","21:34:27","Geochem(2)",NA,18,"No",NA,NA,"PPM",NA,NA,NA,0,5801,NA,NA,NA,82319,948,"",NA,NA,311048,1132,NA,NA,NA,0,132,NA,NA,NA,0,92,NA,NA,NA,12810,80,NA,NA,NA,30149,124,"",NA,NA,3052,113,NA,NA,NA,110,13,NA,NA,NA,0,56,NA,NA,NA,532,21,NA,NA,NA,25386,126,NA,NA,NA,0,130,NA,NA,NA,54,5,NA,NA,NA,33,4,NA,NA,NA,59,3,NA,NA,NA,0,12,NA,NA,NA,0,7,NA,NA,NA,25,1,NA,NA,NA,732,4,NA,NA,NA,14,1,NA,NA,NA,131,2,NA,NA,NA,9,1,NA,NA,NA,0,58,NA,NA,NA,0,346,NA,NA,NA,0,421,NA,NA,NA,0,694,NA,NA,NA,0,940,NA,NA,NA,0,113,NA,NA,NA,0,45,NA,NA,NA,0,61,NA,NA,NA,11,2,NA,NA,NA,0,157,NA,NA,NA,16,4,NA,NA,NA,0,106,NA,NA,NA,533337,1552,"Watts","NHW","geol-watts","2","Geo"
"292",NA,801054,19,"2018-11-24","22:32:42","Geochem(2)",NA,19,"No",NA,NA,"PPM",NA,NA,NA,0,5898,NA,NA,NA,80668,935,"",NA,NA,306494,1121,NA,NA,NA,0,130,NA,NA,NA,0,92,NA,NA,NA,13039,81,NA,NA,NA,30455,125,"",NA,NA,3241,115,NA,NA,NA,74,13,NA,NA,NA,62,17,NA,NA,NA,544,21,NA,NA,NA,26264,129,NA,NA,NA,0,130,NA,NA,NA,52,5,NA,NA,NA,28,4,NA,NA,NA,63,3,NA,NA,NA,0,12,NA,NA,NA,0,7,NA,NA,NA,24,1,NA,NA,NA,732,4,NA,NA,NA,15,1,NA,NA,NA,132,2,NA,NA,NA,9,1,NA,NA,NA,0,58,NA,NA,NA,0,345,NA,NA,NA,0,420,NA,NA,NA,0,693,NA,NA,NA,0,937,NA,NA,NA,0,110,NA,NA,NA,0,44,NA,NA,NA,0,61,NA,NA,NA,8,2,NA,NA,NA,0,156,NA,NA,NA,0,212,NA,NA,NA,0,108,NA,NA,NA,537915,1546,"Watts","NHW","geol-watts","2","Geo"
"293",NA,801054,20,"2018-11-24","22:41:38","Geochem(2)",NA,20,"No",NA,NA,"PPM",NA,NA,NA,0,7220,NA,NA,NA,73901,984,"",NA,NA,280825,1159,NA,NA,NA,0,157,NA,NA,NA,0,113,NA,NA,NA,12047,83,NA,NA,NA,30715,137,"",NA,NA,2906,117,NA,NA,NA,70,13,NA,NA,NA,73,18,NA,NA,NA,575,23,NA,NA,NA,26741,140,NA,NA,NA,0,139,NA,NA,NA,65,6,NA,NA,NA,31,4,NA,NA,NA,64,3,NA,NA,NA,0,13,NA,NA,NA,0,7,NA,NA,NA,24,1,NA,NA,NA,734,5,NA,NA,NA,16,1,NA,NA,NA,131,2,NA,NA,NA,9,1,NA,NA,NA,11,2,NA,NA,NA,0,365,NA,NA,NA,0,444,NA,NA,NA,0,732,NA,NA,NA,0,995,NA,NA,NA,0,116,NA,NA,NA,0,49,NA,NA,NA,0,64,NA,NA,NA,11,2,NA,NA,NA,0,164,NA,NA,NA,0,223,NA,NA,NA,0,115,NA,NA,NA,570838,1635,"Watts","NHW","geol-watts","2","Geo"
"401",369,800888,1,"2019-10-07","12:11:27","geoChem-Extra-CoFix",NA,1,"No",NA,NA,"PPM",NA,NA,NA,0,9799,NA,NA,NA,45945,720,NA,NA,NA,171057,651,NA,NA,NA,0,213,NA,NA,NA,0,163,NA,NA,NA,20260,84,NA,NA,NA,4919,35,NA,NA,NA,1411,68,NA,NA,NA,159,10,NA,NA,NA,0,18,NA,NA,NA,1015,20,NA,NA,NA,8708,49,NA,NA,NA,0,19,NA,NA,NA,26,3,NA,NA,NA,7,2,NA,NA,NA,39,2,NA,NA,NA,6,1,NA,NA,NA,0,1,NA,NA,NA,371,2,NA,NA,NA,492,3,NA,NA,NA,27,1,NA,NA,NA,57,1,NA,NA,NA,20,1,NA,NA,NA,21,1,NA,NA,NA,0,9,NA,NA,NA,0,11,NA,NA,NA,0,16,NA,NA,NA,0,20,NA,NA,NA,0,9,NA,NA,NA,0,37,NA,NA,NA,0,4,NA,NA,NA,9,1,NA,NA,NA,0,7,NA,NA,NA,39,3,NA,NA,NA,6,2,NA,NA,NA,745405,988,"Twin Lakes obsd","nhw","geo","geo01","Chip"
"402",369,800888,2,"2019-10-07","12:16:02","geoChem-Extra-CoFix",NA,2,"No",NA,NA,"PPM",NA,NA,NA,0,3465,NA,NA,NA,66169,611,NA,NA,NA,293418,732,NA,NA,NA,0,76,NA,NA,NA,0,60,NA,NA,NA,26269,81,NA,NA,NA,7103,36,NA,NA,NA,1646,65,NA,NA,NA,192,10,NA,NA,NA,0,16,NA,NA,NA,881,17,NA,NA,NA,4721,31,NA,NA,NA,0,13,NA,NA,NA,0,4,NA,NA,NA,0,3,NA,NA,NA,40,2,NA,NA,NA,5,1,NA,NA,NA,0,1,NA,NA,NA,308,2,NA,NA,NA,685,3,NA,NA,NA,23,1,NA,NA,NA,77,1,NA,NA,NA,9,1,NA,NA,NA,0,2,NA,NA,NA,0,8,NA,NA,NA,0,9,NA,NA,NA,0,14,NA,NA,NA,0,18,NA,NA,NA,0,8,NA,NA,NA,0,32,NA,NA,NA,0,4,NA,NA,NA,8,1,NA,NA,NA,0,6,NA,NA,NA,10,3,NA,NA,NA,0,4,NA,NA,NA,598436,958,"Twin Lakes obsd","nhw","geo","geo01","Chip"
"403",369,800888,3,"2019-10-07","12:23:42","geoChem-Extra-CoFix",NA,3,"No",NA,NA,"PPM",NA,NA,NA,0,4808,NA,NA,NA,53105,655,NA,NA,NA,267831,788,NA,NA,NA,0,102,NA,NA,NA,0,84,NA,NA,NA,26703,94,NA,NA,NA,8013,42,NA,NA,NA,1575,71,NA,NA,NA,201,11,NA,NA,NA,0,18,NA,NA,NA,861,19,NA,NA,NA,3649,30,NA,NA,NA,0,13,NA,NA,NA,14,3,NA,NA,NA,0,3,NA,NA,NA,34,2,NA,NA,NA,0,2,NA,NA,NA,0,1,NA,NA,NA,325,2,NA,NA,NA,612,3,NA,NA,NA,34,1,NA,NA,NA,51,1,NA,NA,NA,15,1,NA,NA,NA,10,1,NA,NA,NA,0,9,NA,NA,NA,0,10,NA,NA,NA,0,16,NA,NA,NA,0,20,NA,NA,NA,0,9,NA,NA,NA,0,38,NA,NA,NA,0,4,NA,NA,NA,11,1,NA,NA,NA,0,7,NA,NA,NA,29,3,NA,NA,NA,6,2,NA,NA,NA,636922,1039,"Twin Lakes obsd","nhw","geo","geo01","Chip"
"404",369,800888,4,"2019-10-07","12:26:28","geoChem-Extra-CoFix",NA,4,"No",NA,NA,"PPM",NA,NA,NA,0,15498,NA,NA,NA,25166,923,NA,NA,NA,172995,912,NA,NA,NA,0,300,NA,NA,NA,0,255,NA,NA,NA,26073,142,NA,NA,NA,4537,49,NA,NA,NA,1526,98,NA,NA,NA,148,15,NA,NA,NA,0,25,NA,NA,NA,1599,34,NA,NA,NA,4325,46,NA,NA,NA,0,20,NA,NA,NA,24,5,NA,NA,NA,0,5,NA,NA,NA,43,3,NA,NA,NA,0,2,NA,NA,NA,0,1,NA,NA,NA,343,3,NA,NA,NA,378,3,NA,NA,NA,24,1,NA,NA,NA,52,2,NA,NA,NA,19,1,NA,NA,NA,24,2,NA,NA,NA,0,13,NA,NA,NA,0,15,NA,NA,NA,0,23,NA,NA,NA,0,29,NA,NA,NA,0,12,NA,NA,NA,0,52,NA,NA,NA,0,6,NA,NA,NA,9,2,NA,NA,NA,0,9,NA,NA,NA,39,4,NA,NA,NA,0,5,NA,NA,NA,762676,1312,"Twin Lakes obsd","nhw","geo","geo02","Chip"
"405",369,800888,5,"2019-10-07","12:28:53","geoChem-Extra-CoFix",NA,5,"No",NA,NA,"PPM",NA,NA,NA,0,4588,NA,NA,NA,45493,566,NA,NA,NA,209440,614,NA,NA,NA,1779,51,NA,NA,NA,1402,30,NA,NA,NA,25881,82,NA,NA,NA,10659,41,NA,NA,NA,1769,64,NA,NA,NA,195,10,NA,NA,NA,0,16,NA,NA,NA,817,16,NA,NA,NA,5359,32,NA,NA,NA,0,14,NA,NA,NA,0,4,NA,NA,NA,11,2,NA,NA,NA,55,2,NA,NA,NA,4,1,NA,NA,NA,0,1,NA,NA,NA,240,2,NA,NA,NA,916,3,NA,NA,NA,23,1,NA,NA,NA,70,1,NA,NA,NA,9,1,NA,NA,NA,0,2,NA,NA,NA,0,8,NA,NA,NA,0,9,NA,NA,NA,0,13,NA,NA,NA,0,17,NA,NA,NA,0,7,NA,NA,NA,0,33,NA,NA,NA,0,3,NA,NA,NA,19,1,NA,NA,NA,0,6,NA,NA,NA,14,3,NA,NA,NA,5,1,NA,NA,NA,695840,871,"Twin Lakes obsd","nhw","geo","geo02","Chip"
"406",369,800888,6,"2019-10-07","12:31:28","geoChem-Extra-CoFix",NA,6,"No",NA,NA,"PPM",NA,NA,NA,0,3706,NA,NA,NA,0,636,NA,NA,NA,398213,910,NA,NA,NA,0,79,NA,NA,NA,0,64,NA,NA,NA,0,106,NA,NA,NA,0,80,NA,NA,NA,497,57,NA,NA,NA,34,9,NA,NA,NA,0,16,NA,NA,NA,50,9,NA,NA,NA,1976,20,NA,NA,NA,0,9,NA,NA,NA,0,4,NA,NA,NA,12,2,NA,NA,NA,7,1,NA,NA,NA,0,1,NA,NA,NA,0,1,NA,NA,NA,4,0,NA,NA,NA,5,0,NA,NA,NA,4,1,NA,NA,NA,8,1,NA,NA,NA,4,1,NA,NA,NA,9,1,NA,NA,NA,0,9,NA,NA,NA,0,10,NA,NA,NA,0,15,NA,NA,NA,0,19,NA,NA,NA,0,8,NA,NA,NA,0,34,NA,NA,NA,0,3,NA,NA,NA,0,2,NA,NA,NA,0,6,NA,NA,NA,13,2,NA,NA,NA,0,3,NA,NA,NA,599163,915,"Twin Lakes dark","nhw","geo","geo03","Chip"
"407",369,800888,7,"2019-10-07","12:33:55","geoChem-Extra-CoFix",NA,7,"No",NA,NA,"PPM",NA,NA,NA,0,2736,NA,NA,NA,3018,293,NA,NA,NA,416147,805,NA,NA,NA,0,62,NA,NA,NA,896,29,NA,NA,NA,0,83,NA,NA,NA,0,69,NA,NA,NA,670,52,NA,NA,NA,40,7,NA,NA,NA,0,13,NA,NA,NA,27,7,NA,NA,NA,559,10,NA,NA,NA,0,5,NA,NA,NA,0,4,NA,NA,NA,0,3,NA,NA,NA,4,1,NA,NA,NA,0,1,NA,NA,NA,0,1,NA,NA,NA,5,0,NA,NA,NA,6,0,NA,NA,NA,2,0,NA,NA,NA,2,1,NA,NA,NA,0,1,NA,NA,NA,0,2,NA,NA,NA,0,8,NA,NA,NA,0,9,NA,NA,NA,0,13,NA,NA,NA,0,16,NA,NA,NA,0,7,NA,NA,NA,0,29,NA,NA,NA,0,3,NA,NA,NA,3,1,NA,NA,NA,0,5,NA,NA,NA,0,4,NA,NA,NA,0,2,NA,NA,NA,578620,820,"Twin Lakes dark","nhw","geo","geo03","Chip"
"408",369,800888,8,"2019-10-07","12:38:06","geoChem-Extra-CoFix",NA,8,"No",NA,NA,"PPM",NA,NA,NA,0,3765,NA,NA,NA,72704,625,NA,NA,NA,278524,750,NA,NA,NA,0,92,NA,NA,NA,0,66,NA,NA,NA,14209,58,NA,NA,NA,25803,75,NA,NA,NA,3405,83,NA,NA,NA,83,10,NA,NA,NA,0,18,NA,NA,NA,611,16,NA,NA,NA,25583,90,NA,NA,NA,190,20,NA,NA,NA,35,3,NA,NA,NA,34,3,NA,NA,NA,65,2,NA,NA,NA,0,1,NA,NA,NA,0,1,NA,NA,NA,26,1,NA,NA,NA,784,3,NA,NA,NA,15,1,NA,NA,NA,143,2,NA,NA,NA,6,1,NA,NA,NA,5,1,NA,NA,NA,0,8,NA,NA,NA,0,10,NA,NA,NA,0,14,NA,NA,NA,0,18,NA,NA,NA,0,8,NA,NA,NA,0,34,NA,NA,NA,0,4,NA,NA,NA,10,1,NA,NA,NA,0,6,NA,NA,NA,21,3,NA,NA,NA,0,3,NA,NA,NA,577743,1055,"Gambier","nhw","geo","geo04","Chip"
"409",369,800888,9,"2019-10-07","12:41:04","geoChem-Extra-CoFix",NA,9,"No",NA,NA,"PPM",NA,NA,NA,0,6487,NA,NA,NA,59254,751,NA,NA,NA,232138,850,NA,NA,NA,0,147,NA,NA,NA,0,113,NA,NA,NA,16796,81,NA,NA,NA,21571,84,NA,NA,NA,3145,96,NA,NA,NA,87,12,NA,NA,NA,0,22,NA,NA,NA,515,18,NA,NA,NA,24076,108,NA,NA,NA,165,23,NA,NA,NA,40,4,NA,NA,NA,36,3,NA,NA,NA,55,2,NA,NA,NA,4,1,NA,NA,NA,0,1,NA,NA,NA,28,1,NA,NA,NA,684,4,NA,NA,NA,13,1,NA,NA,NA,140,2,NA,NA,NA,8,1,NA,NA,NA,15,1,NA,NA,NA,0,10,NA,NA,NA,0,12,NA,NA,NA,0,18,NA,NA,NA,0,22,NA,NA,NA,0,10,NA,NA,NA,0,41,NA,NA,NA,0,4,NA,NA,NA,8,1,NA,NA,NA,0,8,NA,NA,NA,36,4,NA,NA,NA,0,4,NA,NA,NA,641185,1242,"Gambier","nhw","geo","geo04","Chip"
"410",369,800888,10,"2019-10-07","12:43:24","geoChem-Extra-CoFix",NA,10,"No",NA,NA,"PPM",NA,NA,NA,0,3353,NA,NA,NA,76858,597,NA,NA,NA,295406,733,NA,NA,NA,0,82,NA,NA,NA,0,59,NA,NA,NA,14349,56,NA,NA,NA,23919,67,NA,NA,NA,3256,78,NA,NA,NA,94,9,NA,NA,NA,64,12,NA,NA,NA,630,16,NA,NA,NA,27681,90,NA,NA,NA,218,20,NA,NA,NA,55,3,NA,NA,NA,28,2,NA,NA,NA,61,2,NA,NA,NA,0,1,NA,NA,NA,0,1,NA,NA,NA,25,1,NA,NA,NA,742,3,NA,NA,NA,14,1,NA,NA,NA,141,1,NA,NA,NA,5,1,NA,NA,NA,0,2,NA,NA,NA,0,8,NA,NA,NA,0,9,NA,NA,NA,0,13,NA,NA,NA,0,17,NA,NA,NA,0,8,NA,NA,NA,0,32,NA,NA,NA,0,4,NA,NA,NA,9,1,NA,NA,NA,0,6,NA,NA,NA,16,3,NA,NA,NA,0,3,NA,NA,NA,556429,1018,"Gambier","nhw","geo","geo04","Chip"
"411",369,800888,11,"2019-10-07","12:48:10","geoChem-Extra-CoFix",NA,11,"No",NA,NA,"PPM",NA,NA,NA,0,3189,NA,NA,NA,87322,651,NA,NA,NA,297547,743,NA,NA,NA,1448,55,NA,NA,NA,0,55,NA,NA,NA,36019,103,NA,NA,NA,23577,70,NA,NA,NA,5388,98,NA,NA,NA,157,11,NA,NA,NA,48,13,NA,NA,NA,548,16,NA,NA,NA,29093,97,NA,NA,NA,161,22,NA,NA,NA,16,3,NA,NA,NA,31,3,NA,NA,NA,82,2,NA,NA,NA,0,1,NA,NA,NA,0,1,NA,NA,NA,97,1,NA,NA,NA,591,3,NA,NA,NA,16,1,NA,NA,NA,266,2,NA,NA,NA,15,1,NA,NA,NA,0,2,NA,NA,NA,0,8,NA,NA,NA,0,9,NA,NA,NA,0,14,NA,NA,NA,0,18,NA,NA,NA,0,8,NA,NA,NA,0,35,NA,NA,NA,0,4,NA,NA,NA,12,1,NA,NA,NA,0,6,NA,NA,NA,11,3,NA,NA,NA,0,3,NA,NA,NA,517554,1082,"Tranquille R","nhw","geo","geo05","Chip"
"412",369,800888,12,"2019-10-07","12:50:48","geoChem-Extra-CoFix",NA,12,"No",NA,NA,"PPM",NA,NA,NA,7807,2347,NA,NA,NA,74142,647,NA,NA,NA,248482,900,NA,NA,NA,1540,53,NA,NA,NA,0,62,NA,NA,NA,26184,103,NA,NA,NA,26348,98,NA,NA,NA,5755,97,NA,NA,NA,159,11,NA,NA,NA,37,12,NA,NA,NA,688,16,NA,NA,NA,35466,141,NA,NA,NA,120,23,NA,NA,NA,20,3,NA,NA,NA,33,3,NA,NA,NA,83,2,NA,NA,NA,3,1,NA,NA,NA,0,1,NA,NA,NA,102,1,NA,NA,NA,647,3,NA,NA,NA,18,1,NA,NA,NA,283,2,NA,NA,NA,21,1,NA,NA,NA,0,2,NA,NA,NA,0,8,NA,NA,NA,0,9,NA,NA,NA,0,13,NA,NA,NA,0,17,NA,NA,NA,0,8,NA,NA,NA,0,33,NA,NA,NA,0,4,NA,NA,NA,15,1,NA,NA,NA,0,6,NA,NA,NA,17,3,NA,NA,NA,0,3,NA,NA,NA,572030,1717,"TranquilleR ctx","nhw","geo","geo05","Chip"
"413",369,800888,13,"2019-10-07","12:55:55","geoChem-Extra-CoFix",NA,13,"No",NA,NA,"PPM",NA,NA,NA,0,3364,NA,NA,NA,31619,503,NA,NA,NA,346826,817,NA,NA,NA,0,74,NA,NA,NA,0,57,NA,NA,NA,34909,101,NA,NA,NA,0,103,NA,NA,NA,1043,62,NA,NA,NA,27,8,NA,NA,NA,0,15,NA,NA,NA,84,9,NA,NA,NA,3254,26,NA,NA,NA,0,12,NA,NA,NA,15,3,NA,NA,NA,9,2,NA,NA,NA,19,1,NA,NA,NA,0,1,NA,NA,NA,0,1,NA,NA,NA,125,1,NA,NA,NA,23,1,NA,NA,NA,39,1,NA,NA,NA,273,2,NA,NA,NA,17,1,NA,NA,NA,9,1,NA,NA,NA,0,9,NA,NA,NA,0,10,NA,NA,NA,0,15,NA,NA,NA,0,19,NA,NA,NA,0,8,NA,NA,NA,0,35,NA,NA,NA,5,1,NA,NA,NA,12,1,NA,NA,NA,0,6,NA,NA,NA,15,2,NA,NA,NA,6,1,NA,NA,NA,581672,962,"Duck Mdw 1","nhw","geo","geo06","Chip"
"414",369,800888,14,"2019-10-07","12:59:41","geoChem-Extra-CoFix",NA,14,"No",NA,NA,"PPM",NA,NA,NA,0,1797,NA,NA,NA,38438,406,NA,NA,NA,425560,704,NA,NA,NA,0,41,NA,NA,NA,0,32,NA,NA,NA,36500,81,NA,NA,NA,0,64,NA,NA,NA,1024,52,NA,NA,NA,30,7,NA,NA,NA,49,10,NA,NA,NA,92,8,NA,NA,NA,2481,19,NA,NA,NA,28,6,NA,NA,NA,0,4,NA,NA,NA,7,2,NA,NA,NA,25,1,NA,NA,NA,0,1,NA,NA,NA,0,1,NA,NA,NA,126,1,NA,NA,NA,23,0,NA,NA,NA,41,1,NA,NA,NA,281,1,NA,NA,NA,12,1,NA,NA,NA,0,2,NA,NA,NA,0,7,NA,NA,NA,0,8,NA,NA,NA,0,12,NA,NA,NA,0,15,NA,NA,NA,11,3,NA,NA,NA,0,28,NA,NA,NA,4,1,NA,NA,NA,9,1,NA,NA,NA,11,2,NA,NA,NA,0,4,NA,NA,NA,4,1,NA,NA,NA,495244,800,"Duck Mdw 2","nhw","geo","geo06","Chip"
"415",369,800888,15,"2019-10-07","13:09:17","geoChem-Extra-CoFix",NA,15,"No",NA,NA,"PPM",NA,NA,NA,0,3453,NA,NA,NA,38116,513,NA,NA,NA,331076,783,NA,NA,NA,0,79,NA,NA,NA,0,59,NA,NA,NA,33496,97,NA,NA,NA,429,27,NA,NA,NA,1183,62,NA,NA,NA,0,11,NA,NA,NA,0,15,NA,NA,NA,123,10,NA,NA,NA,5566,34,NA,NA,NA,0,15,NA,NA,NA,8,3,NA,NA,NA,8,2,NA,NA,NA,29,2,NA,NA,NA,0,1,NA,NA,NA,0,1,NA,NA,NA,123,1,NA,NA,NA,25,1,NA,NA,NA,39,1,NA,NA,NA,265,2,NA,NA,NA,16,1,NA,NA,NA,3,1,NA,NA,NA,0,8,NA,NA,NA,0,10,NA,NA,NA,0,14,NA,NA,NA,0,18,NA,NA,NA,0,8,NA,NA,NA,0,33,NA,NA,NA,5,1,NA,NA,NA,13,1,NA,NA,NA,0,6,NA,NA,NA,17,2,NA,NA,NA,4,1,NA,NA,NA,589454,945,"Duck Mdw 2","nhw","geo","geo07","Chip"
"416",369,800888,16,"2019-10-07","13:12:15","geoChem-Extra-CoFix",NA,16,"No",NA,NA,"PPM",NA,NA,NA,0,2386,NA,NA,NA,34122,444,NA,NA,NA,396321,766,NA,NA,NA,0,52,NA,NA,NA,0,40,NA,NA,NA,35988,91,NA,NA,NA,0,77,NA,NA,NA,751,53,NA,NA,NA,0,10,NA,NA,NA,0,14,NA,NA,NA,105,9,NA,NA,NA,3285,24,NA,NA,NA,0,11,NA,NA,NA,0,4,NA,NA,NA,0,3,NA,NA,NA,31,1,NA,NA,NA,3,1,NA,NA,NA,0,1,NA,NA,NA,125,1,NA,NA,NA,22,1,NA,NA,NA,39,1,NA,NA,NA,268,1,NA,NA,NA,12,1,NA,NA,NA,0,2,NA,NA,NA,0,8,NA,NA,NA,0,9,NA,NA,NA,0,13,NA,NA,NA,0,16,NA,NA,NA,0,7,NA,NA,NA,0,31,NA,NA,NA,4,1,NA,NA,NA,9,1,NA,NA,NA,0,5,NA,NA,NA,13,2,NA,NA,NA,0,3,NA,NA,NA,528903,880,"Duck Mdw 2","nhw","geo","geo07","Chip"
"417",369,800888,17,"2019-10-07","13:19:03","geoChem-Extra-CoFix",NA,17,"No",NA,NA,"PPM",NA,NA,NA,0,2754,NA,NA,NA,85167,582,NA,NA,NA,332732,722,NA,NA,NA,0,67,NA,NA,NA,0,46,NA,NA,NA,24797,73,NA,NA,NA,16912,51,NA,NA,NA,3315,77,NA,NA,NA,148,10,NA,NA,NA,0,17,NA,NA,NA,300,12,NA,NA,NA,18222,65,NA,NA,NA,109,16,NA,NA,NA,21,3,NA,NA,NA,86,3,NA,NA,NA,68,2,NA,NA,NA,0,1,NA,NA,NA,0,1,NA,NA,NA,89,1,NA,NA,NA,556,2,NA,NA,NA,4,1,NA,NA,NA,170,1,NA,NA,NA,4,1,NA,NA,NA,0,2,NA,NA,NA,0,8,NA,NA,NA,0,9,NA,NA,NA,0,13,NA,NA,NA,0,17,NA,NA,NA,0,8,NA,NA,NA,0,32,NA,NA,NA,0,3,NA,NA,NA,16,1,NA,NA,NA,0,6,NA,NA,NA,11,3,NA,NA,NA,0,3,NA,NA,NA,517272,962,"Mdcn Ck01","nhw","geo","geo08","Chip"
"418",369,800888,18,"2019-10-07","13:21:27","geoChem-Extra-CoFix",NA,18,"No",NA,NA,"PPM",NA,NA,NA,0,4172,NA,NA,NA,67183,639,NA,NA,NA,285737,791,NA,NA,NA,0,97,NA,NA,NA,0,69,NA,NA,NA,24372,85,NA,NA,NA,16549,59,NA,NA,NA,3179,85,NA,NA,NA,131,11,NA,NA,NA,0,19,NA,NA,NA,291,13,NA,NA,NA,18390,75,NA,NA,NA,120,18,NA,NA,NA,16,3,NA,NA,NA,89,3,NA,NA,NA,69,2,NA,NA,NA,4,1,NA,NA,NA,0,1,NA,NA,NA,89,1,NA,NA,NA,559,3,NA,NA,NA,7,1,NA,NA,NA,173,2,NA,NA,NA,8,1,NA,NA,NA,10,1,NA,NA,NA,0,9,NA,NA,NA,0,10,NA,NA,NA,0,15,NA,NA,NA,0,19,NA,NA,NA,0,9,NA,NA,NA,0,37,NA,NA,NA,0,4,NA,NA,NA,15,1,NA,NA,NA,0,7,NA,NA,NA,30,3,NA,NA,NA,0,4,NA,NA,NA,582979,1084,"Mdcn Ck01","nhw","geo","geo08","Chip"
"419",369,800888,19,"2019-10-07","13:24:00","geoChem-Extra-CoFix",NA,19,"No",NA,NA,"PPM",NA,NA,NA,0,4730,NA,NA,NA,65346,675,NA,NA,NA,276397,824,NA,NA,NA,0,108,NA,NA,NA,0,79,NA,NA,NA,23890,89,NA,NA,NA,16432,62,NA,NA,NA,3018,88,NA,NA,NA,141,11,NA,NA,NA,0,20,NA,NA,NA,281,14,NA,NA,NA,17801,78,NA,NA,NA,72,18,NA,NA,NA,20,3,NA,NA,NA,78,3,NA,NA,NA,65,2,NA,NA,NA,4,1,NA,NA,NA,0,1,NA,NA,NA,85,1,NA,NA,NA,547,3,NA,NA,NA,7,1,NA,NA,NA,171,2,NA,NA,NA,9,1,NA,NA,NA,15,1,NA,NA,NA,0,10,NA,NA,NA,0,11,NA,NA,NA,0,16,NA,NA,NA,0,21,NA,NA,NA,0,9,NA,NA,NA,0,39,NA,NA,NA,0,4,NA,NA,NA,15,1,NA,NA,NA,0,7,NA,NA,NA,29,3,NA,NA,NA,5,1,NA,NA,NA,595572,1136,"Mdcn Ck02","nhw","geo","geo09","Chip"
"420",369,800888,20,"2019-10-07","13:26:31","geoChem-Extra-CoFix",NA,20,"No",NA,NA,"PPM",NA,NA,NA,0,3767,NA,NA,NA,77322,698,NA,NA,NA,312921,872,NA,NA,NA,0,91,NA,NA,NA,0,64,NA,NA,NA,24631,90,NA,NA,NA,16912,63,NA,NA,NA,3273,94,NA,NA,NA,135,12,NA,NA,NA,0,21,NA,NA,NA,300,14,NA,NA,NA,18223,80,NA,NA,NA,88,19,NA,NA,NA,21,3,NA,NA,NA,85,4,NA,NA,NA,68,2,NA,NA,NA,5,1,NA,NA,NA,0,1,NA,NA,NA,90,1,NA,NA,NA,554,3,NA,NA,NA,6,1,NA,NA,NA,170,2,NA,NA,NA,7,1,NA,NA,NA,6,1,NA,NA,NA,0,10,NA,NA,NA,0,11,NA,NA,NA,0,16,NA,NA,NA,0,21,NA,NA,NA,0,9,NA,NA,NA,0,39,NA,NA,NA,0,4,NA,NA,NA,14,1,NA,NA,NA,0,7,NA,NA,NA,24,3,NA,NA,NA,0,4,NA,NA,NA,545144,1176,"Mdcn Ck02","nhw","geo","geo09","Chip"
"421",369,800888,21,"2019-10-07","13:29:41","geoChem-Extra-CoFix",NA,21,"No",NA,NA,"PPM",NA,NA,NA,0,3585,NA,NA,NA,76907,667,NA,NA,NA,297228,817,NA,NA,NA,313,51,NA,NA,NA,0,62,NA,NA,NA,24297,85,NA,NA,NA,17460,62,NA,NA,NA,4666,99,NA,NA,NA,144,11,NA,NA,NA,0,20,NA,NA,NA,408,15,NA,NA,NA,26164,97,NA,NA,NA,154,22,NA,NA,NA,29,3,NA,NA,NA,57,3,NA,NA,NA,72,2,NA,NA,NA,0,2,NA,NA,NA,0,1,NA,NA,NA,87,1,NA,NA,NA,519,3,NA,NA,NA,10,1,NA,NA,NA,207,2,NA,NA,NA,11,1,NA,NA,NA,4,1,NA,NA,NA,0,9,NA,NA,NA,0,10,NA,NA,NA,0,15,NA,NA,NA,0,19,NA,NA,NA,0,9,NA,NA,NA,0,36,NA,NA,NA,0,4,NA,NA,NA,15,1,NA,NA,NA,0,6,NA,NA,NA,16,3,NA,NA,NA,0,3,NA,NA,NA,551230,1138,"Crscbt Lk","nhw","geo","geo10","Chip"
"422",369,800888,22,"2019-10-07","13:31:46","geoChem-Extra-CoFix",NA,22,"No",NA,NA,"PPM",NA,NA,NA,0,4130,NA,NA,NA,71562,701,NA,NA,NA,287412,863,NA,NA,NA,0,97,NA,NA,NA,0,70,NA,NA,NA,23524,90,NA,NA,NA,17754,67,NA,NA,NA,4677,106,NA,NA,NA,141,12,NA,NA,NA,0,21,NA,NA,NA,445,16,NA,NA,NA,25608,103,NA,NA,NA,183,23,NA,NA,NA,32,4,NA,NA,NA,50,3,NA,NA,NA,75,3,NA,NA,NA,4,1,NA,NA,NA,0,1,NA,NA,NA,85,1,NA,NA,NA,515,3,NA,NA,NA,10,1,NA,NA,NA,206,2,NA,NA,NA,14,1,NA,NA,NA,6,1,NA,NA,NA,0,10,NA,NA,NA,0,11,NA,NA,NA,0,16,NA,NA,NA,0,21,NA,NA,NA,0,9,NA,NA,NA,0,40,NA,NA,NA,0,4,NA,NA,NA,14,1,NA,NA,NA,0,7,NA,NA,NA,24,3,NA,NA,NA,5,2,NA,NA,NA,567654,1206,"Crscbt Lk","nhw","geo","geo10","Chip"
"423",369,800888,23,"2019-10-07","13:33:53","geoChem-Extra-CoFix",NA,23,"No",NA,NA,"PPM",NA,NA,NA,0,2272,NA,NA,NA,100459,619,NA,NA,NA,389560,783,NA,NA,NA,0,57,NA,NA,NA,0,39,NA,NA,NA,25117,76,NA,NA,NA,17141,55,NA,NA,NA,4566,92,NA,NA,NA,132,11,NA,NA,NA,0,17,NA,NA,NA,419,14,NA,NA,NA,25201,82,NA,NA,NA,166,20,NA,NA,NA,27,3,NA,NA,NA,42,3,NA,NA,NA,66,2,NA,NA,NA,3,1,NA,NA,NA,0,1,NA,NA,NA,83,1,NA,NA,NA,511,2,NA,NA,NA,7,1,NA,NA,NA,203,2,NA,NA,NA,9,1,NA,NA,NA,0,2,NA,NA,NA,0,8,NA,NA,NA,0,9,NA,NA,NA,0,13,NA,NA,NA,0,17,NA,NA,NA,0,8,NA,NA,NA,0,34,NA,NA,NA,0,4,NA,NA,NA,13,1,NA,NA,NA,0,6,NA,NA,NA,0,5,NA,NA,NA,0,3,NA,NA,NA,436275,1008,"Crscbt Lk s","nhw","geo","geo10","Chip"
"424",369,800888,24,"2019-10-07","13:38:20","geoChem-Extra-CoFix",NA,24,"No",NA,NA,"PPM",NA,NA,NA,0,3863,NA,NA,NA,84928,772,NA,NA,NA,226103,788,NA,NA,NA,2294,69,NA,NA,NA,0,72,NA,NA,NA,19922,84,NA,NA,NA,46159,148,NA,NA,NA,8743,136,NA,NA,NA,251,15,NA,NA,NA,0,25,NA,NA,NA,1230,26,NA,NA,NA,62592,221,NA,NA,NA,320,37,NA,NA,NA,0,5,NA,NA,NA,24,3,NA,NA,NA,107,3,NA,NA,NA,7,1,NA,NA,NA,0,1,NA,NA,NA,81,1,NA,NA,NA,1362,6,NA,NA,NA,26,1,NA,NA,NA,167,2,NA,NA,NA,15,1,NA,NA,NA,0,2,NA,NA,NA,0,9,NA,NA,NA,0,10,NA,NA,NA,0,15,NA,NA,NA,0,19,NA,NA,NA,0,9,NA,NA,NA,0,38,NA,NA,NA,0,4,NA,NA,NA,17,2,NA,NA,NA,0,7,NA,NA,NA,24,4,NA,NA,NA,0,4,NA,NA,NA,545629,1380,"Criss Ck","nhw","geo","geo11","Chip"
"425",369,800888,25,"2019-10-07","13:44:34","geoChem-Extra-CoFix",NA,25,"No",NA,NA,"PPM",NA,NA,NA,0,4369,NA,NA,NA,80712,809,NA,NA,NA,223596,836,NA,NA,NA,2146,73,NA,NA,NA,0,80,NA,NA,NA,19800,89,NA,NA,NA,46383,159,NA,NA,NA,8471,142,NA,NA,NA,236,15,NA,NA,NA,0,27,NA,NA,NA,1204,27,NA,NA,NA,60179,228,NA,NA,NA,247,38,NA,NA,NA,19,5,NA,NA,NA,22,3,NA,NA,NA,105,4,NA,NA,NA,5,1,NA,NA,NA,0,1,NA,NA,NA,89,1,NA,NA,NA,1350,6,NA,NA,NA,24,1,NA,NA,NA,167,2,NA,NA,NA,14,1,NA,NA,NA,7,2,NA,NA,NA,0,10,NA,NA,NA,0,11,NA,NA,NA,0,16,NA,NA,NA,0,20,NA,NA,NA,0,10,NA,NA,NA,0,43,NA,NA,NA,0,5,NA,NA,NA,18,2,NA,NA,NA,0,7,NA,NA,NA,29,4,NA,NA,NA,0,4,NA,NA,NA,555174,1459,"Criss Ck","nhw","geo","geo11","Chip"
"426",369,800888,26,"2019-10-07","13:49:12","geoChem-Extra-CoFix",NA,26,"No",NA,NA,"PPM",NA,NA,NA,0,5312,NA,NA,NA,77567,834,NA,NA,NA,214223,852,NA,NA,NA,2049,76,NA,NA,NA,0,89,NA,NA,NA,19271,92,NA,NA,NA,47334,171,NA,NA,NA,8376,146,NA,NA,NA,232,16,NA,NA,NA,0,27,NA,NA,NA,1179,27,NA,NA,NA,59523,238,NA,NA,NA,307,39,NA,NA,NA,17,5,NA,NA,NA,18,3,NA,NA,NA,103,4,NA,NA,NA,7,1,NA,NA,NA,0,1,NA,NA,NA,85,2,NA,NA,NA,1354,7,NA,NA,NA,26,1,NA,NA,NA,163,3,NA,NA,NA,15,1,NA,NA,NA,9,2,NA,NA,NA,0,10,NA,NA,NA,0,11,NA,NA,NA,0,17,NA,NA,NA,0,21,NA,NA,NA,0,10,NA,NA,NA,0,41,NA,NA,NA,9,3,NA,NA,NA,14,2,NA,NA,NA,0,8,NA,NA,NA,35,5,NA,NA,NA,0,5,NA,NA,NA,568082,1508,"Criss Ck","nhw","geo","geo11","Chip"
"427",369,800888,27,"2019-10-07","14:17:55","geoChem-Extra-CoFix",NA,27,"No",NA,NA,"PPM",NA,NA,NA,0,5737,NA,NA,NA,60630,801,NA,NA,NA,263303,960,NA,NA,NA,0,129,NA,NA,NA,0,96,NA,NA,NA,30894,128,NA,NA,NA,16728,76,NA,NA,NA,3214,107,NA,NA,NA,146,14,NA,NA,NA,0,24,NA,NA,NA,450,19,NA,NA,NA,20555,103,NA,NA,NA,110,23,NA,NA,NA,16,4,NA,NA,NA,37,3,NA,NA,NA,61,3,NA,NA,NA,4,1,NA,NA,NA,0,1,NA,NA,NA,141,2,NA,NA,NA,398,3,NA,NA,NA,14,1,NA,NA,NA,233,2,NA,NA,NA,16,1,NA,NA,NA,17,2,NA,NA,NA,0,11,NA,NA,NA,0,13,NA,NA,NA,0,19,NA,NA,NA,0,25,NA,NA,NA,0,11,NA,NA,NA,0,47,NA,NA,NA,0,5,NA,NA,NA,15,2,NA,NA,NA,0,8,NA,NA,NA,31,4,NA,NA,NA,6,2,NA,NA,NA,602981,1361,"BlackwaterGEO","nhw","geo","geo12","Chip"
"428",369,800888,28,"2019-10-07","14:22:41","geoChem-Extra-CoFix",NA,28,"No",NA,NA,"PPM",NA,NA,NA,0,3104,NA,NA,NA,85567,678,NA,NA,NA,337905,840,NA,NA,NA,0,76,NA,NA,NA,0,52,NA,NA,NA,32369,101,NA,NA,NA,15554,58,NA,NA,NA,3220,90,NA,NA,NA,152,11,NA,NA,NA,0,20,NA,NA,NA,410,15,NA,NA,NA,19747,79,NA,NA,NA,105,19,NA,NA,NA,12,3,NA,NA,NA,32,3,NA,NA,NA,56,2,NA,NA,NA,4,1,NA,NA,NA,0,1,NA,NA,NA,134,1,NA,NA,NA,374,2,NA,NA,NA,12,1,NA,NA,NA,227,2,NA,NA,NA,7,1,NA,NA,NA,0,2,NA,NA,NA,0,9,NA,NA,NA,0,10,NA,NA,NA,0,15,NA,NA,NA,0,20,NA,NA,NA,0,9,NA,NA,NA,0,39,NA,NA,NA,0,4,NA,NA,NA,15,1,NA,NA,NA,0,7,NA,NA,NA,17,3,NA,NA,NA,0,3,NA,NA,NA,504084,1124,"BlackwaterGEO","nhw","geo","geo12","Chip"
"429",369,800888,29,"2019-10-07","14:25:14","geoChem-Extra-CoFix",NA,29,"No",NA,NA,"PPM",NA,NA,NA,0,4378,NA,NA,NA,70487,756,NA,NA,NA,293537,927,NA,NA,NA,0,106,NA,NA,NA,0,77,NA,NA,NA,31301,117,NA,NA,NA,16100,68,NA,NA,NA,2871,97,NA,NA,NA,114,12,NA,NA,NA,0,22,NA,NA,NA,387,17,NA,NA,NA,19644,91,NA,NA,NA,96,22,NA,NA,NA,0,6,NA,NA,NA,22,3,NA,NA,NA,53,2,NA,NA,NA,0,2,NA,NA,NA,0,1,NA,NA,NA,134,2,NA,NA,NA,377,2,NA,NA,NA,13,1,NA,NA,NA,228,2,NA,NA,NA,13,1,NA,NA,NA,10,1,NA,NA,NA,0,11,NA,NA,NA,0,12,NA,NA,NA,0,18,NA,NA,NA,0,23,NA,NA,NA,0,10,NA,NA,NA,0,44,NA,NA,NA,0,5,NA,NA,NA,17,2,NA,NA,NA,0,8,NA,NA,NA,30,3,NA,NA,NA,6,2,NA,NA,NA,564562,1280,"BlackwaterGEO","nhw","geo","geo12","Chip"
"430",369,800888,30,"2019-10-07","14:30:24","geoChem-Extra-CoFix",NA,30,"No",NA,NA,"PPM",NA,NA,NA,0,9163,NA,NA,NA,48715,885,NA,NA,NA,211334,992,NA,NA,NA,0,201,NA,NA,NA,0,150,NA,NA,NA,20937,115,NA,NA,NA,20301,101,NA,NA,NA,3675,123,NA,NA,NA,130,15,NA,NA,NA,0,27,NA,NA,NA,374,20,NA,NA,NA,24394,136,NA,NA,NA,145,28,NA,NA,NA,32,5,NA,NA,NA,66,4,NA,NA,NA,72,3,NA,NA,NA,4,1,NA,NA,NA,0,1,NA,NA,NA,100,2,NA,NA,NA,471,3,NA,NA,NA,11,1,NA,NA,NA,179,2,NA,NA,NA,11,1,NA,NA,NA,21,2,NA,NA,NA,0,13,NA,NA,NA,0,15,NA,NA,NA,0,22,NA,NA,NA,0,28,NA,NA,NA,0,13,NA,NA,NA,6,2,NA,NA,NA,0,6,NA,NA,NA,15,2,NA,NA,NA,0,9,NA,NA,NA,40,4,NA,NA,NA,0,5,NA,NA,NA,668964,1479,"BVRnode2","nhw","geo","geo13","Chip"
"431",369,800888,31,"2019-10-07","14:34:58","geoChem-Extra-CoFix",NA,31,"No",NA,NA,"PPM",NA,NA,NA,0,12668,NA,NA,NA,30413,769,NA,NA,NA,194448,948,NA,NA,NA,2288,90,NA,NA,NA,807,52,NA,NA,NA,7080,64,NA,NA,NA,3800,39,NA,NA,NA,1382,87,NA,NA,NA,49,11,NA,NA,NA,0,25,NA,NA,NA,1560,31,NA,NA,NA,27459,145,NA,NA,NA,145,28,NA,NA,NA,24,5,NA,NA,NA,16,3,NA,NA,NA,84,3,NA,NA,NA,8,1,NA,NA,NA,0,1,NA,NA,NA,20,1,NA,NA,NA,128,2,NA,NA,NA,34,1,NA,NA,NA,129,2,NA,NA,NA,12,1,NA,NA,NA,16,2,NA,NA,NA,0,12,NA,NA,NA,0,14,NA,NA,NA,0,20,NA,NA,NA,0,26,NA,NA,NA,0,12,NA,NA,NA,0,48,NA,NA,NA,0,5,NA,NA,NA,7,1,NA,NA,NA,0,8,NA,NA,NA,27,4,NA,NA,NA,0,4,NA,NA,NA,730065,1307,"ChocBar01","nhw","geo","geo14","Chip"
"432",369,800888,32,"2019-10-07","14:37:04","geoChem-Extra-CoFix",NA,32,"No",NA,NA,"PPM",NA,NA,NA,0,4480,NA,NA,NA,42682,571,NA,NA,NA,240155,752,NA,NA,NA,24833,144,NA,NA,NA,2854,40,NA,NA,NA,8379,48,NA,NA,NA,12547,50,NA,NA,NA,1596,71,NA,NA,NA,52,9,NA,NA,NA,0,19,NA,NA,NA,973,20,NA,NA,NA,26494,101,NA,NA,NA,124,21,NA,NA,NA,0,5,NA,NA,NA,15,2,NA,NA,NA,105,3,NA,NA,NA,9,1,NA,NA,NA,0,1,NA,NA,NA,21,1,NA,NA,NA,118,1,NA,NA,NA,32,1,NA,NA,NA,124,1,NA,NA,NA,6,1,NA,NA,NA,0,2,NA,NA,NA,0,9,NA,NA,NA,0,10,NA,NA,NA,0,15,NA,NA,NA,0,19,NA,NA,NA,0,9,NA,NA,NA,0,36,NA,NA,NA,0,4,NA,NA,NA,7,1,NA,NA,NA,0,6,NA,NA,NA,0,5,NA,NA,NA,0,3,NA,NA,NA,638873,1062,"ChocBar01","nhw","geo","geo14","Chip"
"433",369,800888,33,"2019-10-07","14:39:00","geoChem-Extra-CoFix",NA,33,"No",NA,NA,"PPM",NA,NA,NA,0,7250,NA,NA,NA,34838,682,NA,NA,NA,287550,1062,NA,NA,NA,0,159,NA,NA,NA,0,128,NA,NA,NA,7495,61,NA,NA,NA,2262,34,NA,NA,NA,1447,85,NA,NA,NA,54,11,NA,NA,NA,0,23,NA,NA,NA,399,18,NA,NA,NA,23503,113,NA,NA,NA,169,25,NA,NA,NA,13,4,NA,NA,NA,16,3,NA,NA,NA,67,3,NA,NA,NA,5,1,NA,NA,NA,0,1,NA,NA,NA,19,1,NA,NA,NA,97,1,NA,NA,NA,28,1,NA,NA,NA,118,2,NA,NA,NA,11,1,NA,NA,NA,14,2,NA,NA,NA,0,11,NA,NA,NA,0,13,NA,NA,NA,0,19,NA,NA,NA,0,24,NA,NA,NA,0,11,NA,NA,NA,0,45,NA,NA,NA,0,5,NA,NA,NA,4,1,NA,NA,NA,0,7,NA,NA,NA,13,3,NA,NA,NA,0,4,NA,NA,NA,641877,1303,"ChocBar02","nhw","geo","geo15","Chip"
"434",369,800888,34,"2019-10-07","14:43:25","geoChem-Extra-CoFix",NA,34,"No",NA,NA,"PPM",NA,NA,NA,0,4438,NA,NA,NA,46795,587,NA,NA,NA,263866,811,NA,NA,NA,334,54,NA,NA,NA,0,77,NA,NA,NA,7539,46,NA,NA,NA,31231,97,NA,NA,NA,2881,85,NA,NA,NA,42,10,NA,NA,NA,40,13,NA,NA,NA,829,19,NA,NA,NA,26206,102,NA,NA,NA,86,22,NA,NA,NA,14,3,NA,NA,NA,16,2,NA,NA,NA,79,3,NA,NA,NA,8,1,NA,NA,NA,0,1,NA,NA,NA,17,1,NA,NA,NA,114,1,NA,NA,NA,35,1,NA,NA,NA,144,1,NA,NA,NA,8,1,NA,NA,NA,0,2,NA,NA,NA,0,9,NA,NA,NA,0,10,NA,NA,NA,0,15,NA,NA,NA,0,20,NA,NA,NA,0,9,NA,NA,NA,0,37,NA,NA,NA,0,4,NA,NA,NA,6,1,NA,NA,NA,0,6,NA,NA,NA,9,3,NA,NA,NA,0,3,NA,NA,NA,619702,1107,"ChocBar02","nhw","geo","geo15","Chip"
"435",369,800888,35,"2019-10-07","14:46:45","geoChem-Extra-CoFix",NA,35,"No",NA,NA,"PPM",NA,NA,NA,0,4533,NA,NA,NA,69640,721,NA,NA,NA,276593,874,NA,NA,NA,0,110,NA,NA,NA,0,76,NA,NA,NA,22265,90,NA,NA,NA,20292,75,NA,NA,NA,3421,98,NA,NA,NA,120,12,NA,NA,NA,66,15,NA,NA,NA,258,14,NA,NA,NA,25281,105,NA,NA,NA,150,23,NA,NA,NA,26,4,NA,NA,NA,53,3,NA,NA,NA,61,2,NA,NA,NA,3,1,NA,NA,NA,0,1,NA,NA,NA,93,1,NA,NA,NA,472,3,NA,NA,NA,11,1,NA,NA,NA,172,2,NA,NA,NA,8,1,NA,NA,NA,6,1,NA,NA,NA,0,10,NA,NA,NA,0,11,NA,NA,NA,0,17,NA,NA,NA,0,21,NA,NA,NA,0,9,NA,NA,NA,0,40,NA,NA,NA,0,4,NA,NA,NA,12,1,NA,NA,NA,0,7,NA,NA,NA,20,3,NA,NA,NA,0,4,NA,NA,NA,580979,1233,"BVR tabular1","nhw","geo","geo16","Chip"
"436",369,800888,36,"2019-10-07","14:49:58","geoChem-Extra-CoFix",NA,36,"No",NA,NA,"PPM",NA,NA,NA,0,8291,NA,NA,NA,51365,875,NA,NA,NA,226411,1015,NA,NA,NA,0,192,NA,NA,NA,0,142,NA,NA,NA,20835,113,NA,NA,NA,19251,95,NA,NA,NA,3216,117,NA,NA,NA,107,14,NA,NA,NA,0,27,NA,NA,NA,213,17,NA,NA,NA,23072,127,NA,NA,NA,97,27,NA,NA,NA,29,5,NA,NA,NA,70,4,NA,NA,NA,64,3,NA,NA,NA,0,2,NA,NA,NA,0,1,NA,NA,NA,89,2,NA,NA,NA,451,3,NA,NA,NA,12,1,NA,NA,NA,167,2,NA,NA,NA,13,1,NA,NA,NA,19,2,NA,NA,NA,0,13,NA,NA,NA,0,15,NA,NA,NA,0,21,NA,NA,NA,0,27,NA,NA,NA,0,12,NA,NA,NA,0,52,NA,NA,NA,0,5,NA,NA,NA,13,2,NA,NA,NA,0,9,NA,NA,NA,38,4,NA,NA,NA,0,5,NA,NA,NA,654471,1476,"BVR tabular1","nhw","geo","geo16","Chip"
"437",369,800888,37,"2019-10-07","14:52:58","geoChem-Extra-CoFix",NA,37,"No",NA,NA,"PPM",NA,NA,NA,0,3791,NA,NA,NA,77910,699,NA,NA,NA,296392,849,NA,NA,NA,0,91,NA,NA,NA,0,65,NA,NA,NA,22908,86,NA,NA,NA,22573,76,NA,NA,NA,3604,95,NA,NA,NA,133,12,NA,NA,NA,42,14,NA,NA,NA,318,15,NA,NA,NA,26091,101,NA,NA,NA,133,23,NA,NA,NA,18,3,NA,NA,NA,62,3,NA,NA,NA,72,3,NA,NA,NA,0,2,NA,NA,NA,0,1,NA,NA,NA,83,1,NA,NA,NA,482,3,NA,NA,NA,10,1,NA,NA,NA,177,2,NA,NA,NA,8,1,NA,NA,NA,5,1,NA,NA,NA,0,9,NA,NA,NA,0,11,NA,NA,NA,0,16,NA,NA,NA,0,20,NA,NA,NA,0,9,NA,NA,NA,0,40,NA,NA,NA,0,4,NA,NA,NA,13,1,NA,NA,NA,0,7,NA,NA,NA,21,3,NA,NA,NA,0,4,NA,NA,NA,548944,1189,"BVR tabular2","nhw","geo","geo17","Chip"
"438",369,800888,38,"2019-10-07","14:55:59","geoChem-Extra-CoFix",NA,38,"No",NA,NA,"PPM",NA,NA,NA,0,6680,NA,NA,NA,59117,817,NA,NA,NA,243691,962,NA,NA,NA,0,153,NA,NA,NA,0,111,NA,NA,NA,21722,105,NA,NA,NA,22290,95,NA,NA,NA,3379,111,NA,NA,NA,129,14,NA,NA,NA,0,26,NA,NA,NA,314,17,NA,NA,NA,25403,125,NA,NA,NA,205,27,NA,NA,NA,24,4,NA,NA,NA,58,4,NA,NA,NA,76,3,NA,NA,NA,4,1,NA,NA,NA,0,1,NA,NA,NA,105,2,NA,NA,NA,485,3,NA,NA,NA,13,1,NA,NA,NA,183,2,NA,NA,NA,13,1,NA,NA,NA,15,2,NA,NA,NA,0,12,NA,NA,NA,0,13,NA,NA,NA,0,20,NA,NA,NA,0,25,NA,NA,NA,0,11,NA,NA,NA,0,48,NA,NA,NA,0,5,NA,NA,NA,13,2,NA,NA,NA,0,8,NA,NA,NA,35,4,NA,NA,NA,0,4,NA,NA,NA,622727,1400,"BVR tabular2","nhw","geo","geo17","Chip"
"462",369,800888,1,"2019-10-08","13:01:52","geoChem-Extra-CoFix",NA,1,"No",NA,NA,"PPM",NA,NA,NA,0,3229,NA,NA,NA,84690,735,NA,NA,NA,330410,863,NA,NA,NA,0,76,NA,NA,NA,0,53,NA,NA,NA,32116,104,NA,NA,NA,16076,60,NA,NA,NA,3207,91,NA,NA,NA,129,11,NA,NA,NA,0,20,NA,NA,NA,383,15,NA,NA,NA,19435,80,NA,NA,NA,134,20,NA,NA,NA,0,5,NA,NA,NA,28,3,NA,NA,NA,56,2,NA,NA,NA,4,1,NA,NA,NA,0,1,NA,NA,NA,131,1,NA,NA,NA,373,2,NA,NA,NA,13,1,NA,NA,NA,227,2,NA,NA,NA,10,1,NA,NA,NA,0,2,NA,NA,NA,0,9,NA,NA,NA,0,11,NA,NA,NA,0,16,NA,NA,NA,0,20,NA,NA,NA,0,9,NA,NA,NA,0,38,NA,NA,NA,0,4,NA,NA,NA,13,1,NA,NA,NA,0,7,NA,NA,NA,18,3,NA,NA,NA,0,4,NA,NA,NA,512547,1157,"blackwater ref","nhw","geo","geo99","Chip"
"463",369,800888,2,"2019-10-08","13:03:50","geoChem-Extra-CoFix",NA,2,"No",NA,NA,"PPM",NA,NA,NA,0,8793,NA,NA,NA,53266,991,NA,NA,NA,234848,1078,NA,NA,NA,0,179,NA,NA,NA,0,140,NA,NA,NA,28704,146,NA,NA,NA,16060,88,NA,NA,NA,3099,122,NA,NA,NA,119,15,NA,NA,NA,0,29,NA,NA,NA,392,21,NA,NA,NA,18342,112,NA,NA,NA,113,25,NA,NA,NA,26,5,NA,NA,NA,36,4,NA,NA,NA,55,3,NA,NA,NA,0,2,NA,NA,NA,0,1,NA,NA,NA,127,2,NA,NA,NA,377,3,NA,NA,NA,16,1,NA,NA,NA,226,3,NA,NA,NA,18,1,NA,NA,NA,24,2,NA,NA,NA,0,13,NA,NA,NA,0,15,NA,NA,NA,0,23,NA,NA,NA,0,29,NA,NA,NA,0,13,NA,NA,NA,0,55,NA,NA,NA,0,6,NA,NA,NA,17,2,NA,NA,NA,0,10,NA,NA,NA,47,4,NA,NA,NA,8,2,NA,NA,NA,644080,1560,"blackwater ref","nhw","geo","geo99","Chip"
"556",369,800888,13,"2019-10-10","16:31:16","geoChem-Extra-CoFix",NA,13,"No",NA,NA,"PPM",NA,NA,NA,0,3770,NA,NA,NA,75659,710,NA,NA,NA,303298,847,NA,NA,NA,0,88,NA,NA,NA,0,61,NA,NA,NA,29554,100,NA,NA,NA,15778,60,NA,NA,NA,3063,90,NA,NA,NA,126,11,NA,NA,NA,0,20,NA,NA,NA,426,16,NA,NA,NA,18268,78,NA,NA,NA,70,19,NA,NA,NA,17,3,NA,NA,NA,51,3,NA,NA,NA,62,2,NA,NA,NA,0,2,NA,NA,NA,0,1,NA,NA,NA,123,1,NA,NA,NA,432,2,NA,NA,NA,9,1,NA,NA,NA,197,2,NA,NA,NA,11,1,NA,NA,NA,0,2,NA,NA,NA,0,9,NA,NA,NA,0,11,NA,NA,NA,0,16,NA,NA,NA,0,20,NA,NA,NA,0,9,NA,NA,NA,0,40,NA,NA,NA,0,4,NA,NA,NA,17,1,NA,NA,NA,0,7,NA,NA,NA,18,3,NA,NA,NA,5,1,NA,NA,NA,552816,1156,"BVR cobble","nhw","geo","geo18","Chip"
"557",369,800888,14,"2019-10-10","16:33:07","geoChem-Extra-CoFix",NA,14,"No",NA,NA,"PPM",NA,NA,NA,0,4261,NA,NA,NA,69599,742,NA,NA,NA,289843,884,NA,NA,NA,0,99,NA,NA,NA,0,72,NA,NA,NA,30428,110,NA,NA,NA,15319,63,NA,NA,NA,2945,94,NA,NA,NA,147,12,NA,NA,NA,0,22,NA,NA,NA,362,16,NA,NA,NA,17060,80,NA,NA,NA,156,20,NA,NA,NA,14,3,NA,NA,NA,49,3,NA,NA,NA,61,2,NA,NA,NA,5,1,NA,NA,NA,0,1,NA,NA,NA,121,1,NA,NA,NA,430,3,NA,NA,NA,10,1,NA,NA,NA,198,2,NA,NA,NA,10,1,NA,NA,NA,8,1,NA,NA,NA,0,10,NA,NA,NA,0,11,NA,NA,NA,0,17,NA,NA,NA,0,22,NA,NA,NA,0,10,NA,NA,NA,0,41,NA,NA,NA,0,5,NA,NA,NA,16,1,NA,NA,NA,0,7,NA,NA,NA,28,3,NA,NA,NA,5,2,NA,NA,NA,573185,1215,"BVR cobble","nhw","geo","geo18","Chip"
"558",369,800888,15,"2019-10-10","16:36:19","geoChem-Extra-CoFix",NA,15,"No",NA,NA,"PPM",NA,NA,NA,0,4417,NA,NA,NA,66671,735,NA,NA,NA,280373,870,NA,NA,NA,0,100,NA,NA,NA,0,74,NA,NA,NA,30563,110,NA,NA,NA,15614,64,NA,NA,NA,2956,93,NA,NA,NA,145,12,NA,NA,NA,0,21,NA,NA,NA,367,16,NA,NA,NA,17471,81,NA,NA,NA,121,19,NA,NA,NA,14,3,NA,NA,NA,43,3,NA,NA,NA,67,2,NA,NA,NA,4,1,NA,NA,NA,0,1,NA,NA,NA,123,1,NA,NA,NA,438,3,NA,NA,NA,10,1,NA,NA,NA,196,2,NA,NA,NA,13,1,NA,NA,NA,8,1,NA,NA,NA,0,10,NA,NA,NA,0,11,NA,NA,NA,0,17,NA,NA,NA,0,21,NA,NA,NA,0,10,NA,NA,NA,0,42,NA,NA,NA,0,4,NA,NA,NA,18,1,NA,NA,NA,0,7,NA,NA,NA,31,3,NA,NA,NA,7,2,NA,NA,NA,584748,1205,"BVR cobble","nhw","geo","geo19","Chip"
"559",369,800888,16,"2019-10-10","16:39:31","geoChem-Extra-CoFix",NA,16,"No",NA,NA,"PPM",NA,NA,NA,0,3431,NA,NA,NA,77683,700,NA,NA,NA,312999,842,NA,NA,NA,0,80,NA,NA,NA,0,57,NA,NA,NA,32220,105,NA,NA,NA,15435,59,NA,NA,NA,3037,89,NA,NA,NA,142,11,NA,NA,NA,0,20,NA,NA,NA,281,14,NA,NA,NA,15692,70,NA,NA,NA,83,17,NA,NA,NA,0,5,NA,NA,NA,39,3,NA,NA,NA,55,2,NA,NA,NA,0,2,NA,NA,NA,0,1,NA,NA,NA,124,1,NA,NA,NA,433,2,NA,NA,NA,8,1,NA,NA,NA,194,2,NA,NA,NA,8,1,NA,NA,NA,4,1,NA,NA,NA,0,9,NA,NA,NA,0,11,NA,NA,NA,0,16,NA,NA,NA,0,20,NA,NA,NA,0,9,NA,NA,NA,0,39,NA,NA,NA,0,4,NA,NA,NA,16,1,NA,NA,NA,0,7,NA,NA,NA,23,3,NA,NA,NA,0,4,NA,NA,NA,541524,1138,"BVR cobble","nhw","geo","geo19","Chip"
"560",369,800888,17,"2019-10-10","16:41:45","geoChem-Extra-CoFix",NA,17,"No",NA,NA,"PPM",NA,NA,NA,0,4478,NA,NA,NA,82990,792,NA,NA,NA,260898,868,NA,NA,NA,404,63,NA,NA,NA,0,74,NA,NA,NA,19658,84,NA,NA,NA,34123,114,NA,NA,NA,4622,110,NA,NA,NA,113,12,NA,NA,NA,50,15,NA,NA,NA,1113,25,NA,NA,NA,42238,159,NA,NA,NA,203,31,NA,NA,NA,33,4,NA,NA,NA,37,3,NA,NA,NA,74,3,NA,NA,NA,6,1,NA,NA,NA,0,1,NA,NA,NA,82,1,NA,NA,NA,572,3,NA,NA,NA,19,1,NA,NA,NA,133,2,NA,NA,NA,10,1,NA,NA,NA,7,2,NA,NA,NA,0,10,NA,NA,NA,0,11,NA,NA,NA,0,16,NA,NA,NA,0,21,NA,NA,NA,0,9,NA,NA,NA,0,40,NA,NA,NA,0,4,NA,NA,NA,13,2,NA,NA,NA,0,7,NA,NA,NA,18,4,NA,NA,NA,0,4,NA,NA,NA,552582,1336,"20181119nod01","nhw","geo","geo20","Chip"
"561",369,800888,18,"2019-10-10","16:43:55","geoChem-Extra-CoFix",NA,18,"No",NA,NA,"PPM",NA,NA,NA,0,6145,NA,NA,NA,74066,893,NA,NA,NA,240132,967,NA,NA,NA,0,150,NA,NA,NA,0,104,NA,NA,NA,18816,96,NA,NA,NA,32520,129,NA,NA,NA,4338,122,NA,NA,NA,112,14,NA,NA,NA,62,18,NA,NA,NA,1040,27,NA,NA,NA,39773,177,NA,NA,NA,262,34,NA,NA,NA,35,5,NA,NA,NA,44,4,NA,NA,NA,69,3,NA,NA,NA,6,1,NA,NA,NA,0,1,NA,NA,NA,81,1,NA,NA,NA,570,4,NA,NA,NA,17,1,NA,NA,NA,128,2,NA,NA,NA,10,1,NA,NA,NA,12,2,NA,NA,NA,0,11,NA,NA,NA,0,13,NA,NA,NA,0,19,NA,NA,NA,0,25,NA,NA,NA,0,11,NA,NA,NA,0,48,NA,NA,NA,0,5,NA,NA,NA,13,2,NA,NA,NA,0,8,NA,NA,NA,27,4,NA,NA,NA,0,4,NA,NA,NA,587867,1510,"20181119nod01","nhw","geo","geo20","Chip"
"562",369,800888,19,"2019-10-10","16:46:10","geoChem-Extra-CoFix",NA,19,"No",NA,NA,"PPM",NA,NA,NA,0,4282,NA,NA,NA,69155,734,NA,NA,NA,289440,880,NA,NA,NA,0,101,NA,NA,NA,0,73,NA,NA,NA,28754,105,NA,NA,NA,16225,65,NA,NA,NA,2906,93,NA,NA,NA,148,12,NA,NA,NA,0,21,NA,NA,NA,220,13,NA,NA,NA,13805,70,NA,NA,NA,79,17,NA,NA,NA,13,3,NA,NA,NA,47,3,NA,NA,NA,50,2,NA,NA,NA,3,1,NA,NA,NA,0,1,NA,NA,NA,118,1,NA,NA,NA,422,2,NA,NA,NA,9,1,NA,NA,NA,194,2,NA,NA,NA,10,1,NA,NA,NA,7,1,NA,NA,NA,0,10,NA,NA,NA,0,11,NA,NA,NA,0,17,NA,NA,NA,0,22,NA,NA,NA,0,10,NA,NA,NA,0,41,NA,NA,NA,0,4,NA,NA,NA,14,1,NA,NA,NA,0,7,NA,NA,NA,20,3,NA,NA,NA,5,1,NA,NA,NA,578355,1200,"bvr cobble lg","nhw","geo","geo21","Chip"
"563",369,800888,20,"2019-10-10","16:48:55","geoChem-Extra-CoFix",NA,20,"No",NA,NA,"PPM",NA,NA,NA,0,6585,NA,NA,NA,54970,832,NA,NA,NA,250805,976,NA,NA,NA,0,142,NA,NA,NA,0,112,NA,NA,NA,29258,129,NA,NA,NA,15184,74,NA,NA,NA,2806,106,NA,NA,NA,128,14,NA,NA,NA,0,25,NA,NA,NA,395,18,NA,NA,NA,17527,96,NA,NA,NA,141,22,NA,NA,NA,20,4,NA,NA,NA,52,4,NA,NA,NA,61,3,NA,NA,NA,0,2,NA,NA,NA,0,1,NA,NA,NA,125,2,NA,NA,NA,431,3,NA,NA,NA,12,1,NA,NA,NA,204,2,NA,NA,NA,19,1,NA,NA,NA,17,2,NA,NA,NA,0,12,NA,NA,NA,0,14,NA,NA,NA,0,20,NA,NA,NA,0,25,NA,NA,NA,0,11,NA,NA,NA,0,47,NA,NA,NA,0,5,NA,NA,NA,20,2,NA,NA,NA,0,9,NA,NA,NA,39,4,NA,NA,NA,0,5,NA,NA,NA,627783,1377,"bvr cobble lg","nhw","geo","geo21","Chip"
